doc_id,date,published_year,published_month,source,fraud_tags,fraud_signals,title,body_1,body_short,url,body_length
0313b7fc218821,2026-04-23,2026,4,FBI - National,"[""other""]","{""urls"": [], ""domains"": [], ""emails"": [], ""phones"": [], ""ip_addresses"": [], ""crypto_wallets"": []}",Alaskans Report Record-Breaking Financial Losses from Cyber-Enabled Crimes,The FBI’s Internet Crime Complaint Center (IC3) released its 2025 Internet Crime Report and accompanying state reports.,The FBI’s Internet Crime Complaint Center (IC3) released its 2025 Internet Crime Report and accompanying state reports.,https://www.fbi.gov/contact-us/field-offices/anchorage/news/alaskans-report-record-breaking-financial-losses-from-cyber-enabled-crimes,119
778bedf17717ff,2026-04-23,2026,4,FBI - National,"[""other""]","{""urls"": [], ""domains"": [], ""emails"": [], ""phones"": [], ""ip_addresses"": [], ""crypto_wallets"": []}",FBI Norfolk to Host Virtual Information Session for Victim Specialist Position,"FBI Norfolk will host a virtual information session for the Victim Specialist position on Wednesday, May 27, 2026, at 11 a.m.","FBI Norfolk will host a virtual information session for the Victim Specialist position on Wednesday, May 27, 2026, at 11 a.m.",https://www.fbi.gov/contact-us/field-offices/norfolk/news/fbi-norfolk-to-host-virtual-information-session-for-victim-specialist-position,125
67a4fe109732b9,2026-04-22,2026,4,FBI - National,"[""other""]","{""urls"": [], ""domains"": [], ""emails"": [], ""phones"": [], ""ip_addresses"": [], ""crypto_wallets"": []}","Open Letter to Parents, Guardians, and Caregivers","Over the course of the last few years, the FBI has observed a concerning increase in activity by online actors involved in predatory activity. These predators target children across the United States, including in Wisconsin.","Over the course of the last few years, the FBI has observed a concerning increase in activity by online actors involved in predatory activity. These predators target children across the United States, including in Wisconsin.",https://www.fbi.gov/contact-us/field-offices/milwaukee/news/open-letter-to-parents-guardians-and-caregivers,224
1b2bd2174ca254,2026-04-22,2026,4,FBI - National,"[""other""]","{""urls"": [], ""domains"": [], ""emails"": [], ""phones"": [], ""ip_addresses"": [], ""crypto_wallets"": []}",Justice Department Seeks to Forfeit Beverly Hills Mansion Purchased with Proceeds of Scheme to Defraud U.S. Military and Bribe an Iraqi Official,The Justice Department filed a civil forfeiture complaint in U.S. District Court seeking the forfeiture of a mansion located in Beverly Hills.,The Justice Department filed a civil forfeiture complaint in U.S. District Court seeking the forfeiture of a mansion located in Beverly Hills.,https://www.fbi.gov/contact-us/field-offices/washingtondc/news/justice-department-seeks-to-forfeit-beverly-hills-mansion-purchased-with-proceeds-of-scheme-to-defraud-us-military-and-bribe-an-iraqi-official,142
7cc6a863b523e1,2026-04-22,2026,4,FBI - National,"[""other""]","{""urls"": [], ""domains"": [], ""emails"": [], ""phones"": [], ""ip_addresses"": [], ""crypto_wallets"": []}",Texas Woman Sentenced for Fentanyl Distribution in Southern New Mexico,"Mayra Mendivil, 37, of Texas has been sentenced for her role in a drug trafficking organization that distributed fentanyl into southern New Mexico.","Mayra Mendivil, 37, of Texas has been sentenced for her role in a drug trafficking organization that distributed fentanyl into southern New Mexico.",https://www.fbi.gov/contact-us/field-offices/albuquerque/news/texas-woman-sentenced-for-fentanyl-distribution-in-southern-new-mexico,147
b55d068f0118cf,2026-04-22,2026,4,FBI - National,"[""other""]","{""urls"": [], ""domains"": [], ""emails"": [], ""phones"": [], ""ip_addresses"": [], ""crypto_wallets"": []}",Operation Spring Cleaning: Over 40 Arrests in Coordinated Multi-Agency Crackdown on Violent Crimes in North Alabama,"On April 15 and 16, 2026, more than 50 federal, state, and local law enforcement officers collaborated to arrest 40 individuals involved in violent crimes.","On April 15 and 16, 2026, more than 50 federal, state, and local law enforcement officers collaborated to arrest 40 individuals involved in violent crimes.",https://www.fbi.gov/contact-us/field-offices/birmingham/news/operation-spring-cleaning-over-40-arrests-in-coordinated-multi-agency-crackdown-on-violent-crimes-in-north-alabama,155
49df1ffa4ff96f,2026-04-22,2026,4,FBI - National,"[""other""]","{""urls"": [], ""domains"": [], ""emails"": [], ""phones"": [], ""ip_addresses"": [], ""crypto_wallets"": []}","Columbia, Missouri Doctor Arrested, Accused of Health Care Fraud, Illegally Prescribing Drugs","A medical doctor and owner of an urgent care clinic in Columbia, Missouri, was arrested on an indictment that accuses him of defrauding Medicare and Medicaid.","A medical doctor and owner of an urgent care clinic in Columbia, Missouri, was arrested on an indictment that accuses him of defrauding Medicare and Medicaid.",https://www.fbi.gov/contact-us/field-offices/stlouis/news/columbia-missouri-doctor-arrested-accused-of-health-care-fraud-illegally-prescribing-drugs,158
bd4d16539c3a77,2026-04-21,2026,4,FBI - National,"[""other""]","{""urls"": [], ""domains"": [], ""emails"": [], ""phones"": [], ""ip_addresses"": [], ""crypto_wallets"": []}","Federal Grand Jury Charges Southern Poverty Law Center for Wire Fraud, False Statements, and Conspiracy to Commit Money Laundering","A grand jury in Montgomery, Alabama, returned an indictment charging the Southern Poverty Law Center with 11 counts of wire fraud, false statements to a federally insured bank, and conspiracy to commit concealment money laundering.","A grand jury in Montgomery, Alabama, returned an indictment charging the Southern Poverty Law Center with 11 counts of wire fraud, false statements to a federally insured bank, and conspiracy to commit concealment money laundering.",https://www.fbi.gov/news/press-releases/federal-grand-jury-charges-southern-poverty-law-center-for-wire-fraud-false-statements-and-conspiracy-to-commit-money-laundering,231
c84390a1f8a50b,2026-04-21,2026,4,FBI - National,"[""other""]","{""urls"": [], ""domains"": [], ""emails"": [], ""phones"": [], ""ip_addresses"": [], ""crypto_wallets"": []}",Orleans Parish Man Sentenced for Being a Felon in Possession of a Firearm and Ammunition,"Daniel Hankton, age 34, was sentenced after previously pleading guilty to being a felon in possession of a firearm and ammunition.","Daniel Hankton, age 34, was sentenced after previously pleading guilty to being a felon in possession of a firearm and ammunition.",https://www.fbi.gov/contact-us/field-offices/neworleans/news/orleans-parish-man-sentenced-for-being-a-felon-in-possession-of-a-firearm-and-ammunition,130
6b7f2ab077d919,2026-04-21,2026,4,FBI - National,"[""other""]","{""urls"": [], ""domains"": [], ""emails"": [], ""phones"": [], ""ip_addresses"": [], ""crypto_wallets"": []}",Leader of Chicago Street Gang Sentenced to Life in Prison for Participating in Racketeering Conspiracy Involving Multiple Murders,A leader of the Four Corner Hustlers street gang in Chicago has been sentenced to life in federal prison for participating in a criminal organization that terrorized the West Side of Chicago.,A leader of the Four Corner Hustlers street gang in Chicago has been sentenced to life in federal prison for participating in a criminal organization that terrorized the West Side of Chicago.,https://www.fbi.gov/contact-us/field-offices/chicago/news/leader-of-chicago-street-gang-sentenced-to-life-in-prison-for-participating-in-racketeering-conspiracy-involving-multiple-murders,191
db7377c7208a3f,2026-04-21,2026,4,FBI - National,"[""other""]","{""urls"": [], ""domains"": [], ""emails"": [], ""phones"": [], ""ip_addresses"": [], ""crypto_wallets"": []}",Convicted Sex Offender Receives Multiple Life Sentences in Prison,"A convicted sex offender, Graham Daniel Ash, will serve life in prison for the sexual exploitation and sexual abuse of numerous children across the U.S.","A convicted sex offender, Graham Daniel Ash, will serve life in prison for the sexual exploitation and sexual abuse of numerous children across the U.S.",https://www.fbi.gov/contact-us/field-offices/birmingham/news/convicted-sex-offender-receives-multiple-life-sentences-in-prison,152
42f472338a8795,2026-04-21,2026,4,FBI - National,"[""other""]","{""urls"": [], ""domains"": [], ""emails"": [], ""phones"": [], ""ip_addresses"": [], ""crypto_wallets"": []}","Former State Labor Department Employee Charged with Accepting Bribes to Approve More Than $500,000 in Fraudulent Unemployment Compensation Claims","A resident of Erie, Pennsylvania, has been indicted by a federal grand jury in Erie on charges of wire fraud and theft of government property.","A resident of Erie, Pennsylvania, has been indicted by a federal grand jury in Erie on charges of wire fraud and theft of government property.",https://www.fbi.gov/contact-us/field-offices/pittsburgh/news/former-state-labor-department-employee-charged-with-accepting-bribes-to-approve-more-than-500000-in-fraudulent-unemployment-compensation-claims,142
f9595b78c01ac3,2026-04-21,2026,4,FBI - National,"[""other""]","{""urls"": [], ""domains"": [], ""emails"": [], ""phones"": [], ""ip_addresses"": [], ""crypto_wallets"": []}",Federal Jury Convicts Man of Kidnapping After He Abducted and Sexually Assaulted Gwinnett County Woman,"On April 16, 2026, following a four-day trial, a federal jury convicted Alfredo Capote of kidnapping.","On April 16, 2026, following a four-day trial, a federal jury convicted Alfredo Capote of kidnapping.",https://www.fbi.gov/contact-us/field-offices/atlanta/news/federal-jury-convicts-man-of-kidnapping-after-he-abducted-and-sexually-assaulted-gwinnett-county-woman,101
e8b658d1cb5802,2026-04-21,2026,4,FBI - National,"[""other""]","{""urls"": [], ""domains"": [], ""emails"": [], ""phones"": [], ""ip_addresses"": [], ""crypto_wallets"": []}",Buffalo Man Pleads Guilty to COVID Fraud,"Jamar Jackson, 43, of Buffalo, New York, pleaded guilty to conspiracy to commit wire fraud, which carries a maximum penalty of 20 years in prison, and a fine of $250,000.","Jamar Jackson, 43, of Buffalo, New York, pleaded guilty to conspiracy to commit wire fraud, which carries a maximum penalty of 20 years in prison, and a fine of $250,000.",https://www.fbi.gov/contact-us/field-offices/buffalo/news/buffalo-man-pleads-guilty-to-covid-fraud,170
742f703ee1bc7e,2026-04-21,2026,4,FBI - National,"[""other""]","{""urls"": [], ""domains"": [], ""emails"": [], ""phones"": [], ""ip_addresses"": [], ""crypto_wallets"": []}",Albuquerque Man Charged with Aiming Laser at Bernalillo County Sheriff’s Office Helicopter,An Albuquerque man is facing federal charges after allegedly aiming the beam of a laser pointer at a Bernalillo County Sheriff’s Office helicopter.,An Albuquerque man is facing federal charges after allegedly aiming the beam of a laser pointer at a Bernalillo County Sheriff’s Office helicopter.,https://www.fbi.gov/contact-us/field-offices/albuquerque/news/albuquerque-man-charged-with-aiming-laser-at-bernalillo-county-sheriffs-office-helicopter,147
c2ee131ecd9c9a,2026-04-21,2026,4,FBI - National,"[""other""]","{""urls"": [], ""domains"": [], ""emails"": [], ""phones"": [], ""ip_addresses"": [], ""crypto_wallets"": []}",Hialeah Man Pleads Guilty to Possessing 100 Kilograms of Marijuana and Five Firearms for Drug Trafficking,Jose Ruben Curet Villa of Hialeah has pleaded guilty to drug trafficking and firearm offenses.,Jose Ruben Curet Villa of Hialeah has pleaded guilty to drug trafficking and firearm offenses.,https://www.fbi.gov/contact-us/field-offices/jacksonville/news/hialeah-man-pleads-guilty-to-possessing-100-kilograms-of-marijuana-and-five-firearms-for-drug-trafficking,94
b5a5e5e8046627,2026-04-21,2026,4,FBI - National,"[""other""]","{""urls"": [], ""domains"": [], ""emails"": [], ""phones"": [], ""ip_addresses"": [], ""crypto_wallets"": []}",Georgia Man Indicted for Attempted Enticement of a Minor,"Edward Blake Langford, of Winder, Georgia, has been indicted in federal court for attempted enticement of a minor.","Edward Blake Langford, of Winder, Georgia, has been indicted in federal court for attempted enticement of a minor.",https://www.fbi.gov/contact-us/field-offices/jacksonville/news/georgia-man-indicted-for-attempted-enticement-of-a-minor,114
b46fae45437752,2026-04-21,2026,4,FBI - National,"[""other""]","{""urls"": [], ""domains"": [], ""emails"": [], ""phones"": [], ""ip_addresses"": [], ""crypto_wallets"": []}",FBI Laboratory Statement on Ames II Technical Report,The FBI stands by the content of both the Ames II Technical Report and its three derivative scientific papers.,The FBI stands by the content of both the Ames II Technical Report and its three derivative scientific papers.,https://www.fbi.gov/news/press-releases/fbi-laboratory-statement-on-ames-ii-technical-report,110
e067ea804da82d,2026-04-21,2026,4,FBI - National,"[""other""]","{""urls"": [], ""domains"": [], ""emails"": [], ""phones"": [], ""ip_addresses"": [], ""crypto_wallets"": []}","FBI Chicago Announces Reward of Up to $50,000 for Information Leading to Arrest and Conviction of Joseph “Troubles” Matos","Douglas S. DePodesta, special agent in charge of the Chicago Division of the Federal Bureau of Investigation (FBI), announced a reward of up to $50,000 for information leading to the arrest and conviction of Joseph “Troubles” Matos.","Douglas S. DePodesta, special agent in charge of the Chicago Division of the Federal Bureau of Investigation (FBI), announced a reward of up to $50,000 for information leading to the arrest and conviction of Joseph “Troubles” Matos.",https://www.fbi.gov/contact-us/field-offices/chicago/news/fbi-chicago-announces-reward-of-up-to-50000-for-information-leading-to-arrest-and-conviction-of-joseph-troubles-matos,232
aef40141250424,2026-04-21,2026,4,FBI - National,"[""other""]","{""urls"": [], ""domains"": [], ""emails"": [], ""phones"": [], ""ip_addresses"": [], ""crypto_wallets"": []}",Tampa Man Indicted for Interstate Communication of Threats to Injure,Alexander Justin McAfee has been charged by indictment with two counts of interstate communication of a threat to injure.,Alexander Justin McAfee has been charged by indictment with two counts of interstate communication of a threat to injure.,https://www.fbi.gov/contact-us/field-offices/tampa/news/tampa-man-indicted-for-interstate-communication-of-threats-to-injure,121
c84275eaa59e99,2026-04-21,2026,4,FBI - National,"[""other""]","{""urls"": [], ""domains"": [], ""emails"": [], ""phones"": [], ""ip_addresses"": [], ""crypto_wallets"": []}",MS-13 Members Sentenced to Decades in Federal Prison for Brutal Murders Committed at Direction of Gang Leaders in El Salvador,Eight illegal aliens and members of the transnational criminal organization known as MS-13 have been sentenced for participating in a racketeering conspiracy.,Eight illegal aliens and members of the transnational criminal organization known as MS-13 have been sentenced for participating in a racketeering conspiracy.,https://www.fbi.gov/contact-us/field-offices/houston/news/ms-13-members-sentenced-to-decades-in-federal-prison-for-brutal-murders-committed-at-direction-of-gang-leaders-in-el-salvador,158
45a4f47c8f9685,2026-04-21,2026,4,FBI - National,"[""other""]","{""urls"": [], ""domains"": [], ""emails"": [], ""phones"": [], ""ip_addresses"": [], ""crypto_wallets"": []}",Missouri Man Sentenced to Six Years and Three Months in Prison for Narcotics Conspiracy in Prison Discovered Following the Death of USP Atwater Staff,"Jermen Rudd III, 39, of Wentzville, Missouri, has been sentenced to six years and three months in prison for conspiracy to distribute narcotics.","Jermen Rudd III, 39, of Wentzville, Missouri, has been sentenced to six years and three months in prison for conspiracy to distribute narcotics.",https://www.fbi.gov/contact-us/field-offices/sacramento/news/missouri-man-sentenced-to-6-years-and-3-months-in-prison-for-narcotics-conspiracy-in-prison-discovered-following-the-death-of-usp-atwater-staff,144
e64d97ee9d9f16,2026-04-21,2026,4,FBI - National,"[""other""]","{""urls"": [], ""domains"": [], ""emails"": [], ""phones"": [], ""ip_addresses"": [], ""crypto_wallets"": []}",Federal Jury Convicts Porcupine Man of Five Charges of Abusive Sexual Contact,"A federal jury has convicted Gary Pourier, age 59, of Porcupine, South Dakota, of five charges of abusive sexual contact.","A federal jury has convicted Gary Pourier, age 59, of Porcupine, South Dakota, of five charges of abusive sexual contact.",https://www.fbi.gov/contact-us/field-offices/minneapolis/news/federal-jury-convicts-porcupine-man-of-five-charges-of-abusive-sexual-contact,121
4537cf4ad50a28,2026-04-21,2026,4,FBI - National,"[""other""]","{""urls"": [], ""domains"": [], ""emails"": [], ""phones"": [], ""ip_addresses"": [], ""crypto_wallets"": []}",Eagle Butte Man Found Guilty of Aggravated Sexual Abuse of a Child,"A jury has convicted Shane Bruguier, age 47, of Eagle Butte, South Dakota, of one count of aggravated sexual abuse of a child.","A jury has convicted Shane Bruguier, age 47, of Eagle Butte, South Dakota, of one count of aggravated sexual abuse of a child.",https://www.fbi.gov/contact-us/field-offices/minneapolis/news/eagle-butte-man-found-guilty-of-aggravated-sexual-abuse-of-a-child,126
38d9b1a5bb7a88,2026-04-20,2026,4,FBI - National,"[""other""]","{""urls"": [], ""domains"": [], ""emails"": [], ""phones"": [], ""ip_addresses"": [], ""crypto_wallets"": []}",Hard Money Lender Pleads Guilty to Defrauding Investors in Two Cases Involving Bitwise Industries and Voyager Pacific Capital Management Totaling $45 Million in Losses,"David Hardcastle, 61, of Fresno, pleaded guilty to conspiracy to commit wire fraud in two separate cases that resulted in a combined loss of approximately $45 million.","David Hardcastle, 61, of Fresno, pleaded guilty to conspiracy to commit wire fraud in two separate cases that resulted in a combined loss of approximately $45 million.",https://www.fbi.gov/contact-us/field-offices/sacramento/news/hard-money-lender-pleads-guilty-to-defrauding-investors-in-two-cases-involving-bitwise-industries-and-voyager-pacific-capital-management-totaling-45-million-in-losses,167
dc1edf7b95a3bb,2026-04-20,2026,4,FBI - National,"[""other""]","{""urls"": [], ""domains"": [], ""emails"": [], ""phones"": [], ""ip_addresses"": [], ""crypto_wallets"": []}",Former Fresno Art Council Manager Pleads Guilty to Embezzling $1.8 Million of Publicly Designated Funds,"Suliana Caldwell, 46, of Fresno, pleaded guilty to wire fraud involving over $1.8 million in funds stolen from the Fresno Art Council.","Suliana Caldwell, 46, of Fresno, pleaded guilty to wire fraud involving over $1.8 million in funds stolen from the Fresno Art Council.",https://www.fbi.gov/contact-us/field-offices/sacramento/news/former-fresno-art-council-manager-pleads-guilty-to-embezzling-18-million-of-publicly-designated-funds,134
20bd03d128e47d,2026-04-20,2026,4,FBI - National,"[""other""]","{""urls"": [], ""domains"": [], ""emails"": [], ""phones"": [], ""ip_addresses"": [], ""crypto_wallets"": []}",Fentanyl and Methamphetamine Dealers Sentenced,Three people have been sentenced to federal prison for selling fentanyl and methamphetamine in the Eastern Panhandle of West Virginia.,Three people have been sentenced to federal prison for selling fentanyl and methamphetamine in the Eastern Panhandle of West Virginia.,https://www.fbi.gov/contact-us/field-offices/pittsburgh/news/fentanyl-and-methamphetamine-dealers-sentenced,134
6002f7d94ca934,2026-04-20,2026,4,FBI - National,"[""identity_fraud""]","{""urls"": [], ""domains"": [], ""emails"": [], ""phones"": [], ""ip_addresses"": [], ""crypto_wallets"": []}","Jefferson Parish Resident Sentenced to 70 Months' Imprisonment for Fraud and Identity Theft Totaling Over $350,000","Jelissa Lacour, age 37, a resident of Jefferson Parish, was sentenced for two counts of wire fraud and two counts of aggravated identity theft.","Jelissa Lacour, age 37, a resident of Jefferson Parish, was sentenced for two counts of wire fraud and two counts of aggravated identity theft.",https://www.fbi.gov/contact-us/field-offices/neworleans/news/jefferson-parish-resident-sentenced-to-70-months-imprisonment-for-fraud-and-identity-theft-totaling-over-350000,143
4d07bd2858f0bd,2026-04-20,2026,4,FBI - National,"[""other""]","{""urls"": [], ""domains"": [], ""emails"": [], ""phones"": [], ""ip_addresses"": [], ""crypto_wallets"": []}",New Orleans Man Guilty of Drug Trafficking and Possession of Gun in Furtherance of Drug Trafficking,Jadi’Kiss J’Had Williams pleaded guilty to possession with intent to distribute controlled substance and possession of a firearm in furtherance of a drug trafficking crime.,Jadi’Kiss J’Had Williams pleaded guilty to possession with intent to distribute controlled substance and possession of a firearm in furtherance of a drug trafficking crime.,https://www.fbi.gov/contact-us/field-offices/neworleans/news/new-orleans-man-guilty-of-drug-trafficking-and-possession-of-gun-in-furtherance-of-drug-trafficking,172
ee13fcc4126ed0,2026-04-20,2026,4,FBI - National,"[""other""]","{""urls"": [], ""domains"": [], ""emails"": [], ""phones"": [], ""ip_addresses"": [], ""crypto_wallets"": []}",Iranian National Living in San Fernando Valley Arrested on Federal Complaint Charging Her with Selling Weapons for Iran’s Government,An Iranian national residing in the San Fernando Valley has been arrested on a federal criminal complaint charging her with selling Iranian-made weapons to Sudan.,An Iranian national residing in the San Fernando Valley has been arrested on a federal criminal complaint charging her with selling Iranian-made weapons to Sudan.,https://www.fbi.gov/contact-us/field-offices/losangeles/news/iranian-national-living-in-san-fernando-valley-arrested-on-federal-complaint-charging-her-with-selling-weapons-for-irans-government,162
528a0494822ae4,2026-04-20,2026,4,FBI - National,"[""other""]","{""urls"": [], ""domains"": [], ""emails"": [], ""phones"": [], ""ip_addresses"": [], ""crypto_wallets"": []}","Canyon Country Man Pleads Guilty to Federal Charges, Including Facilitating Crime Tourism Group That Burgled Its Way Through U.S.","A Santa Clarita Valley man pleaded guilty to federal criminal charges, including facilitating a crime tourism group of South Americans and other individuals who committed burglaries and other crimes throughout the U.S.","A Santa Clarita Valley man pleaded guilty to federal criminal charges, including facilitating a crime tourism group of South Americans and other individuals who committed burglaries and other crimes throughout the U.S.",https://www.fbi.gov/contact-us/field-offices/losangeles/news/canyon-country-man-pleads-guilty-to-federal-charges-including-facilitating-crime-tourism-group-that-burgled-its-way-through-us,218
1385ca1e5935c3,2026-04-20,2026,4,FBI - National,"[""other""]","{""urls"": [], ""domains"": [], ""emails"": [], ""phones"": [], ""ip_addresses"": [], ""crypto_wallets"": []}",Former CFO of Chicago-Area Company’s Subsidiary Convicted of Embezzlement,A federal jury in Chicago has convicted the former CFO of a Chicago-area company’s subsidiary on fraud charges for embezzling more than $1 million.,A federal jury in Chicago has convicted the former CFO of a Chicago-area company’s subsidiary on fraud charges for embezzling more than $1 million.,https://www.fbi.gov/contact-us/field-offices/chicago/news/former-cfo-of-chicago-area-companys-subsidiary-convicted-of-embezzlement,147
298965120b82fa,2026-04-20,2026,4,FBI - National,"[""other""]","{""urls"": [], ""domains"": [], ""emails"": [], ""phones"": [], ""ip_addresses"": [], ""crypto_wallets"": []}",Chandler Man Sentenced to Life in Prison for First-Degree Murder,Francisco Juan Acevedo was sentenced to two consecutive life sentences plus additional prison time related to the shooting of three victims.,Francisco Juan Acevedo was sentenced to two consecutive life sentences plus additional prison time related to the shooting of three victims.,https://www.fbi.gov/contact-us/field-offices/phoenix/news/chandler-man-sentenced-to-life-in-prison-for-first-degree-murder,140
1da45395d2572b,2026-04-20,2026,4,FBI - National,"[""other""]","{""urls"": [], ""domains"": [], ""emails"": [], ""phones"": [], ""ip_addresses"": [], ""crypto_wallets"": []}",Former Pharmacy President Sentenced to 24 Months in Prison for Health Care Fraud and Kickback Scheme Involving Compounded Medications,"Adam Brosius, 61, of Delray Beach, Florida, was sentenced to 24 months in prison for his role in a $33 million health care fraud scheme.","Adam Brosius, 61, of Delray Beach, Florida, was sentenced to 24 months in prison for his role in a $33 million health care fraud scheme.",https://www.fbi.gov/contact-us/field-offices/newark/news/former-pharmacy-president-sentenced-to-24-months-in-prison-for-health-care-fraud-and-kickback-scheme-involving-compounded-medications,136
caea62c08a2672,2026-04-20,2026,4,FBI - National,"[""other""]","{""urls"": [], ""domains"": [], ""emails"": [], ""phones"": [], ""ip_addresses"": [], ""crypto_wallets"": []}",Former Soldier Convicted of Physically and Sexually Assaulting Minors While Serving Abroad,"Following a four-day trial, a federal jury convicted an Atlanta man, Adam Schlueter, of sexually and physically abusing two minors while he was stationed overseas with the U.S. Army.","Following a four-day trial, a federal jury convicted an Atlanta man, Adam Schlueter, of sexually and physically abusing two minors while he was stationed overseas with the U.S. Army.",https://www.fbi.gov/contact-us/field-offices/atlanta/news/former-soldier-convicted-of-physically-and-sexually-assaulting-minors-while-serving-abroad,182
ec92e379855d1a,2026-04-20,2026,4,FBI - National,"[""other""]","{""urls"": [], ""domains"": [], ""emails"": [], ""phones"": [], ""ip_addresses"": [], ""crypto_wallets"": []}","Operation Sweet Silence Ends Zohannon Gang, Seizes Guns and Drugs in Columbus",Federal authorities and law enforcement announced the sweeping takedown of the Zohannon Gang and its associates in Columbus.,Federal authorities and law enforcement announced the sweeping takedown of the Zohannon Gang and its associates in Columbus.,https://www.fbi.gov/contact-us/field-offices/atlanta/news/op-sweet-silence-ends-zohannon-gang-seizes-guns-and-drugs-in-columbus,124
783163e241b346,2026-04-20,2026,4,FBI - National,"[""other""]","{""urls"": [], ""domains"": [], ""emails"": [], ""phones"": [], ""ip_addresses"": [], ""crypto_wallets"": []}",Prior Felon Arrested on Gun Charge,"Earl Stone of Buffalo, New York, has been charged by criminal complaint with being a felon in possession of a firearm, which carries a maximum penalty of 15 years in prison.","Earl Stone of Buffalo, New York, has been charged by criminal complaint with being a felon in possession of a firearm, which carries a maximum penalty of 15 years in prison.",https://www.fbi.gov/contact-us/field-offices/buffalo/news/prior-felon-arrested-on-gun-charge,173
ebbf0cb389cde8,2026-04-20,2026,4,FBI - National,"[""cybercrime""]","{""urls"": [], ""domains"": [], ""emails"": [], ""phones"": [], ""ip_addresses"": [], ""crypto_wallets"": []}",Florida Man Working as a Ransomware Negotiator Pleads Guilty to Conspiracy to Deploy Ransomware and Extort U.S. Victims,"A Florida man, formerly employed as a ransomware negotiator, pleaded guilty to conspiring to commit ransomware attacks against U.S. companies in 2023.","A Florida man, formerly employed as a ransomware negotiator, pleaded guilty to conspiring to commit ransomware attacks against U.S. companies in 2023.",https://www.fbi.gov/contact-us/field-offices/miami/news/florida-man-working-as-a-ransomware-negotiator-pleads-guilty-to-conspiracy-to-deploy-ransomware-and-extort-us-victims,150
662c19b464566c,2026-04-20,2026,4,FBI - National,"[""other""]","{""urls"": [], ""domains"": [], ""emails"": [], ""phones"": [], ""ip_addresses"": [], ""crypto_wallets"": []}",FBI Jacksonville Warns Public to Beware of Scammers Impersonating FBI Special Agents in North Florida,"The FBI Jacksonville Field Office is warning the public about schemes in which scammers impersonate law enforcement or government officials, including FBI special agents, in attempts to extort money or steal personally identifiable information.","The FBI Jacksonville Field Office is warning the public about schemes in which scammers impersonate law enforcement or government officials, including FBI special agents, in attempts to extort money or steal personally identifiable information.",https://www.fbi.gov/contact-us/field-offices/jacksonville/news/fbi-jacksonville-warns-public-to-beware-of-scammers-impersonating-fbi-special-agents-in-north-florida,244
d5d5249fbc6aae,2026-04-20,2026,4,FBI - National,"[""other""]","{""urls"": [], ""domains"": [], ""emails"": [], ""phones"": [], ""ip_addresses"": [], ""crypto_wallets"": []}",Orlando Man Sentenced to Over Three Years in Federal Prison for Opening and Operating Bank Accounts in International Fraud Scheme,Joseph Elegele Jr. has been sentenced to 3 years and 10 months in prison for conspiracy to commit money laundering.,Joseph Elegele Jr. has been sentenced to 3 years and 10 months in prison for conspiracy to commit money laundering.,https://www.fbi.gov/contact-us/field-offices/tampa/news/orlando-man-sentenced-to-over-three-years-in-federal-prison-for-opening-and-operating-bank-accounts-in-international-fraud-scheme,115
4107a17a06f2f8,2026-04-20,2026,4,FBI - National,"[""other""]","{""urls"": [], ""domains"": [], ""emails"": [], ""phones"": [], ""ip_addresses"": [], ""crypto_wallets"": []}",New Yorker Sentenced for Supplying Kilogram Quantities of Cocaine to D.C.-Area Distribution Ring,Daryl Smith-Winfree was sentenced to 96 months in prison for his role in a large-scale narcotics distribution conspiracy.,Daryl Smith-Winfree was sentenced to 96 months in prison for his role in a large-scale narcotics distribution conspiracy.,https://www.fbi.gov/contact-us/field-offices/washingtondc/news/new-yorker-sentenced-for-supplying-kilogram-quantities-of-cocaine-to-dc--area-distribution-ring,121
fafef5096f5094,2026-04-20,2026,4,FBI - National,"[""other""]","{""urls"": [], ""domains"": [], ""emails"": [], ""phones"": [], ""ip_addresses"": [], ""crypto_wallets"": []}",Two Wilmington Men Arrested for Conspiring to Distribute Four Kilograms of Cocaine,"Two Wilmington residents were arrested on April 14, 2026, for conspiring to distribute approximately four kilograms of cocaine.","Two Wilmington residents were arrested on April 14, 2026, for conspiring to distribute approximately four kilograms of cocaine.",https://www.fbi.gov/contact-us/field-offices/baltimore/news/two-wilmington-men-arrested-for-conspiring-to-distribute-four-kilograms-of-cocaine,127
3c535dc48b573c,2026-04-20,2026,4,FBI - National,"[""other""]","{""urls"": [], ""domains"": [], ""emails"": [], ""phones"": [], ""ip_addresses"": [], ""crypto_wallets"": []}",Wilmington Man Indicted After Machinegun and Manifesto Are Found,"A federal jury returned an indictment charging a Wilmington, Delaware, man for unlawfully possessing a Glock 19 equipped with a machinegun conversion device.","A federal jury returned an indictment charging a Wilmington, Delaware, man for unlawfully possessing a Glock 19 equipped with a machinegun conversion device.",https://www.fbi.gov/contact-us/field-offices/baltimore/news/wilmington-man-indicted-after-machinegun-and-manifesto-are-found,157
987c5e4e6ff653,2026-04-17,2026,4,FBI - National,"[""other""]","{""urls"": [], ""domains"": [], ""emails"": [], ""phones"": [], ""ip_addresses"": [], ""crypto_wallets"": []}",Kauai Man Sentenced to Federal Prison and Ordered to Repay $1.4 Million for Stealing From Federal COVID-19 Relief Program,"Ethan Page, 52, of Kekaha, Hawaii, was sentenced to 14 months in prison following his guilty plea for making a false statement to the Small Business Administration.","Ethan Page, 52, of Kekaha, Hawaii, was sentenced to 14 months in prison following his guilty plea for making a false statement to the Small Business Administration.",https://www.fbi.gov/contact-us/field-offices/honolulu/news/kauai-man-sentenced-to-federal-prison-and-ordered-to-repay-14-million-for-stealing-from-federal-covid-19-relief-program,164
1fc6bb713f85fb,2026-04-17,2026,4,FBI - National,"[""other""]","{""urls"": [], ""domains"": [], ""emails"": [], ""phones"": [], ""ip_addresses"": [], ""crypto_wallets"": []}",Lexington Man Arrested and Federally Charged with Threatening to Assault and Murder President Trump and Law Enforcement Officers,"Kadrioan Serainity Santiago, 23, was charged with interstate threatening communication.","Kadrioan Serainity Santiago, 23, was charged with interstate threatening communication.",https://www.fbi.gov/contact-us/field-offices/louisville/news/lexington-man-arrested-and-federally-charged-with-threatening-to-assault-and-murder-president-trump-and-law-enforcement-officers,87
09446e49230957,2026-04-17,2026,4,FBI - National,"[""other""]","{""urls"": [], ""domains"": [], ""emails"": [], ""phones"": [], ""ip_addresses"": [], ""crypto_wallets"": []}",Tripoli Man Pleads Guilty to Child Pornography Crimes,A man who received and possessed child pornography pleaded guilty in federal court in Cedar Rapids.,A man who received and possessed child pornography pleaded guilty in federal court in Cedar Rapids.,https://www.fbi.gov/contact-us/field-offices/omaha/news/tripoli-man-pleads-guilty-to-child-pornography-crimes,99
6ba30fe0207d28,2026-04-17,2026,4,FBI - National,"[""cybercrime"", ""crypto_fraud""]","{""urls"": [], ""domains"": [], ""emails"": [], ""phones"": [], ""ip_addresses"": [], ""crypto_wallets"": []}",British National Pleads Guilty to Hacking Into Companies and Stealing at Least $8 Million in Virtual Currency,A United Kingdom man pleaded guilty to conspiring with others to hack into the computer systems of at least a dozen companies via text message phishing attacks.,A United Kingdom man pleaded guilty to conspiring with others to hack into the computer systems of at least a dozen companies via text message phishing attacks.,https://www.fbi.gov/contact-us/field-offices/losangeles/news/british-national-pleads-guilty-to-hacking-into-companies-and-stealing-at-least-8-million-in-virtual-currency,160
2c02e81d47030a,2026-04-17,2026,4,FBI - National,"[""terrorist_financing""]","{""urls"": [], ""domains"": [], ""emails"": [], ""phones"": [], ""ip_addresses"": [], ""crypto_wallets"": []}",Chicago Man Sentenced to 25 Years in Prison for Conspiring to Provide Material Support to Foreign Terrorist Organization,"Ashraf Al Safoo, a leader of Khattab Media Foundation, has been sentenced to 25 years in federal prison for conspiring to provide material support to the Islamic State of Iraq and al-Sham (ISIS).","Ashraf Al Safoo, a leader of Khattab Media Foundation, has been sentenced to 25 years in federal prison for conspiring to provide material support to the Islamic State of Iraq and al-Sham (ISIS).",https://www.fbi.gov/contact-us/field-offices/chicago/news/chicago-man-sentenced-to-25-years-in-prison-for-conspiring-to-provide-material-support-to-foreign-terrorist-organization,195
45c14e5e5f8467,2026-04-17,2026,4,FBI - National,"[""other""]","{""urls"": [], ""domains"": [], ""emails"": [], ""phones"": [], ""ip_addresses"": [], ""crypto_wallets"": []}",District of Arizona Charges 240 Individuals for Immigration-Related Criminal Conduct This Week,"During the week of enforcement operations from April 11 through April 17, 2026, the U.S. Attorney’s Office brought immigration-related criminal charges against 240 individuals.","During the week of enforcement operations from April 11 through April 17, 2026, the U.S. Attorney’s Office brought immigration-related criminal charges against 240 individuals.",https://www.fbi.gov/contact-us/field-offices/phoenix/news/district-of-arizona-charges-240-individuals-for-immigration-related-criminal-conduct-this-week,176
d30fd659639178,2026-04-17,2026,4,FBI - National,"[""other""]","{""urls"": [], ""domains"": [], ""emails"": [], ""phones"": [], ""ip_addresses"": [], ""crypto_wallets"": []}","Repeat Offender Sentenced to 15 Years for Drug Trafficking, Firearms Crimes",An Anchorage man was sentenced to 15 years in prison for committing drug trafficking and firearms crimes while on pretrial release in multiple state cases.,An Anchorage man was sentenced to 15 years in prison for committing drug trafficking and firearms crimes while on pretrial release in multiple state cases.,https://www.fbi.gov/contact-us/field-offices/anchorage/news/repeat-offender-sentenced-to-15-years-for-drug-trafficking-firearms-crimes,155
4da2c669c2f412,2026-04-17,2026,4,FBI - National,"[""other""]","{""urls"": [], ""domains"": [], ""emails"": [], ""phones"": [], ""ip_addresses"": [], ""crypto_wallets"": []}",Etowah County Man Indicted for Possession of Child Pornography,"An Etowah County, Alabama, man has been indicted on child exploitation charges.","An Etowah County, Alabama, man has been indicted on child exploitation charges.",https://www.fbi.gov/contact-us/field-offices/birmingham/news/etowah-county-man-indicted-for-possession-of-child-pornography,79
f23fca88baafbb,2026-04-17,2026,4,FBI - National,"[""other""]","{""urls"": [], ""domains"": [], ""emails"": [], ""phones"": [], ""ip_addresses"": [], ""crypto_wallets"": []}",Three Accused of More Than $2 Million Fraud Targeting Cruise Line,Three people have been accused of defrauding a cruise ship company out of more than $2 million.,Three people have been accused of defrauding a cruise ship company out of more than $2 million.,https://www.fbi.gov/contact-us/field-offices/stlouis/news/three-accused-of-more-than-2-million-fraud-targeting-cruise-line,95
4c73cd1a7a4935,2026-04-17,2026,4,FBI - National,"[""other""]","{""urls"": [], ""domains"": [], ""emails"": [], ""phones"": [], ""ip_addresses"": [], ""crypto_wallets"": []}",Irwin Resident Pleads Guilty to Distributing and Possessing Child Sexual Abuse Material,"Kyle Patrick Ryan, 37, a resident of Irwin, Pennsylvania, pleaded guilty to charges of distribution and possession of material depicting the sexual exploitation of a minor.","Kyle Patrick Ryan, 37, a resident of Irwin, Pennsylvania, pleaded guilty to charges of distribution and possession of material depicting the sexual exploitation of a minor.",https://www.fbi.gov/contact-us/field-offices/pittsburgh/news/irwin-resident-pleads-guilty-to-distributing-and-possessing-child-sexual-abuse-material,172
b42e4a80469908,2026-04-17,2026,4,FBI - National,"[""other""]","{""urls"": [], ""domains"": [], ""emails"": [], ""phones"": [], ""ip_addresses"": [], ""crypto_wallets"": []}",Six St. Louis Area Residents Accused of $8.3 Million Pandemic Fraud,Six St. Louis area residents have been accused of being involved in an $8.3 million pandemic fraud.,Six St. Louis area residents have been accused of being involved in an $8.3 million pandemic fraud.,https://www.fbi.gov/contact-us/field-offices/stlouis/news/six-st-louis-area-residents-accused-of-83-million-pandemic-fraud,99
d8f3574ac26dec,2026-04-17,2026,4,FBI - National,"[""other""]","{""urls"": [], ""domains"": [], ""emails"": [], ""phones"": [], ""ip_addresses"": [], ""crypto_wallets"": []}",New Jersey Pharmacy Owner Sentenced to 24 Months in Prison for Health Care Fraud Scheme,"Nestor E. Jaime, a former New Jersey pharmacy owner, has been sentenced to 24 months in prison for his role in a health care fraud scheme to defraud Medicare.","Nestor E. Jaime, a former New Jersey pharmacy owner, has been sentenced to 24 months in prison for his role in a health care fraud scheme to defraud Medicare.",https://www.fbi.gov/contact-us/field-offices/newark/news/new-jersey-pharmacy-owner-sentenced-to-24-months-in-prison-for-health-care-fraud-scheme,158
100ae0c85f9ecb,2026-04-17,2026,4,FBI - National,"[""other""]","{""urls"": [], ""domains"": [], ""emails"": [], ""phones"": [], ""ip_addresses"": [], ""crypto_wallets"": []}",Mercer County Man Sentenced to 260 Months for Fentanyl and Cocaine Trafficking and Firearms Offenses,A Mercer County man was sentenced to 260 months in prison for possessing quantities of fentanyl and cocaine with intent to distribute it.,A Mercer County man was sentenced to 260 months in prison for possessing quantities of fentanyl and cocaine with intent to distribute it.,https://www.fbi.gov/contact-us/field-offices/newark/news/mercer-county-man-sentenced-to-260-months-for-fentanyl-and-cocaine-trafficking-and-firearms-offenses,137
58035d78852691,2026-04-17,2026,4,FBI - National,"[""other""]","{""urls"": [], ""domains"": [], ""emails"": [], ""phones"": [], ""ip_addresses"": [], ""crypto_wallets"": []}","FBI Offers $25,000 Reward for Austin Jan Sy Yatco, Fugitive Wanted for Multiple Crimes Against Children","FBI Dallas announced a reward of up to $25,000 for information leading to the arrest and conviction of Austin Jan Sy Yatco","FBI Dallas announced a reward of up to $25,000 for information leading to the arrest and conviction of Austin Jan Sy Yatco",https://www.fbi.gov/contact-us/field-offices/dallas/news/fbi-offers-25000-reward-for-austin-jan-sy-yatco-for-crimes-against-children,122
3ee763078cd9ff,2026-04-17,2026,4,FBI - National,"[""other""]","{""urls"": [], ""domains"": [], ""emails"": [], ""phones"": [], ""ip_addresses"": [], ""crypto_wallets"": []}",Jury Convicts Houston Man Who Distributed Methamphetamine and Firearms From Motel,A 34-year-old self-proclaimed Crips street gang member has been convicted of drug trafficking and firearm offenses.,A 34-year-old self-proclaimed Crips street gang member has been convicted of drug trafficking and firearm offenses.,https://www.fbi.gov/contact-us/field-offices/houston/news/jury-convicts-houston-man-who-distributed-meth-and-firearms-from-motel,115
a10a9794e7e47e,2026-04-17,2026,4,FBI - National,"[""other""]","{""urls"": [], ""domains"": [], ""emails"": [], ""phones"": [], ""ip_addresses"": [], ""crypto_wallets"": []}",Registered Sex Offender and Mexican National Sentenced to 24 Months' Imprisonment for Assault of Federal Law Enforcement Officers,Victor Lara-Lopez of Pasco has been sentenced to 24 months in prison for assaulting two federal law enforcement officers.,Victor Lara-Lopez of Pasco has been sentenced to 24 months in prison for assaulting two federal law enforcement officers.,https://www.fbi.gov/contact-us/field-offices/seattle/news/registered-sex-offender-and-mexican-national-sentenced-to-24-months-imprisonment-for-assault-of-federal-law-enforcement-officers,121
554515c28880f7,2026-04-17,2026,4,FBI - National,"[""other""]","{""urls"": [], ""domains"": [], ""emails"": [], ""phones"": [], ""ip_addresses"": [], ""crypto_wallets"": []}",Putnam County Man Found Guilty of Aggravated Sexual Abuse of a Child Abroad,"After four days of trial, a federal jury convicted Dustin Stover Bowles, 42, of Hurricane, for aggravated sexual abuse of a child under the age of 12.","After four days of trial, a federal jury convicted Dustin Stover Bowles, 42, of Hurricane, for aggravated sexual abuse of a child under the age of 12.",https://www.fbi.gov/contact-us/field-offices/pittsburgh/news/putnam-county-man-found-guilty-of-aggravated-sexual-abuse-of-a-child-abroad,150
0a2bbb3ccff217,2026-04-17,2026,4,FBI - National,"[""other""]","{""urls"": [], ""domains"": [], ""emails"": [], ""phones"": [], ""ip_addresses"": [], ""crypto_wallets"": []}",District Man Sentenced to 135 Months in Prison for Transportation of Child Pornography,"Dontrey Bell, of the District of Columbia, was sentenced in U.S. District Court to 135 months in prison in connection with child pornography.","Dontrey Bell, of the District of Columbia, was sentenced in U.S. District Court to 135 months in prison in connection with child pornography.",https://www.fbi.gov/contact-us/field-offices/washingtondc/news/district-man-sentenced-to-135-months-in-transportation-of-child-pornography,141
c6f989b091f711,2026-04-17,2026,4,FBI - National,"[""other""]","{""urls"": [], ""domains"": [], ""emails"": [], ""phones"": [], ""ip_addresses"": [], ""crypto_wallets"": []}",Two Bridgeport Men Charged with Robbing Jewelry Store in Clinton,"Kelijah Richardson and Anival Rivera, both of Bridgeport, have been charged by indictment with robbing a jewelry store in Clinton earlier this year.","Kelijah Richardson and Anival Rivera, both of Bridgeport, have been charged by indictment with robbing a jewelry store in Clinton earlier this year.",https://www.fbi.gov/contact-us/field-offices/newhaven/news/two-bridgeport-men-charged-with-robbing-jewelry-store-in-clinton,148
7da8963a546170,2026-04-17,2026,4,FBI - National,"[""other""]","{""urls"": [], ""domains"": [], ""emails"": [], ""phones"": [], ""ip_addresses"": [], ""crypto_wallets"": []}",High-Level Guatemalan Cocaine Trafficker Sentenced to 10 Years,"Jorge Campos-Oliva, an extradited Guatemalan national, was sentenced to 10 years in federal prison on charges of international cocaine distribution conspiracy.","Jorge Campos-Oliva, an extradited Guatemalan national, was sentenced to 10 years in federal prison on charges of international cocaine distribution conspiracy.",https://www.fbi.gov/contact-us/field-offices/sandiego/news/high-level-guatemalan-cocaine-trafficker-sentenced-to-10-years,159
f8c03fd39d6d49,2026-04-17,2026,4,FBI - National,"[""other""]","{""urls"": [], ""domains"": [], ""emails"": [], ""phones"": [], ""ip_addresses"": [], ""crypto_wallets"": []}",U.S. Attorney’s Office Filed 143 Border-Related Cases This Week,"Federal prosecutors in the Southern District of California filed 143 border-related cases this week, including charges of bringing in aliens for financial gain.","Federal prosecutors in the Southern District of California filed 143 border-related cases this week, including charges of bringing in aliens for financial gain.",https://www.fbi.gov/contact-us/field-offices/sandiego/news/us-attorneys-office-filed-143-border-related-cases-this-week,160
835118fc8dbd3d,2026-04-16,2026,4,FBI - National,"[""other""]","{""urls"": [], ""domains"": [], ""emails"": [], ""phones"": [], ""ip_addresses"": [], ""crypto_wallets"": []}",Alien Drug Trafficker from Colombia Sentenced to Five Years’ Imprisonment,An illegal alien from Colombia was sentenced to 60 months’ imprisonment after he possessed and intended to distribute fentanyl in the District of Utah.,An illegal alien from Colombia was sentenced to 60 months’ imprisonment after he possessed and intended to distribute fentanyl in the District of Utah.,https://www.fbi.gov/contact-us/field-offices/saltlakecity/news/alien-drug-trafficker-from-colombia-sentenced-to-five-years-imprisonment,151
98661ca94c6b7f,2026-04-16,2026,4,FBI - National,"[""other""]","{""urls"": [], ""domains"": [], ""emails"": [], ""phones"": [], ""ip_addresses"": [], ""crypto_wallets"": []}",Jury Convicts Minnesota Man of Illegally Possessing Machine Gun,A federal jury in the District of Minnesota convicted a Minnesota man of possessing a machine gun.,A federal jury in the District of Minnesota convicted a Minnesota man of possessing a machine gun.,https://www.fbi.gov/contact-us/field-offices/minneapolis/news/jury-convicts-minnesota-man-of-illegally-possessing-machine-gun,98
06b8e664d4b395,2026-04-16,2026,4,FBI - National,"[""other""]","{""urls"": [], ""domains"": [], ""emails"": [], ""phones"": [], ""ip_addresses"": [], ""crypto_wallets"": []}",Sioux Falls Woman Sentenced to 10 Years in Federal Prison for Conspiring to Distribute Methamphetamine,"A Sioux Falls, South Dakota, woman has been convicted of conspiracy to distribute a controlled substance.","A Sioux Falls, South Dakota, woman has been convicted of conspiracy to distribute a controlled substance.",https://www.fbi.gov/contact-us/field-offices/minneapolis/news/sioux-falls-woman-sentenced-to-10-years-in-federal-prison-for-conspiring-to-distribute-methamphetamine,105
a1823647a6ecd7,2026-04-16,2026,4,FBI - National,"[""other""]","{""urls"": [], ""domains"": [], ""emails"": [], ""phones"": [], ""ip_addresses"": [], ""crypto_wallets"": []}",Egyptian National Sentenced for Federal Firearms Offense,An Egyptian national has been sentenced to 18 months in prison for illegally possessing a firearm after pointing a handgun at a victim at a Las Cruces gas station.,An Egyptian national has been sentenced to 18 months in prison for illegally possessing a firearm after pointing a handgun at a victim at a Las Cruces gas station.,https://www.fbi.gov/contact-us/field-offices/albuquerque/news/egyptian-national-sentenced-for-federal-firearms-offense,163
219c28d91fc361,2026-04-16,2026,4,FBI - National,"[""other""]","{""urls"": [], ""domains"": [], ""emails"": [], ""phones"": [], ""ip_addresses"": [], ""crypto_wallets"": []}",Morgan Lake Man Pleads Guilty to Assaulting a Police Officer,A Morgan Lake man pleaded guilty to striking and injuring a Navajo Nation Police officer with his car.,A Morgan Lake man pleaded guilty to striking and injuring a Navajo Nation Police officer with his car.,https://www.fbi.gov/contact-us/field-offices/albuquerque/news/morgan-lake-man-pleads-guilty-to-assaulting-a-police-officer,102
718c1ce965ed70,2026-04-16,2026,4,FBI - National,"[""other""]","{""urls"": [], ""domains"": [], ""emails"": [], ""phones"": [], ""ip_addresses"": [], ""crypto_wallets"": []}","Florida Man Arrested After Traveling to Arizona to Pick up $600,000 in Gold From Victim in Phantom Hacker Scheme","Gary Christopher, of Port Saint Lucie, Florida, was arrested on April 10, and charged by criminal complaint with conspiring to launder money.","Gary Christopher, of Port Saint Lucie, Florida, was arrested on April 10, and charged by criminal complaint with conspiring to launder money.",https://www.fbi.gov/contact-us/field-offices/phoenix/news/florida-man-arrested-after-traveling-to-arizona-to-pick-up-600000-in-gold-from-victim-in-phantom-hacker-scheme,141
8fb650ddd0f85a,2026-04-16,2026,4,FBI - National,"[""other""]","{""urls"": [], ""domains"": [], ""emails"": [], ""phones"": [], ""ip_addresses"": [], ""crypto_wallets"": []}",U.S. Attorney Charges Rockland County Man with Sexual Exploitation of a Child,Alber Rodrigez was charged with sexual exploitation of a minor.,Alber Rodrigez was charged with sexual exploitation of a minor.,https://www.fbi.gov/contact-us/field-offices/newyork/news/us-attorney-charges-rockland-county-man-with-sexual-exploitation-of-a-child,63
84f426c15b6bdb,2026-04-16,2026,4,FBI - National,"[""crypto_fraud""]","{""urls"": [], ""domains"": [], ""emails"": [], ""phones"": [], ""ip_addresses"": [], ""crypto_wallets"": []}",Texas Man Who Orchestrated $20 Million Cryptocurrency Scam Sentenced to 23 Years in Prison,"A Texas man who orchestrated a cryptocurrency scam that bilked nearly 1,000 investors out of more than $20 million has been sentenced to 23 years in federal prison.","A Texas man who orchestrated a cryptocurrency scam that bilked nearly 1,000 investors out of more than $20 million has been sentenced to 23 years in federal prison.",https://www.fbi.gov/contact-us/field-offices/chicago/news/texas-man-who-orchestrated-20-million-cryptocurrency-scam-sentenced-to-23-years-in-prison,164
54660e47bcfc04,2026-04-16,2026,4,FBI - National,"[""other""]","{""urls"": [], ""domains"": [], ""emails"": [], ""phones"": [], ""ip_addresses"": [], ""crypto_wallets"": []}",U.S. Authorities Conduct Cyber Operations as Part of Global Crackdown on DDoS-for-Hire Services,Officials announced court-authorized actions taken to disrupt some of the world’s leading Distributed Denial of Service (DDoS) Internet of Things (IoT) botnet services.,Officials announced court-authorized actions taken to disrupt some of the world’s leading Distributed Denial of Service (DDoS) Internet of Things (IoT) botnet services.,https://www.fbi.gov/contact-us/field-offices/anchorage/news/us-authorities-conduct-cyber-operations-as-part-of-global-crackdown-on-ddos-for-hire-services,168
6e1f633899aa96,2026-04-16,2026,4,FBI - National,"[""other""]","{""urls"": [], ""domains"": [], ""emails"": [], ""phones"": [], ""ip_addresses"": [], ""crypto_wallets"": []}",Two Men Plead Guilty to Londonderry Robbery,Two men pleaded guilty for conspiracy to interfere with commerce by robbery.,Two men pleaded guilty for conspiracy to interfere with commerce by robbery.,https://www.fbi.gov/contact-us/field-offices/boston/news/two-men-plead-guilty-to-londonderry-robbery,76
1b2c3f8bf9002f,2026-04-16,2026,4,FBI - National,"[""other""]","{""urls"": [], ""domains"": [], ""emails"": [], ""phones"": [], ""ip_addresses"": [], ""crypto_wallets"": []}","Man Admits to Feloniously Using His Vehicle to Impede, Intimidate, and Interfere with the Work of Federal Immigration Agents During Operation Midway Blitz","A man has admitted in federal court that he used his vehicle to impede, intimidate, and interfere with the work of federal immigration agents during Operation Midway Blitz.","A man has admitted in federal court that he used his vehicle to impede, intimidate, and interfere with the work of federal immigration agents during Operation Midway Blitz.",https://www.fbi.gov/contact-us/field-offices/chicago/news/man-admits-to-feloniously-using-his-vehicle-to-impede-intimidate-and-interfere-with-the-work-of-federal-immigration-agents-during-operation-midway-blitz,172
95d5f7e12afe7c,2026-04-16,2026,4,FBI - National,"[""other""]","{""urls"": [], ""domains"": [], ""emails"": [], ""phones"": [], ""ip_addresses"": [], ""crypto_wallets"": []}",Shiprock Man Pleads Guilty to Assault for Stabbing,A Shiprock man pleaded guilty to stabbing a woman in the parking lot of a local business.,A Shiprock man pleaded guilty to stabbing a woman in the parking lot of a local business.,https://www.fbi.gov/contact-us/field-offices/albuquerque/news/shiprock-man-pleads-guilty-to-assault-for-stabbing,89
5a99a4884a9961,2026-04-16,2026,4,FBI - National,"[""other""]","{""urls"": [], ""domains"": [], ""emails"": [], ""phones"": [], ""ip_addresses"": [], ""crypto_wallets"": []}",Another Operation Sweet Silence Defendant Convicted at Trial,"Fernando Brown, a repeat offender, was convicted of distributing methamphetamine, cocaine, and marijuana while armed.","Fernando Brown, a repeat offender, was convicted of distributing methamphetamine, cocaine, and marijuana while armed.",https://www.fbi.gov/contact-us/field-offices/atlanta/news/another-operation-sweet-silence-defendant-convicted-at-trial,117
095274b9dea6f9,2026-04-16,2026,4,FBI - National,"[""other""]","{""urls"": [], ""domains"": [], ""emails"": [], ""phones"": [], ""ip_addresses"": [], ""crypto_wallets"": []}",New Jersey Man Pleads Guilty to Scheme Designed to Obtain Fraudulent Visas to Bring Aliens to the U.S. for Unlawful Fundraising,A New Jersey man pleaded guilty to charges arising from a conspiracy to induce foreign nationals to come to the U.S. through fraudulently obtained visas.,A New Jersey man pleaded guilty to charges arising from a conspiracy to induce foreign nationals to come to the U.S. through fraudulently obtained visas.,https://www.fbi.gov/contact-us/field-offices/newark/news/new-jersey-man-pleads-guilty-to-scheme-designed-to-obtain-fraudulent-visas-to-bring-aliens-to-the-us-for-unlawful-fundraising,153
aa6f328a3f7296,2026-04-16,2026,4,FBI - National,"[""other""]","{""urls"": [], ""domains"": [], ""emails"": [], ""phones"": [], ""ip_addresses"": [], ""crypto_wallets"": []}",Cheektowaga Man Pleads Guilty to Production and Possession of Child Pornography,Dustin Coffelt pleaded guilty to two counts of production and one count of possession of child pornography.,Dustin Coffelt pleaded guilty to two counts of production and one count of possession of child pornography.,https://www.fbi.gov/contact-us/field-offices/buffalo/news/cheektowaga-man-pleads-guilty-to-production-and-possession-of-child-pornography,107
4377a5cb38623b,2026-04-16,2026,4,FBI - National,"[""other""]","{""urls"": [], ""domains"": [], ""emails"": [], ""phones"": [], ""ip_addresses"": [], ""crypto_wallets"": []}","Rochester Man Arrested, Charged with Production and Receipt of Child Pornography and Enticement of a Minor","Kenneth Tootle was arrested and charged by criminal complaint with production of child pornography, enticement of a minor, and receipt of child pornography.","Kenneth Tootle was arrested and charged by criminal complaint with production of child pornography, enticement of a minor, and receipt of child pornography.",https://www.fbi.gov/contact-us/field-offices/buffalo/news/rochester-man-arrested-charged-with-production-and-receipt-of-child-pornography-and-enticement-of-a-minor,156
a9d05d6030a485,2026-04-16,2026,4,FBI - National,"[""other""]","{""urls"": [], ""domains"": [], ""emails"": [], ""phones"": [], ""ip_addresses"": [], ""crypto_wallets"": []}",Tidewater Inmate Sentenced to Three Years in Prison for a Series of Fraud Schemes,A Suffolk man currently in prison for a federal firearms conviction was sentenced to three years in prison for conspiracy to commit fraud.,A Suffolk man currently in prison for a federal firearms conviction was sentenced to three years in prison for conspiracy to commit fraud.,https://www.fbi.gov/contact-us/field-offices/norfolk/news/tidewater-inmate-sentenced-to-three-years-in-prison-for-a-series-of-fraud-schemes,138
28ecb4d840b33a,2026-04-16,2026,4,FBI - National,"[""other""]","{""urls"": [], ""domains"": [], ""emails"": [], ""phones"": [], ""ip_addresses"": [], ""crypto_wallets"": []}","New Castle Woman Sentenced to Two-and-a-Half Years in Prison for Fentanyl, Heroin, and Cocaine Trafficking","A resident of New Castle, Pennsylvania, has been sentenced on her conviction of violating federal drug trafficking laws as part of a Homeland Security Task Force prosecution.","A resident of New Castle, Pennsylvania, has been sentenced on her conviction of violating federal drug trafficking laws as part of a Homeland Security Task Force prosecution.",https://www.fbi.gov/contact-us/field-offices/pittsburgh/news/new-castle-woman-sentenced-to-two-and-a-half-years-in-prison-for-fentanyl-heroin-and-cocaine-trafficking,174
fd93771c5f6840,2026-04-16,2026,4,FBI - National,"[""other""]","{""urls"": [], ""domains"": [], ""emails"": [], ""phones"": [], ""ip_addresses"": [], ""crypto_wallets"": []}",Grand Jury Indicts Lockport Man on Charges of Enticement of a Minor and Production and Possession of Child Pornography,"Damon Singleton-Spencer was charged with enticement of a minor, three counts of production of child pornography, and seven counts of possession of child pornography.","Damon Singleton-Spencer was charged with enticement of a minor, three counts of production of child pornography, and seven counts of possession of child pornography.",https://www.fbi.gov/contact-us/field-offices/buffalo/news/grand-jury-indicts-lockport-man-on-charges-of-enticement-of-a-minor-and-production-and-possession-of-child-pornography,165
4f0fbeff41afea,2026-04-16,2026,4,FBI - National,"[""other""]","{""urls"": [], ""domains"": [], ""emails"": [], ""phones"": [], ""ip_addresses"": [], ""crypto_wallets"": []}",Holly Hill Man Indicted for Damaging Facilities and Unlawfully Entering Secure Area at Daytona Beach International Airport,"A federal grand jury has returned an indictment charging Bryan John Parker with damaging, destroying, or disabling airport facilities.","A federal grand jury has returned an indictment charging Bryan John Parker with damaging, destroying, or disabling airport facilities.",https://www.fbi.gov/contact-us/field-offices/tampa/news/holly-hill-man-indicted-for-damaging-facilities-and-unlawfully-entering-secure-area-at-daytona-beach-international-airport,134
2f65d760c12362,2026-04-16,2026,4,FBI - National,"[""other""]","{""urls"": [], ""domains"": [], ""emails"": [], ""phones"": [], ""ip_addresses"": [], ""crypto_wallets"": []}",Federal Jury Finds Man Guilty of Robbery with a Firearm and Possession of Firearm by a Convicted Felon,A federal jury has found Justin Alan Seymour guilty of Hobbs Act Robbery and possession of a firearm by a convicted felon.,A federal jury has found Justin Alan Seymour guilty of Hobbs Act Robbery and possession of a firearm by a convicted felon.,https://www.fbi.gov/contact-us/field-offices/tampa/news/federal-jury-finds-man-guilty-of-robbery-with-a-firearm-and-possession-of-firearm-by-a-convicted-felon,122
0e73e85637b8fc,2026-04-16,2026,4,FBI - National,"[""other""]","{""urls"": [], ""domains"": [], ""emails"": [], ""phones"": [], ""ip_addresses"": [], ""crypto_wallets"": []}",Felon Charged in Alleged Plot to Help Inmate Escape,An Albuquerque man has been charged with federal drug trafficking and firearms offenses following an FBI investigation.,An Albuquerque man has been charged with federal drug trafficking and firearms offenses following an FBI investigation.,https://www.fbi.gov/contact-us/field-offices/albuquerque/news/felon-charged-in-alleged-plot-to-help-inmate-escape,119
d4bccff5763865,2026-04-16,2026,4,FBI - National,"[""other""]","{""urls"": [], ""domains"": [], ""emails"": [], ""phones"": [], ""ip_addresses"": [], ""crypto_wallets"": []}",Former Teacher Pleads Guilty in $51 Million Medicare Fraud Scheme in National Fraud Enforcement Division Prosecution,"Jeanett Valenzuela Ayub pleaded guilty, admitting that she conspired with others to launder millions of dollars of health care fraud proceeds.","Jeanett Valenzuela Ayub pleaded guilty, admitting that she conspired with others to launder millions of dollars of health care fraud proceeds.",https://www.fbi.gov/contact-us/field-offices/sandiego/news/former-teacher-pleads-guilty-in-51-million-medicare-fraud-scheme-in-national-fraud-enforcement-division-prosecution,142
09e6c809d98c8c,2026-04-16,2026,4,FBI - National,"[""other""]","{""urls"": [], ""domains"": [], ""emails"": [], ""phones"": [], ""ip_addresses"": [], ""crypto_wallets"": []}",Be Aware of No Drone Zone at Coors Field on Game Days,"The FBI, FAA, Denver Police Department and Colorado Rockies want to remind everyone of the rules limiting drone use around Coors Field during game days.","The FBI, FAA, Denver Police Department and Colorado Rockies want to remind everyone of the rules limiting drone use around Coors Field during game days.",https://www.fbi.gov/contact-us/field-offices/denver/news/be-aware-of-no-drone-zone-at-coors-field-on-game-days,152
180d334e290364,2026-04-16,2026,4,FBI - National,"[""other""]","{""urls"": [], ""domains"": [], ""emails"": [], ""phones"": [], ""ip_addresses"": [], ""crypto_wallets"": []}",Davis Picnic Day Shooter Sentenced to 30 Months in Prison in Separate Federal Firearm Case,"Joseph Allen Davis, of Sacramento, was sentenced to 30 months in prison for being a felon in possession of a firearm.","Joseph Allen Davis, of Sacramento, was sentenced to 30 months in prison for being a felon in possession of a firearm.",https://www.fbi.gov/contact-us/field-offices/sacramento/news/davis-picnic-day-shooter-sentenced-to-30-months-in-prison-in-separate-federal-firearm-case,117
51eb6de2bace3d,2026-04-15,2026,4,FBI - National,"[""other""]","{""urls"": [], ""domains"": [], ""emails"": [], ""phones"": [], ""ip_addresses"": [], ""crypto_wallets"": []}",Armenian Man Pleads Guilty to Smuggling Controlled Goods to Russia,An Armenian national pleaded guilty to participating in a criminal conspiracy to export goods from the United States to the Russian Federation.,An Armenian national pleaded guilty to participating in a criminal conspiracy to export goods from the United States to the Russian Federation.,https://www.fbi.gov/contact-us/field-offices/sanantonio/news/armenian-man-pleads-guilty-to-smuggling-controlled-goods-to-russia,143
f300faba57c824,2026-04-15,2026,4,FBI - National,"[""other""]","{""urls"": [], ""domains"": [], ""emails"": [], ""phones"": [], ""ip_addresses"": [], ""crypto_wallets"": []}","Texas Man Posed as a Minor on Social Media, Sentenced to 20 Years in Federal Prison for Distributing Child Pornography",Gilbert Andrew Longoria was sentenced to 240 months in prison for distributing child sexual abuse material to minors.,Gilbert Andrew Longoria was sentenced to 240 months in prison for distributing child sexual abuse material to minors.,https://www.fbi.gov/contact-us/field-offices/sanantonio/news/texas-man-posed-as-a-minor-on-social-media-sentenced-to-20-years-in-federal-prison-for-distributing-child-pornography,117
29374d654a16fd,2026-04-15,2026,4,FBI - National,"[""other""]","{""urls"": [], ""domains"": [], ""emails"": [], ""phones"": [], ""ip_addresses"": [], ""crypto_wallets"": []}",Warrant Issued for Permanent Resident From Nigeria for Failure to Report to Federal Prison,"An arrest warrant was issued for Emuobosan Emanuella Hall, age 45, of Atlanta, Georgia, for failure to report to the Bureau of Prisons to serve a sentence.","An arrest warrant was issued for Emuobosan Emanuella Hall, age 45, of Atlanta, Georgia, for failure to report to the Bureau of Prisons to serve a sentence.",https://www.fbi.gov/contact-us/field-offices/neworleans/news/warrant-issued-for-permanent-resident-from-nigeria-for-failure-to-report-to-federal-prison,155
a485e4df90516d,2026-04-15,2026,4,FBI - National,"[""other""]","{""urls"": [], ""domains"": [], ""emails"": [], ""phones"": [], ""ip_addresses"": [], ""crypto_wallets"": []}",Six Charged in Sumter and Lee County Drug Trafficking Conspiracy,"A federal grand jury in Columbia returned a multi-count indictment charging six individuals for their roles in trafficking cocaine, crack cocaine, methamphetamine, fentanyl, and marijuana.","A federal grand jury in Columbia returned a multi-count indictment charging six individuals for their roles in trafficking cocaine, crack cocaine, methamphetamine, fentanyl, and marijuana.",https://www.fbi.gov/contact-us/field-offices/columbia/news/six-charged-in-sumter-and-lee-county-drug-trafficking-conspiracy,188
6491e15608bc6d,2026-04-15,2026,4,FBI - National,"[""other""]","{""urls"": [], ""domains"": [], ""emails"": [], ""phones"": [], ""ip_addresses"": [], ""crypto_wallets"": []}",Philadelphia Man Sentenced to Over 17 Years in Prison for Violent Home Invasion Robberies Targeting Business Owners and Employees,"Ali Chandler was sentenced to 210 months in prison, three years of supervised release, and $60,000 in restitution.","Ali Chandler was sentenced to 210 months in prison, three years of supervised release, and $60,000 in restitution.",https://www.fbi.gov/contact-us/field-offices/philadelphia/news/philadelphia-man-sentenced-to-17-years-in-prison-for-violent-home-invasion-robberies-targeting-business-owners-and-employees,114
91d65c20a9f416,2026-04-15,2026,4,FBI - National,"[""other""]","{""urls"": [], ""domains"": [], ""emails"": [], ""phones"": [], ""ip_addresses"": [], ""crypto_wallets"": []}",SantaCon Organizer Charged in Wire Fraud Scheme Targeting Attendees and Host Venues,Officials announced the unsealing of an Indictment charging Stefan Pildes with wire fraud.,Officials announced the unsealing of an Indictment charging Stefan Pildes with wire fraud.,https://www.fbi.gov/contact-us/field-offices/newyork/news/santacon-organizer-charged-in-wire-fraud-scheme-targeting-attendees-and-host-venues,90
dbcc1f1e65d660,2026-04-15,2026,4,FBI - National,"[""other""]","{""urls"": [], ""domains"": [], ""emails"": [], ""phones"": [], ""ip_addresses"": [], ""crypto_wallets"": []}",MS-13 Member Pleads Guilty to Racketeering Involving Three Murders,"A Salvadoran national and member of La Mara Salvatrucha, or MS-13, pleaded guilty to his role in three murders.","A Salvadoran national and member of La Mara Salvatrucha, or MS-13, pleaded guilty to his role in three murders.",https://www.fbi.gov/contact-us/field-offices/boston/news/ms-13-member-pleads-guilty-to-racketeering-involving-three-murders,111
79e1f9ed081c1a,2026-04-15,2026,4,FBI - National,"[""other""]","{""urls"": [], ""domains"": [], ""emails"": [], ""phones"": [], ""ip_addresses"": [], ""crypto_wallets"": []}","Crawford County Man Sentenced to 170 Months in Prison for Grooming, Sex with Minor","Nathaniel Rod Gibson, 34, has been sentenced to 170 months in prison for grooming and engaging in illegal sexual contact with a minor.","Nathaniel Rod Gibson, 34, has been sentenced to 170 months in prison for grooming and engaging in illegal sexual contact with a minor.",https://www.fbi.gov/contact-us/field-offices/stlouis/news/crawford-county-man-sentenced-to-170-months-in-prison-for-grooming-sex-with-minor,134
1ed3f3714a5cd0,2026-04-15,2026,4,FBI - National,"[""other""]","{""urls"": [], ""domains"": [], ""emails"": [], ""phones"": [], ""ip_addresses"": [], ""crypto_wallets"": []}",Ten Most Wanted Fugitive KaShawn Nicola Roper Apprehended in Florida,The arrest was made following tips related to the April 14 announcement that Roper had been added to the FBI's Ten Most Wanted Fugitives list.,The arrest was made following tips related to the April 14 announcement that Roper had been added to the FBI's Ten Most Wanted Fugitives list.,https://www.fbi.gov/contact-us/field-offices/kansascity/news/ten-most-wanted-fugitive-kashawn-nicola-roper-apprehended-in-florida,142
d477e40b742a24,2026-04-15,2026,4,FBI - National,"[""other""]","{""urls"": [], ""domains"": [], ""emails"": [], ""phones"": [], ""ip_addresses"": [], ""crypto_wallets"": []}","Bookkeeper for Nonprofit Sentenced to Federal Prison for Stealing More Than $79,000 From Incapacitated Senior Citizens",Brenda Denise Walters of Nappanee has been sentenced to 22 months in federal prison after pleading guilty to 10 counts of wire fraud.,Brenda Denise Walters of Nappanee has been sentenced to 22 months in federal prison after pleading guilty to 10 counts of wire fraud.,https://www.fbi.gov/contact-us/field-offices/indianapolis/news/bookkeeper-for-nonprofit-sentenced-to-federal-prison-for-stealing-more-than-79000-from-incapacitated-senior-citizens,133
ac2e592e31565f,2026-04-15,2026,4,FBI - National,"[""other""]","{""urls"": [], ""domains"": [], ""emails"": [], ""phones"": [], ""ip_addresses"": [], ""crypto_wallets"": []}",Defendant Sentenced to 22 Years’ Imprisonment for Sex Trafficking Women at the Sayville Motor Lodge on Long Island,"Michael Johnson, also known as Wise, was sentenced for sex trafficking conspiracy, sex trafficking, and interstate prostitution.","Michael Johnson, also known as Wise, was sentenced for sex trafficking conspiracy, sex trafficking, and interstate prostitution.",https://www.fbi.gov/contact-us/field-offices/newyork/news/defendant-sentenced-to-22-years-imprisonment-for-sex-trafficking-women-at-the-sayville-motor-lodge-on-long-island,128
096f4092279fe4,2026-04-15,2026,4,FBI - National,"[""other""]","{""urls"": [], ""domains"": [], ""emails"": [], ""phones"": [], ""ip_addresses"": [], ""crypto_wallets"": []}","Former CEO of Chicago Charter School Network Charged with Misappropriating More Than $103,000","A federal grand jury in Chicago indicted the former Chief Executive Officer of a Chicago charter school network for allegedly misappropriating more than $103,000 in funds.","A federal grand jury in Chicago indicted the former Chief Executive Officer of a Chicago charter school network for allegedly misappropriating more than $103,000 in funds.",https://www.fbi.gov/contact-us/field-offices/chicago/news/former-ceo-of-chicago-charter-school-network-charged-with-misappropriating-more-than-103000,171
6ddf20b644424b,2026-04-15,2026,4,FBI - National,"[""other""]","{""urls"": [], ""domains"": [], ""emails"": [], ""phones"": [], ""ip_addresses"": [], ""crypto_wallets"": []}",Marlborough Woman Pleads Guilty to Embezzlement from a Nonprofit,"A Marlborough woman pleaded guilty to embezzling from Monadnock Peer Support (MPS), a mental health non-profit based in Keene.","A Marlborough woman pleaded guilty to embezzling from Monadnock Peer Support (MPS), a mental health non-profit based in Keene.",https://www.fbi.gov/contact-us/field-offices/boston/news/marlborough-woman-pleads-guilty-to-embezzlement-from-a-nonprofit,126
ec7006ea324c9b,2026-04-15,2026,4,FBI - National,"[""other""]","{""urls"": [], ""domains"": [], ""emails"": [], ""phones"": [], ""ip_addresses"": [], ""crypto_wallets"": []}","Browning Attorney Fined $100,000 for Making a False Statement to Federal Law Enforcement","A Browning lawyer who was found guilty by a jury of making a false statement to law enforcement was sentenced to serve four years of probation and to pay a $100,000 fine.","A Browning lawyer who was found guilty by a jury of making a false statement to law enforcement was sentenced to serve four years of probation and to pay a $100,000 fine.",https://www.fbi.gov/contact-us/field-offices/billings/news/browning-attorney-fined-100000-for-making-a-false-statement-to-federal-law-enforcement,170
963b020619e748,2026-04-15,2026,4,FBI - National,"[""other""]","{""urls"": [], ""domains"": [], ""emails"": [], ""phones"": [], ""ip_addresses"": [], ""crypto_wallets"": []}",Indiana Man Charged with Robbery and Murder of Illinois Bar Owner,"Julius Burkes, of Indiana, was charged with obstruction of commerce by robbery, murder, and possession of a firearm and ammunition as a felon.","Julius Burkes, of Indiana, was charged with obstruction of commerce by robbery, murder, and possession of a firearm and ammunition as a felon.",https://www.fbi.gov/contact-us/field-offices/springfield/news/indiana-man-charged-with-robbery-and-murder-of-illinois-bar-owner,142
74fb47f413511f,2026-04-15,2026,4,FBI - National,"[""other""]","{""urls"": [], ""domains"": [], ""emails"": [], ""phones"": [], ""ip_addresses"": [], ""crypto_wallets"": []}",Poplar Man Pleads Guilty to Sending Obscene Material to Minor,A Poplar man admitted sending obscene pictures and videos to a minor.,A Poplar man admitted sending obscene pictures and videos to a minor.,https://www.fbi.gov/contact-us/field-offices/billings/news/poplar-man-pleads-guilty-to-sending-obscene-material-to-minor,69
16c2512e04ac78,2026-04-15,2026,4,FBI - National,"[""other""]","{""urls"": [], ""domains"": [], ""emails"": [], ""phones"": [], ""ip_addresses"": [], ""crypto_wallets"": []}","Second Defendant Linked to Drug Trafficking in Notorious ""Jungle"" Homeless Camp Sentenced to Prison",A 43-year-old Seattle man was sentenced for his years-long activity dealing meth and fentanyl in Seattle’s homeless encampments and International District.,A 43-year-old Seattle man was sentenced for his years-long activity dealing meth and fentanyl in Seattle’s homeless encampments and International District.,https://www.fbi.gov/contact-us/field-offices/seattle/news/second-defendant-linked-to-drug-trafficking-in-notorious-jungle-homeless-camp-sentenced-to-prison,155
e8a46f1eec013b,2026-04-15,2026,4,FBI - National,"[""other""]","{""urls"": [], ""domains"": [], ""emails"": [], ""phones"": [], ""ip_addresses"": [], ""crypto_wallets"": []}",Prior Felon Pleads Guilty to Drug and Gun Charges,Robert L. Robinson of Buffalo pleaded guilty to possession with intent to distribute cocaine and being a felon in possession of firearms.,Robert L. Robinson of Buffalo pleaded guilty to possession with intent to distribute cocaine and being a felon in possession of firearms.,https://www.fbi.gov/contact-us/field-offices/buffalo/news/prior-felon-pleads-guilty-to-drug-and-gun-charges,137
795b5cff4da735,2026-04-15,2026,4,FBI - National,"[""other""]","{""urls"": [], ""domains"": [], ""emails"": [], ""phones"": [], ""ip_addresses"": [], ""crypto_wallets"": []}",Two Brevard County Men Sentenced to Federal Prison for Fentanyl Conspiracy,Eric William Garvin and Anthony Lee Khan have been sentenced to prison for conspiring to distribute fentanyl.,Eric William Garvin and Anthony Lee Khan have been sentenced to prison for conspiring to distribute fentanyl.,https://www.fbi.gov/contact-us/field-offices/tampa/news/two-brevard-county-men-sentenced-to-federal-prison-for-fentanyl-conspiracy,109
27a522a7b82927,2026-04-15,2026,4,FBI - National,"[""other""]","{""urls"": [], ""domains"": [], ""emails"": [], ""phones"": [], ""ip_addresses"": [], ""crypto_wallets"": []}",Orange County Man Charged with Enticing Multiple Minors to Engage in Illegal Sexual Activity and Multiple Child Sexual Abuse Material Offenses,Aaron Starbird has been charged by indictment with two counts of coercion and enticement of a minor to engage in illegal sexual activity.,Aaron Starbird has been charged by indictment with two counts of coercion and enticement of a minor to engage in illegal sexual activity.,https://www.fbi.gov/contact-us/field-offices/tampa/news/orange-county-man-charged-with-enticing-multiple-minors-to-engage-in-illegal-sexual-activity-and-multiple-child-sexual-abuse-material-offenses,137
7cd8e4539dce6b,2026-04-15,2026,4,FBI - National,"[""other""]","{""urls"": [], ""domains"": [], ""emails"": [], ""phones"": [], ""ip_addresses"": [], ""crypto_wallets"": []}",Clayton Chiropractor Sentenced to 100 Months in Prison,A chiropractor who committed health care fraud and issued fraudulent prescriptions for controlled substance has been sentenced to 100 months in prison.,A chiropractor who committed health care fraud and issued fraudulent prescriptions for controlled substance has been sentenced to 100 months in prison.,https://www.fbi.gov/contact-us/field-offices/stlouis/news/clayton-chiropractor-sentenced-to-100-months-in-prison,151
c44d630129afaa,2026-04-15,2026,4,FBI - National,"[""other""]","{""urls"": [], ""domains"": [], ""emails"": [], ""phones"": [], ""ip_addresses"": [], ""crypto_wallets"": []}",Illinois Woman Pleads Guilty to Distributing and Conspiring to Create and Distribute Animal Crush Videos Showing Violent Torture of Monkeys,"Amanda Leigh Fourez, a resident of Catlin, Illinois, pleaded guilty in federal court to charges of conspiracy to create and distribute animal crush videos.","Amanda Leigh Fourez, a resident of Catlin, Illinois, pleaded guilty in federal court to charges of conspiracy to create and distribute animal crush videos.",https://www.fbi.gov/contact-us/field-offices/pittsburgh/news/illinois-woman-pleads-guilty-to-distributing-and-conspiring-to-create-and-distribute-animal-crush-videos-showing-violent-torture-of-monkeys,155
caba6eb1ad6aaf,2026-04-15,2026,4,FBI - National,"[""other""]","{""urls"": [], ""domains"": [], ""emails"": [], ""phones"": [], ""ip_addresses"": [], ""crypto_wallets"": []}",Dominican National Convicted of Using U.S. Citizen’s Identity for Decades,"A federal jury has found Lesbia Cristina Grullon Nolasco guilty of passport fraud, theft of government property, and other related crimes.","A federal jury has found Lesbia Cristina Grullon Nolasco guilty of passport fraud, theft of government property, and other related crimes.",https://www.fbi.gov/contact-us/field-offices/tampa/news/dominican-national-convicted-of-using-us-citizens-identity-for-decades,138
b9c9da82259600,2026-04-15,2026,4,FBI - National,"[""other""]","{""urls"": [], ""domains"": [], ""emails"": [], ""phones"": [], ""ip_addresses"": [], ""crypto_wallets"": []}",Former Baltimore Football Coach Sentenced for Overtime Fraud Scheme and Tax Evasion,A former Baltimore City School police officer and Dunbar High School football coach are heading to prison in connection with wire fraud and tax evasion charges.,A former Baltimore City School police officer and Dunbar High School football coach are heading to prison in connection with wire fraud and tax evasion charges.,https://www.fbi.gov/contact-us/field-offices/baltimore/news/former-baltimore-football-coach-sentenced-for-overtime-fraud-scheme-and-tax-evasion,160
5b9c49a6eed460,2026-04-14,2026,4,FBI - National,"[""other""]","{""urls"": [], ""domains"": [], ""emails"": [], ""phones"": [], ""ip_addresses"": [], ""crypto_wallets"": []}",First of Two Violent ATM Bank Robbers Sentenced to 10 Years in Prison,Seth Coles-Body of Houston has been sentenced in U.S. District Court in Seattle to 10 years in prison for a string of violent bank robberies.,Seth Coles-Body of Houston has been sentenced in U.S. District Court in Seattle to 10 years in prison for a string of violent bank robberies.,https://www.fbi.gov/contact-us/field-offices/seattle/news/first-two-violent-atm-bank-robbers-sentenced-ten-years-prison,141
0dd3d7c1b70197,2026-04-14,2026,4,FBI - National,"[""other""]","{""urls"": [], ""domains"": [], ""emails"": [], ""phones"": [], ""ip_addresses"": [], ""crypto_wallets"": []}",Fentanyl Traffickers Sentenced in Federal Court,Two people have been sentenced for fentanyl and methamphetamine offenses in the Eastern Panhandle of West Virginia.,Two people have been sentenced for fentanyl and methamphetamine offenses in the Eastern Panhandle of West Virginia.,https://www.fbi.gov/contact-us/field-offices/pittsburgh/news/fentanyl-traffickers-sentenced-in-federal-court,115
258050bd39adfb,2026-04-14,2026,4,FBI - National,"[""other""]","{""urls"": [], ""domains"": [], ""emails"": [], ""phones"": [], ""ip_addresses"": [], ""crypto_wallets"": []}",Pine Ridge Man Sentenced to 15 Years in Federal Prison for Killing His Nephew on the Pine Ridge Reservation,"A Pine Ridge, South Dakota, man was convicted of voluntary manslaughter.","A Pine Ridge, South Dakota, man was convicted of voluntary manslaughter.",https://www.fbi.gov/contact-us/field-offices/minneapolis/news/pine-ridge-man-sentenced-to-15-years-in-federal-prison-for-killing-his-nephew-on-the-pine-ridge-reservation,72
263e209d95d778,2026-04-14,2026,4,FBI - National,"[""other""]","{""urls"": [], ""domains"": [], ""emails"": [], ""phones"": [], ""ip_addresses"": [], ""crypto_wallets"": []}",Grand Jury Indicts Dayton Man for Robbing Local Bank,"John Donald Butler, 62, of Dayton, arrested three hours after he allegedly robbed a local bank, has been indicted by a federal grand jury.","John Donald Butler, 62, of Dayton, arrested three hours after he allegedly robbed a local bank, has been indicted by a federal grand jury.",https://www.fbi.gov/contact-us/field-offices/cincinnati/news/grand-jury-indicts-dayton-man-for-robbing-local-bank,138
491a06e344cc28,2026-04-14,2026,4,FBI - National,"[""other""]","{""urls"": [], ""domains"": [], ""emails"": [], ""phones"": [], ""ip_addresses"": [], ""crypto_wallets"": []}","Grand Jury Indicts Former Fugitive on Attempted Murder of Federal Officers, Firearms and Violent Crimes",A federal grand jury returned an indictment against Terrence Gay of Dayton who had been a fugitive in Missouri for approximately five years.,A federal grand jury returned an indictment against Terrence Gay of Dayton who had been a fugitive in Missouri for approximately five years.,https://www.fbi.gov/contact-us/field-offices/cincinnati/news/grand-jury-indicts-former-fugitive-on-attempted-murder-of-federal-officers-firearms--violent-crimes,140
f19cb5a07abdf2,2026-04-14,2026,4,FBI - National,"[""other""]","{""urls"": [], ""domains"": [], ""emails"": [], ""phones"": [], ""ip_addresses"": [], ""crypto_wallets"": []}",Ohio Man Sentenced to 30 Years for Production of Child Pornography,"A South Point, Ohio, man, Michael Merrick, 26, was sentenced to 360 months in prison for the production of child pornography.","A South Point, Ohio, man, Michael Merrick, 26, was sentenced to 360 months in prison for the production of child pornography.",https://www.fbi.gov/contact-us/field-offices/louisville/news/ohio-man-sentenced-to-30-years-for-production-of-child-pornography,125
5c0d3c0ea3dd3e,2026-04-14,2026,4,FBI - National,"[""other""]","{""urls"": [], ""domains"": [], ""emails"": [], ""phones"": [], ""ip_addresses"": [], ""crypto_wallets"": []}",Longtime Bucks County Teacher Sentenced to Seven-and-a-Half Years in Prison for Child Pornography Offenses,"A Warminster, Pennsylvania, teacher was sentenced to prison on one count of receipt and attempted receipt of child pornography and one count of possession of child pornography.","A Warminster, Pennsylvania, teacher was sentenced to prison on one count of receipt and attempted receipt of child pornography and one count of possession of child pornography.",https://www.fbi.gov/contact-us/field-offices/philadelphia/news/longtime-bucks-county-teacher-sentenced-to-seven-and-a-half-years-in-prison-for-child-pornography-offenses,176
f96a4d538aeb8c,2026-04-14,2026,4,FBI - National,"[""other""]","{""urls"": [], ""domains"": [], ""emails"": [], ""phones"": [], ""ip_addresses"": [], ""crypto_wallets"": []}",Attempted Carjacking at Suburban Chicago Gas Station Leads to Nearly Six-Year Prison Sentence,A man has been sentenced to nearly six years in federal prison for attempting to carjack a vehicle at gunpoint while the driver’s wife and children were inside.,A man has been sentenced to nearly six years in federal prison for attempting to carjack a vehicle at gunpoint while the driver’s wife and children were inside.,https://www.fbi.gov/contact-us/field-offices/chicago/news/attempted-carjacking-at-suburban-chicago-gas-station-leads-to-nearly-six-year-prison-sentence,160
9637eaeb8bf443,2026-04-14,2026,4,FBI - National,"[""other""]","{""urls"": [], ""domains"": [], ""emails"": [], ""phones"": [], ""ip_addresses"": [], ""crypto_wallets"": []}",New Hampshire Man Indicted for Cyberstalking and Child Sexual Exploitation,"A Londonderry, New Haven, man was arrested for allegedly cyberstalking a Massachusetts victim through social media, text messages, and various online platforms.","A Londonderry, New Haven, man was arrested for allegedly cyberstalking a Massachusetts victim through social media, text messages, and various online platforms.",https://www.fbi.gov/contact-us/field-offices/boston/news/new-hampshire-man-indicted-for-cyberstalking-and-child-sexual-exploitation,160
006575ea186cd6,2026-04-14,2026,4,FBI - National,"[""other""]","{""urls"": [], ""domains"": [], ""emails"": [], ""phones"": [], ""ip_addresses"": [], ""crypto_wallets"": []}",Florida Man Charged with Running Multi-State Ponzi Scheme,A Florida man was arrested for allegedly defrauding investors.,A Florida man was arrested for allegedly defrauding investors.,https://www.fbi.gov/contact-us/field-offices/boston/news/florida-man-charged-with-running-multi-state-ponzi-scheme,62
b3eba20a28e5d1,2026-04-14,2026,4,FBI - National,"[""other""]","{""urls"": [], ""domains"": [], ""emails"": [], ""phones"": [], ""ip_addresses"": [], ""crypto_wallets"": []}",Two Cousins Plead Guilty to Federal Crimes in Connection with Nationwide Online Short-Term Rental Booking Scam,"Two cousins—one from Southern California, the other from Colorado—pleaded guilty to federal crimes related to a double-booking, bait-and-switch scam.","Two cousins—one from Southern California, the other from Colorado—pleaded guilty to federal crimes related to a double-booking, bait-and-switch scam.",https://www.fbi.gov/contact-us/field-offices/losangeles/news/two-cousins-plead-guilty-to-federal-crimes-in-connection-with-nationwide-online-short-term-rental-booking-scam,149
b996ad47b32e6e,2026-04-14,2026,4,FBI - National,"[""other""]","{""urls"": [], ""domains"": [], ""emails"": [], ""phones"": [], ""ip_addresses"": [], ""crypto_wallets"": []}",FBI Seeks Potential Victims of Victor Daniel “Danny” Almaguer,"The FBI’s Corpus Christi Resident Agency is seeking to identify potential victims of Victor Daniel “Danny” Almaguer, the owner of Danny’s Tires in Corpus Christi, Texas.","The FBI’s Corpus Christi Resident Agency is seeking to identify potential victims of Victor Daniel “Danny” Almaguer, the owner of Danny’s Tires in Corpus Christi, Texas.",https://www.fbi.gov/contact-us/field-offices/houston/news/fbi-seeks-potential-victims-of-victor-daniel-danny-almaguer,169
db9f3f1e34551b,2026-04-14,2026,4,FBI - National,"[""other""]","{""urls"": [], ""domains"": [], ""emails"": [], ""phones"": [], ""ip_addresses"": [], ""crypto_wallets"": []}",Sexual Predator Sentenced to 135 Months in Prison for Enticement of a Minor—Currently Awaiting Trial on State Murder Charges,"Anthony Mitchell of Haverstraw, New York, was sentenced to 135 months in prison for enticement and coercion of a minor spanning multiple years when the victim was 13 and 14 years old.","Anthony Mitchell of Haverstraw, New York, was sentenced to 135 months in prison for enticement and coercion of a minor spanning multiple years when the victim was 13 and 14 years old.",https://www.fbi.gov/contact-us/field-offices/newyork/news/sexual-predator-sentenced-to-135-months-in-prison-for-enticement-of-a-minorcurrently-awaiting-trial-on-state-murder-charges,183
2d3faf7c9a4b5d,2026-04-14,2026,4,FBI - National,"[""other""]","{""urls"": [], ""domains"": [], ""emails"": [], ""phones"": [], ""ip_addresses"": [], ""crypto_wallets"": []}",Florida Nursing Assistant Sentenced to Nine Years in Prison for $11.4 Million Health Care Fraud Scheme Targeting Medicare Beneficiaries,A Florida nursing assistant was sentenced to nine years in prison and two years of supervised release for his role in an $11.4 million health care fraud and wire fraud conspiracy.,A Florida nursing assistant was sentenced to nine years in prison and two years of supervised release for his role in an $11.4 million health care fraud and wire fraud conspiracy.,https://www.fbi.gov/contact-us/field-offices/miami/news/florida-nursing-assistant-sentenced-to-nine-years-in-prison-for-114m-health-care-fraud-scheme-targeting-medicare-beneficiaries,179
b5bd12e23e4fd1,2026-04-14,2026,4,FBI - National,"[""other""]","{""urls"": [], ""domains"": [], ""emails"": [], ""phones"": [], ""ip_addresses"": [], ""crypto_wallets"": []}",Sacramento Man Sentenced to 22 Years in Prison for Fentanyl Pill Trafficking That Resulted in an Overdose Death,"Sandro Escobedo of Sacramento was sentenced for conspiracy to distribute and possess with intent to distribute fentanyl, cocaine, and methamphetamine, and distribution of fentanyl.","Sandro Escobedo of Sacramento was sentenced for conspiracy to distribute and possess with intent to distribute fentanyl, cocaine, and methamphetamine, and distribution of fentanyl.",https://www.fbi.gov/contact-us/field-offices/sacramento/news/sacramento-man-sentenced-to-22-years-in-prison-for-fentanyl-pill-trafficking-that-resulted-in-an-overdose-death,180
bc701bdff4b3bc,2026-04-14,2026,4,FBI - National,"[""other""]","{""urls"": [], ""domains"": [], ""emails"": [], ""phones"": [], ""ip_addresses"": [], ""crypto_wallets"": []}",Buffalo Man Pleads Guilty to His Role in Narcotics Conspiracy,"Steven Hoskins, 44, of Buffalo, pleaded guilty to conspiracy to distribute cocaine.","Steven Hoskins, 44, of Buffalo, pleaded guilty to conspiracy to distribute cocaine.",https://www.fbi.gov/contact-us/field-offices/buffalo/news/buffalo-man-pleads-guilty-to-his-role-in-narcotics-conspiracy,83
d68142871f2649,2026-04-14,2026,4,FBI - National,"[""other""]","{""urls"": [], ""domains"": [], ""emails"": [], ""phones"": [], ""ip_addresses"": [], ""crypto_wallets"": []}",High Museum of Art’s Former Chief Operating Officer Charged with Embezzlement,"Brady Lum, the former chief operating officer of the High Museum of Art, was arraigned on a federal charge of theft concerning programs receiving federal funds.","Brady Lum, the former chief operating officer of the High Museum of Art, was arraigned on a federal charge of theft concerning programs receiving federal funds.",https://www.fbi.gov/contact-us/field-offices/atlanta/news/high-museum-of-arts-former-chief-operating-officer-charged-with-embezzlement,160
66673835366329,2026-04-14,2026,4,FBI - National,"[""other""]","{""urls"": [], ""domains"": [], ""emails"": [], ""phones"": [], ""ip_addresses"": [], ""crypto_wallets"": []}","FBI Albany, Binghamton Police Announce $50,000 Reward in Aliza Spencer Case","The FBI is offering a reward for information leading to the identification, arrest, and conviction of the individual(s) responsible for the murder of Aliza Spencer.","The FBI is offering a reward for information leading to the identification, arrest, and conviction of the individual(s) responsible for the murder of Aliza Spencer.",https://www.fbi.gov/contact-us/field-offices/albany/news/fbi-albany-binghamton-police-announce-50000-reward-in-aliza-spencer-case,164
9670e5440bfc4b,2026-04-14,2026,4,FBI - National,"[""other""]","{""urls"": [], ""domains"": [], ""emails"": [], ""phones"": [], ""ip_addresses"": [], ""crypto_wallets"": []}",Illegal Alien From El Salvador Charged with Assault on a Federal Officer with a Deadly Weapon,"Carlos Ivan Mendoza Hernandez, 36, a national of El Salvador residing in Stanislaus County, was charged with assault on a federal officer with a deadly weapon.","Carlos Ivan Mendoza Hernandez, 36, a national of El Salvador residing in Stanislaus County, was charged with assault on a federal officer with a deadly weapon.",https://www.fbi.gov/contact-us/field-offices/sacramento/news/illegal-alien-from-el-salvador-charged-with-assault-on-a-federal-officer-with-a-deadly-weapon,159
a9465922266d74,2026-04-14,2026,4,FBI - National,"[""other""]","{""urls"": [], ""domains"": [], ""emails"": [], ""phones"": [], ""ip_addresses"": [], ""crypto_wallets"": []}",Hampton Man Sentenced to 20 Years in Prison for Coercing Minors to Produce Child Sexual Abuse Material,"Yahmir Deshawn Kawante Hamlet, 25, has been sentenced to 20 years in prison for the coercion and enticement of two minors.","Yahmir Deshawn Kawante Hamlet, 25, has been sentenced to 20 years in prison for the coercion and enticement of two minors.",https://www.fbi.gov/contact-us/field-offices/norfolk/news/hampton-man-sentenced-20-years-prison-coercing-minors-produce-child-sexual-abuse,122
37412e317ffe7a,2026-04-14,2026,4,FBI - National,"[""identity_fraud""]","{""urls"": [], ""domains"": [], ""emails"": [], ""phones"": [], ""ip_addresses"": [], ""crypto_wallets"": []}",Virginia Woman Convicted of Identity Theft and Money Laundering,"Kelli Renee Miller, 43, of Richmond, Virginia, has admitted to identity theft and money laundering in the Northern District of West Virginia.","Kelli Renee Miller, 43, of Richmond, Virginia, has admitted to identity theft and money laundering in the Northern District of West Virginia.",https://www.fbi.gov/contact-us/field-offices/pittsburgh/news/virginia-woman-convicted-of-identity-theft-and-money-laundering,141
9c1a48a67b2a08,2026-04-14,2026,4,FBI - National,"[""other""]","{""urls"": [], ""domains"": [], ""emails"": [], ""phones"": [], ""ip_addresses"": [], ""crypto_wallets"": []}",Charlottesville Man Sentenced for Promoting Commercial Sex Ring,"Brian Lamont Turner, 45, of Charlottesville, Virginia, has been sentenced to eight years in prison for posting hundreds of online advertisements for commercial sex.","Brian Lamont Turner, 45, of Charlottesville, Virginia, has been sentenced to eight years in prison for posting hundreds of online advertisements for commercial sex.",https://www.fbi.gov/contact-us/field-offices/richmond/news/charlottesville-man-sentenced-for-promoting-commercial-sex-ring,164
c1f342ebd4d691,2026-04-14,2026,4,FBI - National,"[""other""]","{""urls"": [], ""domains"": [], ""emails"": [], ""phones"": [], ""ip_addresses"": [], ""crypto_wallets"": []}","Fugitive KaShawn Roper, Wanted for Second Degree Homicide, Added to the FBI’s List of Ten Most Wanted Fugitives","The FBI, alongside the Kansas City Missouri Police Department and the Jackson County Prosecutor’s Office, announced the addition of KaShawn Nicola Roper to the FBI’s Ten Most Wanted Fugitives list and a $1 million reward leading to her arrest and conviction.","The FBI, alongside the Kansas City Missouri Police Department and the Jackson County Prosecutor’s Office, announced the addition of KaShawn Nicola Roper to the FBI’s Ten Most Wanted Fugitives list and a $1 million reward leading to her arrest and conviction.",https://www.fbi.gov/contact-us/field-offices/kansascity/news/fugitive-kashawn-roper-wanted-for-second-degree-homicide-added-to-the-fbis-list-of-ten-most-wanted-fugitives,258
5f5aa6e3569e0e,2026-04-14,2026,4,FBI - National,"[""other""]","{""urls"": [], ""domains"": [], ""emails"": [], ""phones"": [], ""ip_addresses"": [], ""crypto_wallets"": []}","First Assistant U.S. Attorney, FBI SAC Warn Residents of Scam Calls","First Assistant U.S. Attorney Robert N. Tracci and Special Agent in Charge Ian Kaufmann, of the FBI’s Richmond Division, are warning residents of scam calls being made in the Western District of Virginia.","First Assistant U.S. Attorney Robert N. Tracci and Special Agent in Charge Ian Kaufmann, of the FBI’s Richmond Division, are warning residents of scam calls being made in the Western District of Virginia.",https://www.fbi.gov/contact-us/field-offices/richmond/news/first-assistant-us-attorney-fbi-sac-warn-residents-of-scam-calls,204
dc3f28fe4a20c0,2026-04-14,2026,4,FBI - National,"[""other""]","{""urls"": [], ""domains"": [], ""emails"": [], ""phones"": [], ""ip_addresses"": [], ""crypto_wallets"": []}",FBI Arrests Two Men on Child Exploitation Charges,FBI special agents arrested two men on criminal charges related to child exploitation conduct.,FBI special agents arrested two men on criminal charges related to child exploitation conduct.,https://www.fbi.gov/contact-us/field-offices/sanjuan/news/fbi-arrests-two-men-on-child-exploitation-charges,94
459e4c3d92e70c,2026-04-14,2026,4,FBI - National,"[""other""]","{""urls"": [], ""domains"": [], ""emails"": [], ""phones"": [], ""ip_addresses"": [], ""crypto_wallets"": []}",Man Sentenced for Stalking,"Alfred Humbles, age 55, a former resident of Gretna, Louisiana, was sentenced after previously pleading guilty to stalking.","Alfred Humbles, age 55, a former resident of Gretna, Louisiana, was sentenced after previously pleading guilty to stalking.",https://www.fbi.gov/contact-us/field-offices/neworleans/news/man-sentenced-for-stalking,123
bb442f6659addf,2026-04-14,2026,4,FBI - National,"[""other""]","{""urls"": [], ""domains"": [], ""emails"": [], ""phones"": [], ""ip_addresses"": [], ""crypto_wallets"": []}",Potomac Gardens Cocaine Dealer Sentenced to 12 Months for Role in Large-Scale Drug Trafficking Conspiracy,"Lawrence Smith, 55, a resident of Fairfax, Virginia, was sentenced to 12 months in prison for his role in a large-scale cocaine distribution conspiracy.","Lawrence Smith, 55, a resident of Fairfax, Virginia, was sentenced to 12 months in prison for his role in a large-scale cocaine distribution conspiracy.",https://www.fbi.gov/contact-us/field-offices/washingtondc/news/potomac-gardens-cocaine-dealer-sentenced-to-12-months-for-role-in-large-scale-drug-trafficking-conspiracy,152
3a999dcc3ae39e,2026-04-13,2026,4,FBI - National,"[""other""]","{""urls"": [], ""domains"": [], ""emails"": [], ""phones"": [], ""ip_addresses"": [], ""crypto_wallets"": []}",Bluefield Man Sentenced to Prison for Federal Drug Crime,Landon Joseph Cartwright of Bluefield was sentenced to one year and six months in prison for aiding and abetting the distribution of methamphetamine.,Landon Joseph Cartwright of Bluefield was sentenced to one year and six months in prison for aiding and abetting the distribution of methamphetamine.,https://www.fbi.gov/contact-us/field-offices/pittsburgh/news/bluefield-man-sentenced-to-prison-for-federal-drug-crime,149
ccb8cd6d3b12fa,2026-04-13,2026,4,FBI - National,"[""other""]","{""urls"": [], ""domains"": [], ""emails"": [], ""phones"": [], ""ip_addresses"": [], ""crypto_wallets"": []}",Detroit Man Sentenced to 12 Years in Prison for Federal Drug Crime,Darnell Marice McCarver of Detroit was sentenced to 12 years in prison for distribution of 50 grams or more of a methamphetamine mixture.,Darnell Marice McCarver of Detroit was sentenced to 12 years in prison for distribution of 50 grams or more of a methamphetamine mixture.,https://www.fbi.gov/contact-us/field-offices/pittsburgh/news/detroit-man-sentenced-to-12-years-in-prison-for-federal-drug-crime,137
c8ca196cefc956,2026-04-13,2026,4,FBI - National,"[""other""]","{""urls"": [], ""domains"": [], ""emails"": [], ""phones"": [], ""ip_addresses"": [], ""crypto_wallets"": []}",Texas Man Faces Multiple Federal Charges Related to Attack on AI Company and Its CEO,"Daniel Moreno-Gama, 20, of Spring, Texas, was charged federally with attempted damage and destruction of property by means of explosives and possession of an unregistered firearm.","Daniel Moreno-Gama, 20, of Spring, Texas, was charged federally with attempted damage and destruction of property by means of explosives and possession of an unregistered firearm.",https://www.fbi.gov/news/press-releases/texas-man-faces-multiple-federal-charges-related-to-attack-on-ai-company-and-its-ceo,179
e1d8fb4af1dec0,2026-04-13,2026,4,FBI - National,"[""other""]","{""urls"": [], ""domains"": [], ""emails"": [], ""phones"": [], ""ip_addresses"": [], ""crypto_wallets"": []}",Career Offender Sentenced to Over 22 Years in Federal Prison for Methamphetamine Trafficking and Firearms Offenses,"Michael Wilson of Memphis was sentenced to over 22 years in federal prison for his role in engaging in a long-term conspiracy to distribute methamphetamine in Memphis, Tennessee.","Michael Wilson of Memphis was sentenced to over 22 years in federal prison for his role in engaging in a long-term conspiracy to distribute methamphetamine in Memphis, Tennessee.",https://www.fbi.gov/contact-us/field-offices/nashville/news/career-offender-sentenced-to-over-22-years-in-federal-prison-for-methamphetamine-trafficking-and-firearms-offenses,178
65da33b7079953,2026-04-13,2026,4,FBI - National,"[""other""]","{""urls"": [], ""domains"": [], ""emails"": [], ""phones"": [], ""ip_addresses"": [], ""crypto_wallets"": []}","Powell Man Sentenced for Fraud, Money Laundering, and Supervised Released Violations","Kenneth Francis Lee, 55, of Powell, Tennessee, has been sentenced to 99 months in prison for wire fraud and conspiracy to commit money laundering.","Kenneth Francis Lee, 55, of Powell, Tennessee, has been sentenced to 99 months in prison for wire fraud and conspiracy to commit money laundering.",https://www.fbi.gov/contact-us/field-offices/nashville/news/powell-man-sentenced-for-fraud-money-laundering-and-supervised-released-violations,146
c67c8ac2bd84e1,2026-04-13,2026,4,FBI - National,"[""terrorist_financing""]","{""urls"": [], ""domains"": [], ""emails"": [], ""phones"": [], ""ip_addresses"": [], ""crypto_wallets"": []}",Tennessee Man Pleads Guilty to Arson and Attempting to Provide Material Support to a Foreign Terrorist Organization,"Regan Darby Prater, currently of Tullahoma, pleaded guilty to arson and attempting to provide material support to a foreign terrorist organization.","Regan Darby Prater, currently of Tullahoma, pleaded guilty to arson and attempting to provide material support to a foreign terrorist organization.",https://www.fbi.gov/contact-us/field-offices/nashville/news/tennessee-man-pleads-guilty-to-arson-and-attempting-to-provide-material-support-to-a-foreign-terrorist-organization,147
be92307d2ef103,2026-04-13,2026,4,FBI - National,"[""other""]","{""urls"": [], ""domains"": [], ""emails"": [], ""phones"": [], ""ip_addresses"": [], ""crypto_wallets"": []}",New Haven Man Charged with Child Exploitation Offenses,"Marcos Alex Mendez Torres, 26, of New Haven, has been charged by federal criminal complaint with multiple child exploitation offenses","Marcos Alex Mendez Torres, 26, of New Haven, has been charged by federal criminal complaint with multiple child exploitation offenses",https://www.fbi.gov/contact-us/field-offices/newhaven/news/new-haven-man-charged-with-child-exploitation-offenses,133
f98d56cae4498f,2026-04-13,2026,4,FBI - National,"[""other""]","{""urls"": [], ""domains"": [], ""emails"": [], ""phones"": [], ""ip_addresses"": [], ""crypto_wallets"": []}",Minnesota Man Found Guilty of Sexually Abusing Subordinate During Training Mission at Army Base in San Bernardino County,A former member of the Minnesota National Guard was found guilty by a jury of sexually abusing a subordinate during a training mission at Fort Irwin.,A former member of the Minnesota National Guard was found guilty by a jury of sexually abusing a subordinate during a training mission at Fort Irwin.,https://www.fbi.gov/contact-us/field-offices/losangeles/news/minnesota-man-found-guilty-of-sexually-abusing-subordinate-during-training-mission-at-army-base-in-san-bernardino-county,149
22011f5457c9fb,2026-04-13,2026,4,FBI - National,"[""other""]","{""urls"": [], ""domains"": [], ""emails"": [], ""phones"": [], ""ip_addresses"": [], ""crypto_wallets"": []}",Honduran National Unlawfully Residing in Oregon Found Guilty of Distributing Fentanyl Resulting in Portland Overdose Death,"A federal jury in Portland found Hugo Gomez-Soto, 51, a Honduran national unlawfully residing in Oregon, guilty of distributing fentanyl.","A federal jury in Portland found Hugo Gomez-Soto, 51, a Honduran national unlawfully residing in Oregon, guilty of distributing fentanyl.",https://www.fbi.gov/contact-us/field-offices/portland/news/honduran-national-unlawfully-residing-in-oregon-found-guilty-of-distributing-fentanyl-resulting-in-portland-overdose-death,137
6f0e33a6ec6def,2026-04-13,2026,4,FBI - National,"[""other""]","{""urls"": [], ""domains"": [], ""emails"": [], ""phones"": [], ""ip_addresses"": [], ""crypto_wallets"": []}",Justice Department Announces Compensation Process for OneCoin Fraud Victims with Funds Recovered Through Asset Forfeiture,The Department of Justice announced the beginning of the remission compensation process to provide recovery for victims of an international investment scheme.,The Department of Justice announced the beginning of the remission compensation process to provide recovery for victims of an international investment scheme.,https://www.fbi.gov/news/press-releases/justice-department-announces-compensation-process-for-onecoin-fraud-victims-with-funds-recovered-through-asset-forfeiture,158
b69f70ceda64d5,2026-04-13,2026,4,FBI - National,"[""other""]","{""urls"": [], ""domains"": [], ""emails"": [], ""phones"": [], ""ip_addresses"": [], ""crypto_wallets"": []}","Former Loveland, Colorado, Police Department Officer Sentenced for Sexually Assaulting a Minor Child","Dylan Miller, 30, a former Loveland, Colorado, Police Department (LPD) officer, was sentenced to 17 years in prison for sexually assaulting a minor while he was on duty.","Dylan Miller, 30, a former Loveland, Colorado, Police Department (LPD) officer, was sentenced to 17 years in prison for sexually assaulting a minor while he was on duty.",https://www.fbi.gov/contact-us/field-offices/denver/news/former-loveland-colorado-police-department-officer-sentenced-for-sexually-assaulting-a-minor-child,169
d4ac6fc8dc8b21,2026-04-13,2026,4,FBI - National,"[""other""]","{""urls"": [], ""domains"": [], ""emails"": [], ""phones"": [], ""ip_addresses"": [], ""crypto_wallets"": []}",Massachusetts Man Arrested for Attempted Enticement of a Minor,"Mark Nacht, age 65, of Waltham, Massachusetts, has been arrested on charges of attempted enticement of a minor.","Mark Nacht, age 65, of Waltham, Massachusetts, has been arrested on charges of attempted enticement of a minor.",https://www.fbi.gov/contact-us/field-offices/albany/news/massachusetts-man-arrested-for-attempted-enticement-of-a-minor,111
78662fa4ed4b36,2026-04-13,2026,4,FBI - National,"[""other""]","{""urls"": [], ""domains"": [], ""emails"": [], ""phones"": [], ""ip_addresses"": [], ""crypto_wallets"": []}",Quemado Man Pleads Guilty to Federal Firearm Offense,"Chad Walter Gash, 43, of Quemado, pleaded guilty in federal court after law enforcement seized 13 firearms and ammunition from his property during a 2024 search.","Chad Walter Gash, 43, of Quemado, pleaded guilty in federal court after law enforcement seized 13 firearms and ammunition from his property during a 2024 search.",https://www.fbi.gov/contact-us/field-offices/albuquerque/news/quemado-man-pleads-guilty-to-federal-firearm-offense,161
9a534bc48339f7,2026-04-13,2026,4,FBI - National,"[""other""]","{""urls"": [], ""domains"": [], ""emails"": [], ""phones"": [], ""ip_addresses"": [], ""crypto_wallets"": []}",Etowah County Man Sentenced to More Than 17 Years in Prison for Trafficking Drugs,"Tostig Denard Moore, 41, of Gadsden, Alabama, has been sentenced to 214 months in prison for trafficking drugs.","Tostig Denard Moore, 41, of Gadsden, Alabama, has been sentenced to 214 months in prison for trafficking drugs.",https://www.fbi.gov/contact-us/field-offices/birmingham/news/etowah-county-man-sentenced-to-more-than-17-years-in-prison-for-trafficking-drugs,111
a7a0c25543feb3,2026-04-13,2026,4,FBI - National,"[""other""]","{""urls"": [], ""domains"": [], ""emails"": [], ""phones"": [], ""ip_addresses"": [], ""crypto_wallets"": []}",Las Vegas Homeland Security Task Force Takedown Results in Arrests and Indictment of Two Men for Distributing Large Quantities of Drugs and Money Laundering,Two men have been arrested and made their initial appearances in court on April 10 for allegedly trafficking significant quantities of drugs.,Two men have been arrested and made their initial appearances in court on April 10 for allegedly trafficking significant quantities of drugs.,https://www.fbi.gov/contact-us/field-offices/lasvegas/news/las-vegas-homeland-security-task-force-takedown-results-in-arrests-and-indictment-of-two-men-for-distributing-large-quantities-of-drugs-and-money-laundering,141
3b7a805779860f,2026-04-13,2026,4,FBI - National,"[""other""]","{""urls"": [], ""domains"": [], ""emails"": [], ""phones"": [], ""ip_addresses"": [], ""crypto_wallets"": []}",Veterinarian Arrested for Sending Threatening Text Message and Transporting Minors in Interstate Commerce with the Intent to Engage in Sexual Acts,Gregory Ford of Morriston has been arrested on charges of transporting a minor with the intent to engage in sexual activity and sending threatening communications.,Gregory Ford of Morriston has been arrested on charges of transporting a minor with the intent to engage in sexual activity and sending threatening communications.,https://www.fbi.gov/contact-us/field-offices/tampa/news/veterinarian-arrested-for-sending-threatening-text-message-and-transporting-minors-in-interstate-commerce-with-the-intent-to-engage-in-sexual-acts,163
4c1ab27a17ec0b,2026-04-13,2026,4,FBI - National,"[""other""]","{""urls"": [], ""domains"": [], ""emails"": [], ""phones"": [], ""ip_addresses"": [], ""crypto_wallets"": []}","Butler Man Pleads Guilty to Threatening to Assault and Murder President Trump, Other U.S. Officials, and Immigration and Customs Enforcement Agents","Shawn Monper, 33, a resident of Butler, Pennsylvania, pleaded guilty in federal court to making threats to assault and murder President Donald J. Trump, other United States officials.","Shawn Monper, 33, a resident of Butler, Pennsylvania, pleaded guilty in federal court to making threats to assault and murder President Donald J. Trump, other United States officials.",https://www.fbi.gov/contact-us/field-offices/pittsburgh/news/butler-man-pleads-guilty-to-threatening-to-assault-and-murder-president-trump-other-us-officials-and-immigration-and-customs-enforcement-agents,183
928589cb28c024,2026-04-13,2026,4,FBI - National,"[""other""]","{""urls"": [], ""domains"": [], ""emails"": [], ""phones"": [], ""ip_addresses"": [], ""crypto_wallets"": []}",Thirteen Members of Armed Drug Trafficking and Dog Fighting Ring Sentenced,Thirteen defendants have been sentenced for their roles in an armed international drug trafficking and dog fighting ring in central Indiana.,Thirteen defendants have been sentenced for their roles in an armed international drug trafficking and dog fighting ring in central Indiana.,https://www.fbi.gov/contact-us/field-offices/indianapolis/news/thirteen-members-of-armed-drug-trafficking-and-dog-fighting-ring-sentenced,140
d49863dbe18cfa,2026-04-13,2026,4,FBI - National,"[""other""]","{""urls"": [], ""domains"": [], ""emails"": [], ""phones"": [], ""ip_addresses"": [], ""crypto_wallets"": []}",Eagle Butte Man Sentenced to Federal Prison for Possessing Stolen Ammunition,"Nathanal Benoist of Eagle Butte, South Dakota, has been sentenced to 14 months in federal prison for possession of stolen ammunition.","Nathanal Benoist of Eagle Butte, South Dakota, has been sentenced to 14 months in federal prison for possession of stolen ammunition.",https://www.fbi.gov/contact-us/field-offices/minneapolis/news/eagle-butte-man-sentenced-to-federal-prison-for-possessing-stolen-ammunition,133
be9778b066e218,2026-04-13,2026,4,FBI - National,"[""other""]","{""urls"": [], ""domains"": [], ""emails"": [], ""phones"": [], ""ip_addresses"": [], ""crypto_wallets"": []}",Graduate Student From Colorado Indicted for Sexual Exploitation of Minors and Cyberstalking,"Chandan M. Bhangale, age 29, has been charged with two counts of attempted sexual exploitation of minors from the Fox Valley region and one count of cyberstalking.","Chandan M. Bhangale, age 29, has been charged with two counts of attempted sexual exploitation of minors from the Fox Valley region and one count of cyberstalking.",https://www.fbi.gov/contact-us/field-offices/milwaukee/news/graduate-student-from-colorado-indicted-for-sexual-exploitation-of-minors-and-cyberstalking,163
8d903a4d4820e1,2026-04-13,2026,4,FBI - National,"[""terrorist_financing""]","{""urls"": [], ""domains"": [], ""emails"": [], ""phones"": [], ""ip_addresses"": [], ""crypto_wallets"": []}",Illegal Alien Pleads Guilty to Conspiring to Commit Bank Larceny on Behalf of Foreign Terrorist Organization,"Yosue Manuel Gonzalez-Moy, an illegal alien from Venezuela, pleaded guilty to conspiring to commit bank larceny on behalf of Tren de Aragua.","Yosue Manuel Gonzalez-Moy, an illegal alien from Venezuela, pleaded guilty to conspiring to commit bank larceny on behalf of Tren de Aragua.",https://www.fbi.gov/contact-us/field-offices/detroit/news/illegal-alien-pleads-guilty-to-conspiring-to-commit-bank-larceny-on-behalf-of-foreign-terrorist-organization,140
b96d38e79b33cc,2026-04-13,2026,4,FBI - National,"[""other""]","{""urls"": [], ""domains"": [], ""emails"": [], ""phones"": [], ""ip_addresses"": [], ""crypto_wallets"": []}","California Man Pleads Guilty to Stalking, Harassing, and Threatening Women in Rhode Island, Massachusetts, and Elsewhere","Justin Glauthier, 30, of California, has pleaded guilty in federal court in Rhode Island to charges related to a scheme in which he made hundreds of obscene and threatening telephone calls.","Justin Glauthier, 30, of California, has pleaded guilty in federal court in Rhode Island to charges related to a scheme in which he made hundreds of obscene and threatening telephone calls.",https://www.fbi.gov/contact-us/field-offices/boston/news/california-man-pleads-guilty-to-stalking-harassing-and-threatening-women-in-ri-ma-and-elsewhere,189
80ba9270e34312,2026-04-13,2026,4,FBI - National,"[""other""]","{""urls"": [], ""domains"": [], ""emails"": [], ""phones"": [], ""ip_addresses"": [], ""crypto_wallets"": []}",Illegal Alien Sentenced to 13 Years in Prison for Child Pornography Offense and Illegal Reentry,"A Guatemalan national unlawfully residing in Dorchester, Massachusetts, has been sentenced to 13 years in prison for unlawfully reentering the United States.","A Guatemalan national unlawfully residing in Dorchester, Massachusetts, has been sentenced to 13 years in prison for unlawfully reentering the United States.",https://www.fbi.gov/contact-us/field-offices/boston/news/illegal-alien-sentenced-to-13-years-in-prison-for-child-pornography-offense-and-illegal-reentry,157
cfc7ae8a250a5a,2026-04-13,2026,4,FBI - National,"[""other""]","{""urls"": [], ""domains"": [], ""emails"": [], ""phones"": [], ""ip_addresses"": [], ""crypto_wallets"": []}","FBI Dallas Brings Awareness to Transnational Repression, Urges Public to Report Incidents to Law Enforcement","FBI Dallas is bringing awareness to transnational repression, a lesser-known crime impacting communities in North Texas.","FBI Dallas is bringing awareness to transnational repression, a lesser-known crime impacting communities in North Texas.",https://www.fbi.gov/contact-us/field-offices/dallas/news/fbi-dallas-brings-awareness-to-transnational-repression-urges-public-to-report-incidents-to-law-enforcement,120
704664312fc928,2026-04-13,2026,4,FBI - National,"[""other""]","{""urls"": [], ""domains"": [], ""emails"": [], ""phones"": [], ""ip_addresses"": [], ""crypto_wallets"": []}",Titusville Teen Charged as Adult in Killing of Stepsister on Cruise Ship,A 16-year-old has been indicted as an adult by a federal grand jury on charges of murder and aggravated sexual abuse in the killing of his stepsister.,A 16-year-old has been indicted as an adult by a federal grand jury on charges of murder and aggravated sexual abuse in the killing of his stepsister.,https://www.fbi.gov/contact-us/field-offices/miami/news/titusville-teen-charged-as-adult-in-killing-of-stepsister-on-cruise-ship,150
b8fc4b9553aa26,2026-04-13,2026,4,FBI - National,"[""other""]","{""urls"": [], ""domains"": [], ""emails"": [], ""phones"": [], ""ip_addresses"": [], ""crypto_wallets"": []}",San Ramon Man Indicted on Charge of Using Online Platforms to Coerce and Entice Nine Minor Victims to Engage in Sexual Activity,"A federal grand jury indicted a San Ramon man, Ishaq Ikharo, on charges of coercion and enticement of nine minor victims to engage in sexual activity.","A federal grand jury indicted a San Ramon man, Ishaq Ikharo, on charges of coercion and enticement of nine minor victims to engage in sexual activity.",https://www.fbi.gov/contact-us/field-offices/sanfrancisco/news/san-ramon-man-indicted-on-charge-of-using-online-platforms-to-coerce-and-entice-nine-minor-victims-to-engage-in-sexual-activity,150
e97fe09d43ce39,2026-04-13,2026,4,FBI - National,"[""other""]","{""urls"": [], ""domains"": [], ""emails"": [], ""phones"": [], ""ip_addresses"": [], ""crypto_wallets"": []}",Rowan County Man Sentenced for Methamphetamine and Fentanyl Trafficking,"Corey Skiles, 34, of Morehead, received 160 months in prison for possession with intent to distribute 500 grams of methamphetamine and 40 grams or more of fentanyl.","Corey Skiles, 34, of Morehead, received 160 months in prison for possession with intent to distribute 500 grams of methamphetamine and 40 grams or more of fentanyl.",https://www.fbi.gov/contact-us/field-offices/louisville/news/rowan-county-man-sentenced-for-methamphetamine-and-fentanyl-trafficking,164
5a82cee3b0f283,2026-04-13,2026,4,FBI - National,"[""other""]","{""urls"": [], ""domains"": [], ""emails"": [], ""phones"": [], ""ip_addresses"": [], ""crypto_wallets"": []}",DC Solar Accountant is Last to Be Sentenced for the DC Solar Billion-Dollar Ponzi Scheme,"Ronald J. Roach, 59, the last defendant in the biggest criminal fraud scheme in the history of the Eastern District of California, was sentenced to 66 months in prison.","Ronald J. Roach, 59, the last defendant in the biggest criminal fraud scheme in the history of the Eastern District of California, was sentenced to 66 months in prison.",https://www.fbi.gov/contact-us/field-offices/sacramento/news/dc-solar-accountant-is-last-to-be-sentenced-for-the-dc-solar-billion-dollar-ponzi-scheme,168
9680f1cdb141b7,2026-04-13,2026,4,FBI - National,"[""other""]","{""urls"": [], ""domains"": [], ""emails"": [], ""phones"": [], ""ip_addresses"": [], ""crypto_wallets"": []}",Podiatrist and Pharmaceutical Sales Representative Sentenced in $3.2 Million Health Care Fraud Conspiracy Involving Unlicensed Person Performing Skin Grafts,"Felipe Ruiz, 52, of Fresno, and Jose Gabriel Aguirre, 53, of Clovis, were sentenced to 63 months in prison for conspiracy to commit health care fraud.","Felipe Ruiz, 52, of Fresno, and Jose Gabriel Aguirre, 53, of Clovis, were sentenced to 63 months in prison for conspiracy to commit health care fraud.",https://www.fbi.gov/contact-us/field-offices/sacramento/news/podiatrist-and-pharmaceutical-sales-representative-sentenced-in-32-million-healthcare-fraud-conspiracy-involving-unlicensed-person-performing-skin-grafts,150
5d00d81a5a62cc,2026-04-13,2026,4,FBI - National,"[""other""]","{""urls"": [], ""domains"": [], ""emails"": [], ""phones"": [], ""ip_addresses"": [], ""crypto_wallets"": []}",Farmington Man Pleads Guilty to Federal Firearms Charge After Armed Carjacking,"Myles Cordelle Dan Padilla, 34, of Farmington, has pleaded guilty to federal firearms offenses following a 2022-armed carjacking in which he discharged a weapon.","Myles Cordelle Dan Padilla, 34, of Farmington, has pleaded guilty to federal firearms offenses following a 2022-armed carjacking in which he discharged a weapon.",https://www.fbi.gov/contact-us/field-offices/albuquerque/news/farmington-man-pleads-guilty-to-federal-firearms-charge-after-armed-carjacking,161
d74c2b3e33ed28,2026-04-13,2026,4,FBI - National,"[""other""]","{""urls"": [], ""domains"": [], ""emails"": [], ""phones"": [], ""ip_addresses"": [], ""crypto_wallets"": []}",Pojoaque Man Sentenced to 14 Years in Prison for Sexually Abusing a Minor,"Alexander John Duran, 31, of Pojoaque, has been sentenced to 14 years in prison for sexually abusing a minor.","Alexander John Duran, 31, of Pojoaque, has been sentenced to 14 years in prison for sexually abusing a minor.",https://www.fbi.gov/contact-us/field-offices/albuquerque/news/pojoaque-man-sentence-to-14-years-in-prison-for-sexually-abusing-a-minor,109
431db7e737e693,2026-04-13,2026,4,FBI - National,"[""other""]","{""urls"": [], ""domains"": [], ""emails"": [], ""phones"": [], ""ip_addresses"": [], ""crypto_wallets"": []}",Farmington Woman Sentenced for Assault on Motorcyclist,"Tenille Quintawna Peshlakai, 33, of Farmington has been sentenced to five years of probation for intentionally causing a motorcyclist to crash following an argument.","Tenille Quintawna Peshlakai, 33, of Farmington has been sentenced to five years of probation for intentionally causing a motorcyclist to crash following an argument.",https://www.fbi.gov/contact-us/field-offices/albuquerque/news/farmington-woman-sentenced-for-assault-on-motorcyclist,165
97142a2a01b5d9,2026-04-10,2026,4,FBI - National,"[""other""]","{""urls"": [], ""domains"": [], ""emails"": [], ""phones"": [], ""ip_addresses"": [], ""crypto_wallets"": []}",IU Biology Researcher Pleads Guilty to Smuggling E. coli DNA From China Concealed in Clothing Shipment,"Youhuang Xiang, 32, formerly a post-doctoral researcher at Indiana University and a citizen of the People’s Republic of China, has been sentenced to more than four months in prison for smuggling biologic materials into the U.S.","Youhuang Xiang, 32, formerly a post-doctoral researcher at Indiana University and a citizen of the People’s Republic of China, has been sentenced to more than four months in prison for smuggling biologic materials into the U.S.",https://www.fbi.gov/contact-us/field-offices/indianapolis/news/iu-biology-researcher-pleads-guilty-to-smuggling-e-coli-dna-from-china-concealed-in-clothing-shipment,227
70de91b755b4c8,2026-04-10,2026,4,FBI - National,"[""other""]","{""urls"": [], ""domains"": [], ""emails"": [], ""phones"": [], ""ip_addresses"": [], ""crypto_wallets"": []}",Two Illegal Aliens From Mexico Sentenced to Decades in Federal Prison for Drug Trafficking in West Tennessee,"Brothers, Julio Cesar Garcia, 45, and Juan Carlos Garcia, 41, both of Chiapas, Mexico, were sentenced to prison for conspiracy to possess with intent to distribute methamphetamine.","Brothers, Julio Cesar Garcia, 45, and Juan Carlos Garcia, 41, both of Chiapas, Mexico, were sentenced to prison for conspiracy to possess with intent to distribute methamphetamine.",https://www.fbi.gov/contact-us/field-offices/nashville/news/two-illegal-aliens-from-mexico-sentenced-to-decades-in-federal-prison-for-drug-trafficking-in-west-tennessee,180
f1ea40a61e8149,2026-04-10,2026,4,FBI - National,"[""other""]","{""urls"": [], ""domains"": [], ""emails"": [], ""phones"": [], ""ip_addresses"": [], ""crypto_wallets"": []}","Federal Jury Finds Memphis Man Guilty of Distributing Heroin and Carfentanil, Resulting in Fatal Overdose","Steven McCurdy, 46, of Memphis, has been found guilty of distributing heroin and carfentanil, resulting in death.","Steven McCurdy, 46, of Memphis, has been found guilty of distributing heroin and carfentanil, resulting in death.",https://www.fbi.gov/contact-us/field-offices/nashville/news/federal-jury-finds-memphis-man-guilty-of-distributing-heroin-and-carfentanil-resulting-in-fatal-overdose,113
3fdf1df077b31e,2026-04-10,2026,4,FBI - National,"[""other""]","{""urls"": [], ""domains"": [], ""emails"": [], ""phones"": [], ""ip_addresses"": [], ""crypto_wallets"": []}",Journalist Pleads Guilty to Possession of Child Pornography,"Thomas Pham LeGro, 48, of the District of Columbia, pleaded guilty in U.S. District Court to one count of possession of child pornography.","Thomas Pham LeGro, 48, of the District of Columbia, pleaded guilty in U.S. District Court to one count of possession of child pornography.",https://www.fbi.gov/contact-us/field-offices/washingtondc/news/journalist-pleads-guilty-to-possession-of-child-pornography,138
964b7dbcae29fd,2026-04-10,2026,4,FBI - National,"[""other""]","{""urls"": [], ""domains"": [], ""emails"": [], ""phones"": [], ""ip_addresses"": [], ""crypto_wallets"": []}","Social Media Influencer Sentenced to Six Years in Prison for $20 Million Ponzi Scheme, Tax Fraud","United States Attorney Dominick S. Gerace II announced enforcement actions against violators of tax laws, including a social media influencer.","United States Attorney Dominick S. Gerace II announced enforcement actions against violators of tax laws, including a social media influencer.",https://www.fbi.gov/contact-us/field-offices/cincinnati/news/social-media-influencer-sentenced-to-six-years-in-prison-for-20-million-ponzi-scheme-tax-fraud,142
52515b1c664a57,2026-04-10,2026,4,FBI - National,"[""other""]","{""urls"": [], ""domains"": [], ""emails"": [], ""phones"": [], ""ip_addresses"": [], ""crypto_wallets"": []}",Long Island College Professor Charged with Attempted Enticement of a Minor,Philip Schuler was arraigned on a seven-count indictment charging him with attempted coercion and enticement of a minor and child pornography charges.,Philip Schuler was arraigned on a seven-count indictment charging him with attempted coercion and enticement of a minor and child pornography charges.,https://www.fbi.gov/contact-us/field-offices/newyork/news/long-island-college-professor-charged-with-attempted-enticement-of-a-minor,150
429abe5faf8723,2026-04-10,2026,4,FBI - National,"[""other""]","{""urls"": [], ""domains"": [], ""emails"": [], ""phones"": [], ""ip_addresses"": [], ""crypto_wallets"": []}",Inland Empire Man Federally Charged with Deliberately Setting Fires That Destroyed Massive Warehouse in Ontario,"Chamel Abdulkarim, 29, of Highland, has been charged in a federal criminal complaint with deliberately setting fires that destroyed a 1.2 million-square-foot warehouse.","Chamel Abdulkarim, 29, of Highland, has been charged in a federal criminal complaint with deliberately setting fires that destroyed a 1.2 million-square-foot warehouse.",https://www.fbi.gov/contact-us/field-offices/losangeles/news/inland-empire-man-federally-charged-with-deliberately-setting-fires-that-destroyed-massive-warehouse-in-ontario,168
8c86668674700a,2026-04-10,2026,4,FBI - National,"[""other""]","{""urls"": [], ""domains"": [], ""emails"": [], ""phones"": [], ""ip_addresses"": [], ""crypto_wallets"": []}",Anchorage Man Guilty of Drug Trafficking Crimes,A federal jury convicted an Anchorage man for his role in a drug trafficking conspiracy targeting Alaska.,A federal jury convicted an Anchorage man for his role in a drug trafficking conspiracy targeting Alaska.,https://www.fbi.gov/contact-us/field-offices/anchorage/news/anchorage-man-guilty-of-drug-trafficking-crimes,105
d8bd6c7c7766d4,2026-04-10,2026,4,FBI - National,"[""other""]","{""urls"": [], ""domains"": [], ""emails"": [], ""phones"": [], ""ip_addresses"": [], ""crypto_wallets"": []}",Man Sentenced to 14 and a Half Years in Prison for Carjacking Vehicle at Gunpoint in Backyard of Chicago Residence,A man who carjacked a vehicle at gunpoint in the backyard of a Chicago residence has been sentenced to 14 and a half years in federal prison.,A man who carjacked a vehicle at gunpoint in the backyard of a Chicago residence has been sentenced to 14 and a half years in federal prison.,https://www.fbi.gov/contact-us/field-offices/chicago/news/man-sentenced-to-14-and-a-half-years-in-prison-for-carjacking-vehicle-at-gunpoint-in-backyard-of-chicago-residence,141
1fcd6ad9aff1cf,2026-04-10,2026,4,FBI - National,"[""other""]","{""urls"": [], ""domains"": [], ""emails"": [], ""phones"": [], ""ip_addresses"": [], ""crypto_wallets"": []}",Chinese National Pleads Guilty to Escaping From FCI Danbury,"Xiaoqin Yan, 32, a citizen of China, pleaded guilty in Bridgeport to escape from the custody of the Attorney General.","Xiaoqin Yan, 32, a citizen of China, pleaded guilty in Bridgeport to escape from the custody of the Attorney General.",https://www.fbi.gov/contact-us/field-offices/newhaven/news/chinese-national-pleads-guilty-to-escaping-from-fci-danbury,117
f292bc577233ce,2026-04-10,2026,4,FBI - National,"[""other""]","{""urls"": [], ""domains"": [], ""emails"": [], ""phones"": [], ""ip_addresses"": [], ""crypto_wallets"": []}",U.S. Attorney’s Office Filed 111 Border-Related Cases This Week,"Federal prosecutors filed 111 border-related cases this week, including charges of bringing in aliens for financial gain, reentering the U.S. after deportation, and importation of controlled substances.","Federal prosecutors filed 111 border-related cases this week, including charges of bringing in aliens for financial gain, reentering the U.S. after deportation, and importation of controlled substances.",https://www.fbi.gov/contact-us/field-offices/sandiego/news/us-attorneys-office-filed-111-border-related-cases-this-week-1,202
1746fd06c6e87f,2026-04-10,2026,4,FBI - National,"[""other""]","{""urls"": [], ""domains"": [], ""emails"": [], ""phones"": [], ""ip_addresses"": [], ""crypto_wallets"": []}","Participant in $542,000 Family COVID Fraud Ring Sentenced to Prison",A federal judge sentenced Erica McMillian to 10 months in prison for her role in submitting a false application to the Small Business Administration.,A federal judge sentenced Erica McMillian to 10 months in prison for her role in submitting a false application to the Small Business Administration.,https://www.fbi.gov/contact-us/field-offices/charlotte/news/participant-in-542000-family-covid-fraud-ring-sentenced-to-prison,149
7c97473f52c2bf,2026-04-10,2026,4,FBI - National,"[""other""]","{""urls"": [], ""domains"": [], ""emails"": [], ""phones"": [], ""ip_addresses"": [], ""crypto_wallets"": []}",Man Sentenced to 10 Years for Carjacking a Cabdriver at Gunpoint,Manuel Joseph Rose III of San Diego was sentenced to 10 years in prison for committing an armed carjacking and unlawfully possessing ammunition as a convicted felon.,Manuel Joseph Rose III of San Diego was sentenced to 10 years in prison for committing an armed carjacking and unlawfully possessing ammunition as a convicted felon.,https://www.fbi.gov/contact-us/field-offices/sandiego/news/man-sentenced-to-10-years-for-carjacking-a-cabdriver-at-gunpoint,165
cce022a7e6d264,2026-04-10,2026,4,FBI - National,"[""other""]","{""urls"": [], ""domains"": [], ""emails"": [], ""phones"": [], ""ip_addresses"": [], ""crypto_wallets"": []}",District of Arizona Charges 171 Individuals for Immigration-Related Criminal Conduct This Week,"During the week of enforcement operations from April 4 through April 10, 2026, the U.S. Attorney’s Office brought immigration-related criminal charges against 171 individuals.","During the week of enforcement operations from April 4 through April 10, 2026, the U.S. Attorney’s Office brought immigration-related criminal charges against 171 individuals.",https://www.fbi.gov/contact-us/field-offices/phoenix/news/district-of-arizona-charges-171-individuals-for-immigration-related-criminal-conduct-this-week,175
f935457c8a077b,2026-04-10,2026,4,FBI - National,"[""other""]","{""urls"": [], ""domains"": [], ""emails"": [], ""phones"": [], ""ip_addresses"": [], ""crypto_wallets"": []}",Asian Boyz Gang Member and Second Gang Associate From Lowell Plead Guilty to Methamphetamine Pill Trafficking Conspiracy,Two Lowell men with allegiances to the Asian Boyz gang have pleaded guilty to distributing and conspiring to distribute thousands of counterfeit Adderall pills.,Two Lowell men with allegiances to the Asian Boyz gang have pleaded guilty to distributing and conspiring to distribute thousands of counterfeit Adderall pills.,https://www.fbi.gov/contact-us/field-offices/boston/news/asian-boyz-gang-member-and-second-gang-associate-from-lowell-plead-guilty-to-methamphetamine-pill-trafficking-conspiracy,160
fdd01518df7c7a,2026-04-10,2026,4,FBI - National,"[""other""]","{""urls"": [], ""domains"": [], ""emails"": [], ""phones"": [], ""ip_addresses"": [], ""crypto_wallets"": []}",Man Pleads Guilty to Suborning Perjury in Federal Court,"During the second week of his federal trial on several witness tampering and perjury charges, Omar R. Pouncy, 38, of Flint, pleaded guilty to suborning perjury.","During the second week of his federal trial on several witness tampering and perjury charges, Omar R. Pouncy, 38, of Flint, pleaded guilty to suborning perjury.",https://www.fbi.gov/contact-us/field-offices/detroit/news/man-pleads-guilty-to-suborning-perjury-in-federal-court,160
18901a56d7e08e,2026-04-10,2026,4,FBI - National,"[""other""]","{""urls"": [], ""domains"": [], ""emails"": [], ""phones"": [], ""ip_addresses"": [], ""crypto_wallets"": []}",Three Family Members Plead Guilty to Smuggling Drugs Into Prison,"A District of Columbia (D.C.) inmate, his mother, and his brother pleaded guilty to drug conspiracy and the smuggling of contraband into the District of Columbia Central Detention Facility in 2023.","A District of Columbia (D.C.) inmate, his mother, and his brother pleaded guilty to drug conspiracy and the smuggling of contraband into the District of Columbia Central Detention Facility in 2023.",https://www.fbi.gov/contact-us/field-offices/washingtondc/news/three-family-members-plead-guilty-to-smuggling-drugs-into-prison,197
3180ead68b7160,2026-04-10,2026,4,FBI - National,"[""other""]","{""urls"": [], ""domains"": [], ""emails"": [], ""phones"": [], ""ip_addresses"": [], ""crypto_wallets"": []}",Member of the Lynn Chapter of the Trinitarios Pleads Guilty to Racketeering Conspiracy,"A member of the Lynn Chapter of the Trinitarios pleaded guilty to racketeering charges, including his participation in two murders and two other attempted murders.","A member of the Lynn Chapter of the Trinitarios pleaded guilty to racketeering charges, including his participation in two murders and two other attempted murders.",https://www.fbi.gov/contact-us/field-offices/boston/news/member-of-the-lynn-chapter-of-the-trinitarios-pleads-guilty-to-racketeering-conspiracy-2,163
902ed8f7eab350,2026-04-10,2026,4,FBI - National,"[""other""]","{""urls"": [], ""domains"": [], ""emails"": [], ""phones"": [], ""ip_addresses"": [], ""crypto_wallets"": []}",Retired Massachusetts State Police Sergeant Agrees to Plead Guilty to PPP Fraud,A retired Sergeant for the Massachusetts State Police has been charged and has agreed to plead guilty to allegedly fraudulently obtaining a Paycheck Protection Program loan.,A retired Sergeant for the Massachusetts State Police has been charged and has agreed to plead guilty to allegedly fraudulently obtaining a Paycheck Protection Program loan.,https://www.fbi.gov/contact-us/field-offices/boston/news/retired-massachusetts-state-police-sergeant-agrees-to-plead-guilty-to-ppp-fraud,173
f365575bcbd929,2026-04-10,2026,4,FBI - National,"[""other""]","{""urls"": [], ""domains"": [], ""emails"": [], ""phones"": [], ""ip_addresses"": [], ""crypto_wallets"": []}",Two Sentenced to Over 46 Years for Drug Murder,"Tsvia Kol, 37, of Hallandale, and Jimmy Sanchez, 38, of Spring Valley, California, have been sentenced to prison for the 2022 killing of a man in relation to a drug trafficking conspiracy.","Tsvia Kol, 37, of Hallandale, and Jimmy Sanchez, 38, of Spring Valley, California, have been sentenced to prison for the 2022 killing of a man in relation to a drug trafficking conspiracy.",https://www.fbi.gov/contact-us/field-offices/miami/news/two-sentenced-to-over-46-years-for-drug-murder,188
074e47025b3225,2026-04-10,2026,4,FBI - National,"[""other""]","{""urls"": [], ""domains"": [], ""emails"": [], ""phones"": [], ""ip_addresses"": [], ""crypto_wallets"": []}",Former Ohkay Owingeh Police Officer Pleads Guilty to Obstruction of Justice,A former Ohkay Owingeh Police Department officer has pleaded guilty to using his position to disclose sensitive information about a federal investigation.,A former Ohkay Owingeh Police Department officer has pleaded guilty to using his position to disclose sensitive information about a federal investigation.,https://www.fbi.gov/contact-us/field-offices/albuquerque/news/former-ohkay-owingeh-police-officer-pleads-guilty-to-obstruction-of-justice,154
24b5645051790f,2026-04-10,2026,4,FBI - National,"[""other""]","{""urls"": [], ""domains"": [], ""emails"": [], ""phones"": [], ""ip_addresses"": [], ""crypto_wallets"": []}","Drug Trafficker Leading Armed Fentanyl Ring in Berkeley County, West Virginia, Pleads Guilty",Delano Alan Butler has admitted to spearheading a drug trafficking ring in West Virginia’s Eastern Panhandle.,Delano Alan Butler has admitted to spearheading a drug trafficking ring in West Virginia’s Eastern Panhandle.,https://www.fbi.gov/contact-us/field-offices/pittsburgh/news/drug-trafficker-leading-armed-fentanyl-ring-in-berkeley-county-west-virginia-pleads-guilty,109
12669dd51ad008,2026-04-10,2026,4,FBI - National,"[""other""]","{""urls"": [], ""domains"": [], ""emails"": [], ""phones"": [], ""ip_addresses"": [], ""crypto_wallets"": []}",Webster Man Pleads Guilty to Building and Detonating Pipe Bombs in Weare,"Dale G. Stewart, Jr., 57, of Webster, pleaded guilty in federal court to three counts of possessing an unregistered firearm, specifically a destructive device.","Dale G. Stewart, Jr., 57, of Webster, pleaded guilty in federal court to three counts of possessing an unregistered firearm, specifically a destructive device.",https://www.fbi.gov/contact-us/field-offices/boston/news/webster-man-pleads-guilty-to-building-and-detonating-pipe-bombs-in-weare,159
3735a80327a3e9,2026-04-10,2026,4,FBI - National,"[""other""]","{""urls"": [], ""domains"": [], ""emails"": [], ""phones"": [], ""ip_addresses"": [], ""crypto_wallets"": []}",U.S. Attorney’s Office Adds 261 New Immigration Cases in Western District of Texas,Federal prosecutors in the Western District of Texas filed 261 new immigration and immigration-related criminal cases from April 3 to April 9.,Federal prosecutors in the Western District of Texas filed 261 new immigration and immigration-related criminal cases from April 3 to April 9.,https://www.fbi.gov/contact-us/field-offices/sanantonio/news/us-attorneys-office-adds-261-new-immigration-cases-in-western-district-of-texas,142
3b5035e2b762ab,2026-04-10,2026,4,FBI - National,"[""other""]","{""urls"": [], ""domains"": [], ""emails"": [], ""phones"": [], ""ip_addresses"": [], ""crypto_wallets"": []}",Alabama Man Sentenced to Eight Years in Federal Prison for Leadership Role in Alien Smuggling Organization,"Joel Contreras Jr., 33, of Albertville, Alabama, was sentenced in Del Rio to 96 months in prison for conspiracy to transport illegal aliens, placing lives in jeopardy.","Joel Contreras Jr., 33, of Albertville, Alabama, was sentenced in Del Rio to 96 months in prison for conspiracy to transport illegal aliens, placing lives in jeopardy.",https://www.fbi.gov/contact-us/field-offices/sanantonio/news/alabama-man-sentenced-to-eight-years-in-federal-prison-for-leadership-role-in-alien-smuggling-organization,167
95068190ca5100,2026-04-10,2026,4,FBI - National,"[""other""]","{""urls"": [], ""domains"": [], ""emails"": [], ""phones"": [], ""ip_addresses"": [], ""crypto_wallets"": []}",Border Enforcement Efforts Result in Another 354 People Charged in SDTX,"In support of Operation Take Back America, the Southern District of Texas has filed another 353 cases in immigration and border-security related matters.","In support of Operation Take Back America, the Southern District of Texas has filed another 353 cases in immigration and border-security related matters.",https://www.fbi.gov/contact-us/field-offices/houston/news/border-enforcement-efforts-result-in-another-354-people-charged-in-sdtx,153
004e969ac16541,2026-04-10,2026,4,FBI - National,"[""other""]","{""urls"": [], ""domains"": [], ""emails"": [], ""phones"": [], ""ip_addresses"": [], ""crypto_wallets"": []}",Former Shallowater ISD Assistant Band Director Indicted for Enticement of a Minor,A former Shallowater ISD assistant band director was indicted for enticement of a minor after engaging in a sexual relationship with a female high school student.,A former Shallowater ISD assistant band director was indicted for enticement of a minor after engaging in a sexual relationship with a female high school student.,https://www.fbi.gov/contact-us/field-offices/dallas/news/former-shallowater-isd-assistant-band-director-indicted-for-enticement-of-a-minor,162
65648e153d445d,2026-04-10,2026,4,FBI - National,"[""other""]","{""urls"": [], ""domains"": [], ""emails"": [], ""phones"": [], ""ip_addresses"": [], ""crypto_wallets"": []}","South Carolinians Lose $264 Million to Cybercrime, According to Newly Released 2025 Annual IC3 Report","The FBI's Internet Crime Complaint Center (IC3) has released its 2025 annual report. South Carolina ranked 21st of all states and territories in the number of complaints reported by the public, as well as in the separate 2025 elder fraud report.","The FBI's Internet Crime Complaint Center (IC3) has released its 2025 annual report. South Carolina ranked 21st of all states and territories in the number of complaints reported by the public, as well as in the separate 2025 elder fraud report.",https://www.fbi.gov/contact-us/field-offices/columbia/news/south-carolinians-lose-264-million-to-cybercrime-according-to-newly-released-2025-annual-ic3-report,245
28327983b315ff,2026-04-10,2026,4,FBI - National,"[""other""]","{""urls"": [], ""domains"": [], ""emails"": [], ""phones"": [], ""ip_addresses"": [], ""crypto_wallets"": []}",FBI Philadelphia Raises Awareness About Sexual Assaults on Airplanes,"April is Sexual Assault Awareness Month, and FBI Philadelphia is taking the opportunity to alert the public about sexual assault aboard an aircraft.","April is Sexual Assault Awareness Month, and FBI Philadelphia is taking the opportunity to alert the public about sexual assault aboard an aircraft.",https://www.fbi.gov/contact-us/field-offices/philadelphia/news/fbi-philadelphia-raises-awareness-about-sexual-assaults-on-airplanes-1,148
1a33262b693ecf,2026-04-10,2026,4,FBI - National,"[""other""]","{""urls"": [], ""domains"": [], ""emails"": [], ""phones"": [], ""ip_addresses"": [], ""crypto_wallets"": []}",Kennebunkport Man Sentenced for Possessing Child Sexual Abuse Materials,"Kevin Rockwell, 41, of Kennebunkport was sentenced in U.S. District Court in Portland to 20 years in prison for possessing child pornography.","Kevin Rockwell, 41, of Kennebunkport was sentenced in U.S. District Court in Portland to 20 years in prison for possessing child pornography.",https://www.fbi.gov/contact-us/field-offices/boston/news/kennebunkport-man-sentenced-for-possessing-child-sexual-abuse-materials,141
1b9762d0153113,2026-04-10,2026,4,FBI - National,"[""cybercrime""]","{""urls"": [], ""domains"": [], ""emails"": [], ""phones"": [], ""ip_addresses"": [], ""crypto_wallets"": []}","FBI Atlanta, Indonesian Authorities Take Down Global Phishing Network Behind Millions in Fraud Attempts","In a first-of-its-kind joint cyber investigation, the FBI Atlanta Field Office and Indonesian law enforcement authorities have dismantled a sophisticated global phishing operation that enabled cybercriminals to steal thousands of victims’ account credentials and attempt more than $20 million in fraud.","In a first-of-its-kind joint cyber investigation, the FBI Atlanta Field Office and Indonesian law enforcement authorities have dismantled a sophisticated global phishing operation that enabled cybercriminals to steal thousands of victims’ account credentials and attempt more than $20 million in fraud.",https://www.fbi.gov/contact-us/field-offices/atlanta/news/fbi-atlanta-indonesian-authorities-take-down-global-phishing-network-behind-millions-in-fraud-attempts,302
cbc8f6e253f6fc,2026-04-10,2026,4,FBI - National,"[""other""]","{""urls"": [], ""domains"": [], ""emails"": [], ""phones"": [], ""ip_addresses"": [], ""crypto_wallets"": []}",Grand Jury Indicts Buffalo Man on Multiple COVID Related Fraud Charges,"A federal grand jury has returned a 10-count indictment charging Brandon Millender, 24, of Buffalo, New York, with conspiracy to commit wire fraud.","A federal grand jury has returned a 10-count indictment charging Brandon Millender, 24, of Buffalo, New York, with conspiracy to commit wire fraud.",https://www.fbi.gov/contact-us/field-offices/buffalo/news/grand-jury-indicts-buffalo-man-on-multiple-covid-related-fraud-charges,147
2ae71f206f70bd,2026-04-09,2026,4,FBI - National,"[""other""]","{""urls"": [], ""domains"": [], ""emails"": [], ""phones"": [], ""ip_addresses"": [], ""crypto_wallets"": []}",Suburban Chicago Man Charged with Robbing Undercover Federal Task Force Officer,The U.S. Attorney’s Office has charged a suburban Chicago man with robbing a federal task force officer during an undercover drug transaction.,The U.S. Attorney’s Office has charged a suburban Chicago man with robbing a federal task force officer during an undercover drug transaction.,https://www.fbi.gov/contact-us/field-offices/chicago/news/suburban-chicago-man-charged-with-robbing-undercover-federal-task-force-officer,142
edca69a8fcebd4,2026-04-09,2026,4,FBI - National,"[""other""]","{""urls"": [], ""domains"": [], ""emails"": [], ""phones"": [], ""ip_addresses"": [], ""crypto_wallets"": []}",Former FBI Most Wanted Fugitive Admits Child Sex Trafficking,"Donald Eugene Fields II, who was once on the FBI’s Ten Most Wanted Fugitives list, pleaded guilty to providing sexual access to a child in exchange for cash and other items of value.","Donald Eugene Fields II, who was once on the FBI’s Ten Most Wanted Fugitives list, pleaded guilty to providing sexual access to a child in exchange for cash and other items of value.",https://www.fbi.gov/contact-us/field-offices/stlouis/news/former-fbi-most-wanted-fugitive-admits-child-sex-trafficking,182
73706c4ce43c75,2026-04-09,2026,4,FBI - National,"[""other""]","{""urls"": [], ""domains"": [], ""emails"": [], ""phones"": [], ""ip_addresses"": [], ""crypto_wallets"": []}",Minneapolis Man Sentenced to 43 Months for Role in Feeding Our Future Fraud Scheme,Abdullahe Nur Jesow has been sentenced for his role in a $250 million fraud scheme that exploited a federally funded child nutrition program.,Abdullahe Nur Jesow has been sentenced for his role in a $250 million fraud scheme that exploited a federally funded child nutrition program.,https://www.fbi.gov/contact-us/field-offices/minneapolis/news/minneapolis-man-sentenced-to-43-months-for-role-in-feeding-our-future-fraud-scheme,141
dbc9c85f899a80,2026-04-09,2026,4,FBI - National,"[""other""]","{""urls"": [], ""domains"": [], ""emails"": [], ""phones"": [], ""ip_addresses"": [], ""crypto_wallets"": []}",Shiprock Man Pleads Guilty to Sexual Abuse of Minor,A Shiprock man pleaded guilty to sexually abusing a minor over a four-year period.,A Shiprock man pleaded guilty to sexually abusing a minor over a four-year period.,https://www.fbi.gov/contact-us/field-offices/albuquerque/news/shiprock-man-pleads-guilty-to-sexual-abuse-of-minor,82
9c0525c0552ae4,2026-04-09,2026,4,FBI - National,"[""other""]","{""urls"": [], ""domains"": [], ""emails"": [], ""phones"": [], ""ip_addresses"": [], ""crypto_wallets"": []}",Muskogee Resident Sentenced for Assault Resulting in Serious Bodily Injury,"Tommy Lynn Byrd, Jr., age 38, of Muskogee, Oklahoma, was sentenced to 33 months in prison for one count of assault resulting in serious bodily injury in Indian Country.","Tommy Lynn Byrd, Jr., age 38, of Muskogee, Oklahoma, was sentenced to 33 months in prison for one count of assault resulting in serious bodily injury in Indian Country.",https://www.fbi.gov/contact-us/field-offices/oklahomacity/news/muskogee-resident-sentenced-for-assault-resulting-in-serious-bodily-injury,168
48a0f585ca577f,2026-04-09,2026,4,FBI - National,"[""other""]","{""urls"": [], ""domains"": [], ""emails"": [], ""phones"": [], ""ip_addresses"": [], ""crypto_wallets"": []}",Former Ohio Senate Candidate Sentenced to Federal Prison for $4.5 Million Fraud Scheme,"Jonathan Leissler, of Stow, Ohio, who embezzled millions from his employer and a local fraternal police organization, has been sentenced to 48 months in prison.","Jonathan Leissler, of Stow, Ohio, who embezzled millions from his employer and a local fraternal police organization, has been sentenced to 48 months in prison.",https://www.fbi.gov/contact-us/field-offices/cleveland/news/former-ohio-senate-candidate-sentenced-to-federal-prison-for-45m-fraud-scheme,160
b57fbdf1f77185,2026-04-09,2026,4,FBI - National,"[""other""]","{""urls"": [], ""domains"": [], ""emails"": [], ""phones"": [], ""ip_addresses"": [], ""crypto_wallets"": []}","Three Crips Members Convicted of Racketeering, Murder, and Other Gang-Related Crimes","Three gang members were convicted on 52 counts of a third superseding indictment charging them variously with racketeering, racketeering conspiracy, murder, and related crimes.","Three gang members were convicted on 52 counts of a third superseding indictment charging them variously with racketeering, racketeering conspiracy, murder, and related crimes.",https://www.fbi.gov/contact-us/field-offices/newyork/news/three-crips-members-convicted-of-racketeering-murder-and-other-gang-related-crimes,176
575487d87259d3,2026-04-09,2026,4,FBI - National,"[""other""]","{""urls"": [], ""domains"": [], ""emails"": [], ""phones"": [], ""ip_addresses"": [], ""crypto_wallets"": []}",Tennessee Man Who Was Found in Florida with Missing Ohio Teen Charged with Transporting a Minor to Engage in Sexual Activity,Charges have been filed in the Southern District of Ohio against a Tennessee man with whom a previously missing Colerain teenager was found in Florida on March 13.,Charges have been filed in the Southern District of Ohio against a Tennessee man with whom a previously missing Colerain teenager was found in Florida on March 13.,https://www.fbi.gov/contact-us/field-offices/cincinnati/news/tennessee-man-who-was-found-in-florida-with-missing-ohio-teen-charged-with-transporting-a-minor-to-engage-in-sexual-activity,163
3d3b3cb09b5094,2026-04-09,2026,4,FBI - National,"[""other""]","{""urls"": [], ""domains"": [], ""emails"": [], ""phones"": [], ""ip_addresses"": [], ""crypto_wallets"": []}",Essex County Man Sentenced to 149 Months in Prison for Robbing Drugstore Employees at Gun Point,An Essex County man who robbed pharmacy employees at gun point has been sentenced to 149 months in prison and five years of supervised release.,An Essex County man who robbed pharmacy employees at gun point has been sentenced to 149 months in prison and five years of supervised release.,https://www.fbi.gov/contact-us/field-offices/newark/news/essex-county-man-sentenced-to-149-months-in-prison-for-robbing-drugstore-employees-at-gun-point,143
b9ea9e58e449ce,2026-04-09,2026,4,FBI - National,"[""identity_fraud""]","{""urls"": [], ""domains"": [], ""emails"": [], ""phones"": [], ""ip_addresses"": [], ""crypto_wallets"": []}",Female Duo Sentenced for Bank Fraud and Identity Theft,"A pair of women from Charlotte, North Carolina, have been sentenced to prison for stealing identities to withdraw funds from bank accounts.","A pair of women from Charlotte, North Carolina, have been sentenced to prison for stealing identities to withdraw funds from bank accounts.",https://www.fbi.gov/contact-us/field-offices/billings/news/female-duo-sentenced-for-bank-fraud-and-identity-theft,139
3db00ec9fb57f3,2026-04-09,2026,4,FBI - National,"[""other""]","{""urls"": [], ""domains"": [], ""emails"": [], ""phones"": [], ""ip_addresses"": [], ""crypto_wallets"": []}",Tallahassee Man Pleads Guilty to Possession of Child Pornography,Cedrick Campbell pleaded guilty in federal court to two counts of possession of child pornography.,Cedrick Campbell pleaded guilty in federal court to two counts of possession of child pornography.,https://www.fbi.gov/contact-us/field-offices/jacksonville/news/tallahassee-man-pleads-guilty-to-possession-of-child-pornography,98
83aad9c98b18e4,2026-04-09,2026,4,FBI - National,"[""other""]","{""urls"": [], ""domains"": [], ""emails"": [], ""phones"": [], ""ip_addresses"": [], ""crypto_wallets"": []}",Seven Illegal Aliens Sentenced for Operating a Multistate Burglary Ring,"John Sebastian Quintero-Herrera, a Colombian national, was sentenced to serve 70 months in prison.","John Sebastian Quintero-Herrera, a Colombian national, was sentenced to serve 70 months in prison.",https://www.fbi.gov/contact-us/field-offices/detroit/news/seven-illegal-aliens-sentenced-for-operating-a-multistate-burglary-ring,98
91975edf206e83,2026-04-09,2026,4,FBI - National,"[""other""]","{""urls"": [], ""domains"": [], ""emails"": [], ""phones"": [], ""ip_addresses"": [], ""crypto_wallets"": []}",Clearwater Man Sentenced to More Than Seven Years in Prison for Distributing and Possessing Child Sexual Abuse Material,Zachary William Thomas has been sentenced to seven years and six months in federal prison for distribution and possession of child sexual abuse material (CSAM).,Zachary William Thomas has been sentenced to seven years and six months in federal prison for distribution and possession of child sexual abuse material (CSAM).,https://www.fbi.gov/contact-us/field-offices/tampa/news/clearwater-man-sentenced-to-more-than-seven-years-in-prison-for-distributing-and-possessing-child-sexual-abuse-material,160
798c9634846c20,2026-04-09,2026,4,FBI - National,"[""other""]","{""urls"": [], ""domains"": [], ""emails"": [], ""phones"": [], ""ip_addresses"": [], ""crypto_wallets"": []}",Connecticut Woman Sentenced to Prison for Lying to Obtain U.S. Citizenship After Committing Torture and War Crimes in Bosnia,A Connecticut woman who was a naturalized U.S. citizen from Bosnia and Herzegovina was sentenced to 30 months in prison for naturalization fraud.,A Connecticut woman who was a naturalized U.S. citizen from Bosnia and Herzegovina was sentenced to 30 months in prison for naturalization fraud.,https://www.fbi.gov/news/press-releases/connecticut-woman-sentenced-to-prison-for-lying-to-obtain-us-citizenship-after-committing-torture-and-war-crimes-in-bosnia,145
512fb85fa0301d,2026-04-09,2026,4,FBI - National,"[""other""]","{""urls"": [], ""domains"": [], ""emails"": [], ""phones"": [], ""ip_addresses"": [], ""crypto_wallets"": []}",Memphis Resident Sentenced for Federal Kidnapping,"Elmer Smith, 39, of Memphis, Tennessee, pleaded guilty and was sentenced to over 14 years in prison for kidnapping a victim as a result of domestic violence.","Elmer Smith, 39, of Memphis, Tennessee, pleaded guilty and was sentenced to over 14 years in prison for kidnapping a victim as a result of domestic violence.",https://www.fbi.gov/contact-us/field-offices/jackson/news/memphis-resident-sentenced-for-federal-kidnapping,157
c91e74e155663b,2026-04-09,2026,4,FBI - National,"[""other""]","{""urls"": [], ""domains"": [], ""emails"": [], ""phones"": [], ""ip_addresses"": [], ""crypto_wallets"": []}",Clarkston Woman Sentenced to Five Years in Prison for Role in Overdose Death,Shannon Louise Grove was sentenced on fentanyl distribution charges that resulted in an overdose death.,Shannon Louise Grove was sentenced on fentanyl distribution charges that resulted in an overdose death.,https://www.fbi.gov/contact-us/field-offices/seattle/news/clarkston-woman-sentenced-to-five-years-in-prison-for-role-in-overdose-death,103
14acda69fa33dc,2026-04-09,2026,4,FBI - National,"[""other""]","{""urls"": [], ""domains"": [], ""emails"": [], ""phones"": [], ""ip_addresses"": [], ""crypto_wallets"": []}",Pine Ridge Woman Sentenced to Over 19 Years in Federal Prison for Conspiring to Distribute Fentanyl and Methamphetamine in Rapid City and in the Pine Ridge Reservation,"Shauntel Shangreaux, 32, of Pine Ridge, South Dakota, has been sentenced to 19 years and two months in prison for conspiracy to distribute a controlled substance.","Shauntel Shangreaux, 32, of Pine Ridge, South Dakota, has been sentenced to 19 years and two months in prison for conspiracy to distribute a controlled substance.",https://www.fbi.gov/contact-us/field-offices/minneapolis/news/pine-ridge-woman-sentenced-to-over-19-years-in-federal-prison-for-conspiring-to-distribute-fentanyl-and-methamphetamine-in-rapid-city-and-in-the-pine-ridge-reservation,162
0e49d615031633,2026-04-09,2026,4,FBI - National,"[""other""]","{""urls"": [], ""domains"": [], ""emails"": [], ""phones"": [], ""ip_addresses"": [], ""crypto_wallets"": []}","Faith, South Dakota, Man Found Guilty After Trial of First-Degree Burglary","Dalton Hump, age 34, of Faith, South Dakota, was convicted of first-degree burglary following a two-day jury trial in federal district court in Pierre, South Dakota.","Dalton Hump, age 34, of Faith, South Dakota, was convicted of first-degree burglary following a two-day jury trial in federal district court in Pierre, South Dakota.",https://www.fbi.gov/contact-us/field-offices/minneapolis/news/faith-south-dakota-man-found-guilty-after-trial-of-first-degree-burglary,165
fa933b2e568904,2026-04-09,2026,4,FBI - National,"[""other""]","{""urls"": [], ""domains"": [], ""emails"": [], ""phones"": [], ""ip_addresses"": [], ""crypto_wallets"": []}",Two More Defendants Plead Guilty in Feeding Our Future Fraud Scheme,Two more defendants—Suleman Yusuf Mohamed and his brother Gandi Yusuf Mohamed—have pleaded guilty for their roles in the Feeding Our Future fraud scheme.,Two more defendants—Suleman Yusuf Mohamed and his brother Gandi Yusuf Mohamed—have pleaded guilty for their roles in the Feeding Our Future fraud scheme.,https://www.fbi.gov/contact-us/field-offices/minneapolis/news/two-more-defendants-plead-guilty-in-feeding-our-future-fraud-scheme,153
118a81662fc304,2026-04-09,2026,4,FBI - National,"[""other""]","{""urls"": [], ""domains"": [], ""emails"": [], ""phones"": [], ""ip_addresses"": [], ""crypto_wallets"": []}",Ten Indian Nationals Indicted for Visa Fraud Conspiracy,Ten Indian nationals have been indicted in connection with a conspiracy to carry out staged armed robberies of convenience stores.,Ten Indian nationals have been indicted in connection with a conspiracy to carry out staged armed robberies of convenience stores.,https://www.fbi.gov/contact-us/field-offices/boston/news/ten-indian-nationals-indicted-for-visa-fraud-conspiracy,130
8d98175bd1cc0f,2026-04-09,2026,4,FBI - National,"[""other""]","{""urls"": [], ""domains"": [], ""emails"": [], ""phones"": [], ""ip_addresses"": [], ""crypto_wallets"": []}",Career Offender Sentenced to 20 Years in Prison for Federal Drug and Firearms Charges,"A Richmond drug trafficker, Montrio Santos Neville, has been sentenced to 20 years in prison following his conviction for possession of a firearm by a convicted felon.","A Richmond drug trafficker, Montrio Santos Neville, has been sentenced to 20 years in prison following his conviction for possession of a firearm by a convicted felon.",https://www.fbi.gov/contact-us/field-offices/richmond/news/career-offender-sentenced-to-20-years-in-prison-for-federal-drug-and-firearms-charges,167
5d01bb2ee274f6,2026-04-09,2026,4,FBI - National,"[""other""]","{""urls"": [], ""domains"": [], ""emails"": [], ""phones"": [], ""ip_addresses"": [], ""crypto_wallets"": []}",Jefferson Parish Felon Indicted for Firearms Offenses and Trafficking Fentanyl and Cocaine,"Derrick Serignet, age 44, was indicted for possessing fentanyl and cocaine with the intent to distribute those substances.","Derrick Serignet, age 44, was indicted for possessing fentanyl and cocaine with the intent to distribute those substances.",https://www.fbi.gov/contact-us/field-offices/neworleans/news/jefferson-parish-felon-indicted-for-firearms-offenses-and-trafficking-fentanyl-and-cocaine,122
7cdb9b971588c7,2026-04-09,2026,4,FBI - National,"[""other""]","{""urls"": [], ""domains"": [], ""emails"": [], ""phones"": [], ""ip_addresses"": [], ""crypto_wallets"": []}","Cuban Man Sentenced for Cocaine Distribution Conspiracy, Possession with Intent to Distribute","Yaidel Placido Salvador, a resident of Cuba, was sentenced after pleading guilty to an indictment charging him with conspiracy to distribute five kilograms or more of cocaine.","Yaidel Placido Salvador, a resident of Cuba, was sentenced after pleading guilty to an indictment charging him with conspiracy to distribute five kilograms or more of cocaine.",https://www.fbi.gov/contact-us/field-offices/neworleans/news/cuban-man-sentenced-for-cocaine-distribution-conspiracy-possession-with-intent-to-distribute,175
e5077c21cce7b4,2026-04-08,2026,4,FBI - National,"[""other""]","{""urls"": [], ""domains"": [], ""emails"": [], ""phones"": [], ""ip_addresses"": [], ""crypto_wallets"": []}",Wilmington Man Sentenced to 10 Years in Federal Prison for Distribution of Child Sexual Abuse Material,A Wilmington man was sentenced yesterday to 121 months in prison for distributing child sexual abuse material (CSAM).,A Wilmington man was sentenced yesterday to 121 months in prison for distributing child sexual abuse material (CSAM).,https://www.fbi.gov/contact-us/field-offices/baltimore/news/wilmington-man-sentenced-to-10-years-in-federal-prison-for-distribution-of-child-sexual-abuse-material,117
d130b4f5504e0f,2026-04-08,2026,4,FBI - National,"[""other""]","{""urls"": [], ""domains"": [], ""emails"": [], ""phones"": [], ""ip_addresses"": [], ""crypto_wallets"": []}",Cocaine Dealer and Repeat Immigration Offender Sentenced to Federal Prison,A Newark man was sentenced to 30 months in prison for possession with intent to distribute cocaine and illegal reentry into the United States after removal.,A Newark man was sentenced to 30 months in prison for possession with intent to distribute cocaine and illegal reentry into the United States after removal.,https://www.fbi.gov/contact-us/field-offices/baltimore/news/cocaine-dealer-and-repeat-immigration-offender-sentenced-to-federal-prison,156
a423d85220a5c4,2026-04-08,2026,4,FBI - National,"[""other""]","{""urls"": [], ""domains"": [], ""emails"": [], ""phones"": [], ""ip_addresses"": [], ""crypto_wallets"": []}",Defuniak Springs Man Indicted for Attempted Enticement of a Minor,Michael R. Foster was indicted by a federal grand jury charging him with one count of attempted enticement of a minor.,Michael R. Foster was indicted by a federal grand jury charging him with one count of attempted enticement of a minor.,https://www.fbi.gov/contact-us/field-offices/jacksonville/news/defuniak-springs-man-indicted-for-attempted-enticement-of-a-minor,118
bc8e8bde03d63a,2026-04-08,2026,4,FBI - National,"[""other""]","{""urls"": [], ""domains"": [], ""emails"": [], ""phones"": [], ""ip_addresses"": [], ""crypto_wallets"": []}",Four-Time Convicted Felon Indicted for Possessing with the Intent to Distribute Methamphetamine and Firearms Offenses,Skyler Palmer has been charged by indictment with drug and firearm crimes.,Skyler Palmer has been charged by indictment with drug and firearm crimes.,https://www.fbi.gov/contact-us/field-offices/tampa/news/four-time-convicted-felon-indicted-for-possessing-with-the-intent-to-distribute-methamphetamine-and-firearms-offenses,74
0fad2b220bbe82,2026-04-08,2026,4,FBI - National,"[""other""]","{""urls"": [], ""domains"": [], ""emails"": [], ""phones"": [], ""ip_addresses"": [], ""crypto_wallets"": []}",Love County Resident Sentenced for Possessing Child Sexual Exploitation Material,"Dustin Scott Langley, age 33, of Overbrook, Oklahoma, was sentenced to 86 months in prison for possession of certain material involving the sexual exploitation of a minor.","Dustin Scott Langley, age 33, of Overbrook, Oklahoma, was sentenced to 86 months in prison for possession of certain material involving the sexual exploitation of a minor.",https://www.fbi.gov/contact-us/field-offices/oklahomacity/news/love-county-resident-sentenced-for-possessing-child-sexual-exploitation-material,171
b3d1a2758872c3,2026-04-08,2026,4,FBI - National,"[""other""]","{""urls"": [], ""domains"": [], ""emails"": [], ""phones"": [], ""ip_addresses"": [], ""crypto_wallets"": []}",Maryland Man Admits to Sex Trafficking,"A Temple Hills, Maryland, man has admitted to sex trafficking between Virginia and Martinsburg, West Virginia.","A Temple Hills, Maryland, man has admitted to sex trafficking between Virginia and Martinsburg, West Virginia.",https://www.fbi.gov/contact-us/field-offices/pittsburgh/news/maryland-man-admits-to-sex-trafficking,110
608a07cad36ec2,2026-04-08,2026,4,FBI - National,"[""other""]","{""urls"": [], ""domains"": [], ""emails"": [], ""phones"": [], ""ip_addresses"": [], ""crypto_wallets"": []}",New Orleans Man Sentenced to 33 Months for Being Felon in Possession of Firearm,"David Louis IV, a resident of New Orleans, was sentenced for being a felon in possession of a firearm.","David Louis IV, a resident of New Orleans, was sentenced for being a felon in possession of a firearm.",https://www.fbi.gov/contact-us/field-offices/neworleans/news/new-orleans-man-sentenced-to-33-months-for-being-felon-in-possession-of-firearm,102
cada4e3c65dfe1,2026-04-08,2026,4,FBI - National,"[""other""]","{""urls"": [], ""domains"": [], ""emails"": [], ""phones"": [], ""ip_addresses"": [], ""crypto_wallets"": []}",Trinitarios Gang Member Convicted of Witness Retaliation for Assault at Detention Center,"Brian Hernandez was convicted for his role in an assault carried out at the Metropolitan Detention Center in Brooklyn, New York, on December 3, 2023.","Brian Hernandez was convicted for his role in an assault carried out at the Metropolitan Detention Center in Brooklyn, New York, on December 3, 2023.",https://www.fbi.gov/contact-us/field-offices/newyork/news/trinitarios-gang-member-convicted-of-witness-retaliation-for-assault-at-detention-center,149
a6c27d0f8a3b02,2026-04-08,2026,4,FBI - National,"[""other""]","{""urls"": [], ""domains"": [], ""emails"": [], ""phones"": [], ""ip_addresses"": [], ""crypto_wallets"": []}",Billings Man Sentenced to Five Years in Prison for Sexual Abuse on the Crow Indian Reservation,A Billings man who sexually assaulted a child on the Crow Indian Reservation was sentenced to 60 months in prison to be followed by 10 years of supervised release.,A Billings man who sexually assaulted a child on the Crow Indian Reservation was sentenced to 60 months in prison to be followed by 10 years of supervised release.,https://www.fbi.gov/contact-us/field-offices/billings/news/billings-man-sentenced-to-five-years-in-prison-for-sexual-abuse-on-the-crow-indian-reservation,163
376d48c59c8a81,2026-04-08,2026,4,FBI - National,"[""other""]","{""urls"": [], ""domains"": [], ""emails"": [], ""phones"": [], ""ip_addresses"": [], ""crypto_wallets"": []}",Johnstown Resident Sentenced to 12 Years in Prison for Drug Trafficking,"A resident of Johnstown, Pennsylvania, was sentenced on his convictions of conspiracy to distribute and possession with intent to distribute methamphetamine, fentanyl, heroin, cocaine, and crack.","A resident of Johnstown, Pennsylvania, was sentenced on his convictions of conspiracy to distribute and possession with intent to distribute methamphetamine, fentanyl, heroin, cocaine, and crack.",https://www.fbi.gov/contact-us/field-offices/pittsburgh/news/johnstown-resident-sentenced-to-12-years-in-prison-for-drug-trafficking,195
6bacb97da4ddd2,2026-04-08,2026,4,FBI - National,"[""other""]","{""urls"": [], ""domains"": [], ""emails"": [], ""phones"": [], ""ip_addresses"": [], ""crypto_wallets"": []}",Borrower at Failed Oklahoma Bank Charged with Bank Fraud and Money Laundering,"Shaun U. Christian was charged with conspiracy to commit bank fraud, bank fraud, and money laundering.","Shaun U. Christian was charged with conspiracy to commit bank fraud, bank fraud, and money laundering.",https://www.fbi.gov/contact-us/field-offices/oklahomacity/news/borrower-at-failed-oklahoma-bank-charged-with-bank-fraud-and-money-laundering,102
52dc6be7d9a276,2026-04-08,2026,4,FBI - National,"[""other""]","{""urls"": [], ""domains"": [], ""emails"": [], ""phones"": [], ""ip_addresses"": [], ""crypto_wallets"": []}",Former Executive of Chicago-Area Nonprofit Sentenced to Prison for $1.9 Million Fraud Schemes,A former executive of a Chicago-area non-profit organization has been sentenced to a year in federal prison for misappropriating nearly $1.9 million through a pair of fraud schemes.,A former executive of a Chicago-area non-profit organization has been sentenced to a year in federal prison for misappropriating nearly $1.9 million through a pair of fraud schemes.,https://www.fbi.gov/contact-us/field-offices/chicago/news/former-executive-of-chicago-area-nonprofit-sentenced-to-prison-for-19-million-fraud-schemes,181
ffa1c718f338a3,2026-04-08,2026,4,FBI - National,"[""other""]","{""urls"": [], ""domains"": [], ""emails"": [], ""phones"": [], ""ip_addresses"": [], ""crypto_wallets"": []}",Former Army Employee and Top Secret Clearance Holder Arrested and Charged with Leaking Classified National Defense Information,"After the FBI arrested Courtney Williams, a federal grand jury indicted her in connection with her alleged transmission of classified national defense information.","After the FBI arrested Courtney Williams, a federal grand jury indicted her in connection with her alleged transmission of classified national defense information.",https://www.fbi.gov/news/press-releases/former-army-employee-and-top-secret-clearance-holder-arrested-and-charged-with-leaking-classified-national-defense-information,163
af03110a309339,2026-04-08,2026,4,FBI - National,"[""other""]","{""urls"": [], ""domains"": [], ""emails"": [], ""phones"": [], ""ip_addresses"": [], ""crypto_wallets"": []}",Personal Assistant Pleads Guilty to Defrauding her Elderly Employers,"Catalina Corona of Corona, Queens, pleaded guilty to wire fraud after stealing nearly $10 million from her employers.","Catalina Corona of Corona, Queens, pleaded guilty to wire fraud after stealing nearly $10 million from her employers.",https://www.fbi.gov/contact-us/field-offices/newyork/news/personal-assistant-pleads-guilty-to-defrauding-her-elderly-employers,117
d373b7bafe628a,2026-04-08,2026,4,FBI - National,"[""other""]","{""urls"": [], ""domains"": [], ""emails"": [], ""phones"": [], ""ip_addresses"": [], ""crypto_wallets"": []}",Center City Real Estate Agent Sentenced to More Than Three Years in Prison for Lengthy Fraudulent Loan Scheme,Jonathan Barach was sentenced in connection with a fraudulent loan scheme.,Jonathan Barach was sentenced in connection with a fraudulent loan scheme.,https://www.fbi.gov/contact-us/field-offices/philadelphia/news/center-city-real-estate-agent-sentenced-to-more-than-three-years-in-prison-for-lengthy-fraudulent-loan-scheme,74
51423dd2d6a65d,2026-04-08,2026,4,FBI - National,"[""other""]","{""urls"": [], ""domains"": [], ""emails"": [], ""phones"": [], ""ip_addresses"": [], ""crypto_wallets"": []}","Umatilla County Man Pleads Guilty to Attempted Murder, Robbery, and Prohibited Possession of a Firearm","A Umatilla County man pleaded guilty to attempted murder, robbery, and felon in possession of a firearm.","A Umatilla County man pleaded guilty to attempted murder, robbery, and felon in possession of a firearm.",https://www.fbi.gov/contact-us/field-offices/portland/news/umatilla-county-man-pleads-guilty-to-attempted-murder-robbery-and-prohibited-possession-of-a-firearm,104
cee7d00956f468,2026-04-08,2026,4,FBI - National,"[""other""]","{""urls"": [], ""domains"": [], ""emails"": [], ""phones"": [], ""ip_addresses"": [], ""crypto_wallets"": []}",Former USP Big Sandy Lieutenant Sentenced for Civil Rights Violations,Michael Childers was sentenced for falsification of records.,Michael Childers was sentenced for falsification of records.,https://www.fbi.gov/contact-us/field-offices/louisville/news/former-usp-big-sandy-lieutenant-sentenced-for-civil-rights-violations,60
1a018442f83364,2026-04-08,2026,4,FBI - National,"[""other""]","{""urls"": [], ""domains"": [], ""emails"": [], ""phones"": [], ""ip_addresses"": [], ""crypto_wallets"": []}",Former Philadelphia Probation Officer Sentenced to One Day in Custody and One Year of Home Detention for Conducting Years-Long Illegal Gambling Operation,Joseph M. Moore was sentenced for owning and running a longtime illegal gambling operation.,Joseph M. Moore was sentenced for owning and running a longtime illegal gambling operation.,https://www.fbi.gov/contact-us/field-offices/philadelphia/news/former-philadelphia-probation-officer-sentenced-to-one-day-in-custody-and-one-year-of-home-detention-for-conducting-years-long-illegal-gambling-operation,91
b9f969096a56c6,2026-04-08,2026,4,FBI - National,"[""other""]","{""urls"": [], ""domains"": [], ""emails"": [], ""phones"": [], ""ip_addresses"": [], ""crypto_wallets"": []}",Houston Operation Leads to Charges Against Several for Drug and Gun Crimes Linked to Clinton Park Neighborhood,A total of 10 Houston residents are now in custody for various firearm and drug trafficking offenses.,A total of 10 Houston residents are now in custody for various firearm and drug trafficking offenses.,https://www.fbi.gov/contact-us/field-offices/houston/news/houston-operation-leads-to-charges-against-several-for-drug-and-gun-crimes-linked-to-clinton-park-neighborhood,101
5f9edc2e968fe0,2026-04-08,2026,4,FBI - National,"[""other""]","{""urls"": [], ""domains"": [], ""emails"": [], ""phones"": [], ""ip_addresses"": [], ""crypto_wallets"": []}",Wilkinsburg Resident Sentenced Following Guilty Plea for Stealing From Another Passenger During Flight,"A resident of Wilkinsburg, Pennsylvania, pleaded guilty to a charge of theft on an aircraft and was sentenced to one year of supervised release, including 90 days of home detention.","A resident of Wilkinsburg, Pennsylvania, pleaded guilty to a charge of theft on an aircraft and was sentenced to one year of supervised release, including 90 days of home detention.",https://www.fbi.gov/contact-us/field-offices/pittsburgh/news/wilkinsburg-resident-sentenced-following-guilty-plea-for-stealing-from-another-passenger-during-flight,181
ea2b75751da3de,2026-04-08,2026,4,FBI - National,"[""other""]","{""urls"": [], ""domains"": [], ""emails"": [], ""phones"": [], ""ip_addresses"": [], ""crypto_wallets"": []}",Utqiagvik Man Sentenced to 18 Years for Producing Child Pornography,"Donovan Nungasak, 32, of Utqiagvik, has been sentenced to 18 years in prison for sexually exploiting minor victims to produce child sexual abuse material (CSAM).","Donovan Nungasak, 32, of Utqiagvik, has been sentenced to 18 years in prison for sexually exploiting minor victims to produce child sexual abuse material (CSAM).",https://www.fbi.gov/contact-us/field-offices/anchorage/news/utqiagvik-man-sentenced-to-18-years-for-producing-child-pornography,161
785253c4679b11,2026-04-08,2026,4,FBI - National,"[""other""]","{""urls"": [], ""domains"": [], ""emails"": [], ""phones"": [], ""ip_addresses"": [], ""crypto_wallets"": []}",Phoenix Man Sentenced for Sexual Abuse,A Phoenix man was sentenced to 108 months in prison for sexually abusing a minor.,A Phoenix man was sentenced to 108 months in prison for sexually abusing a minor.,https://www.fbi.gov/contact-us/field-offices/albuquerque/news/phoenix-man-sentenced-for-sexual-abuse,81
ad166acb717794,2026-04-08,2026,4,FBI - National,"[""other""]","{""urls"": [], ""domains"": [], ""emails"": [], ""phones"": [], ""ip_addresses"": [], ""crypto_wallets"": []}","Five Alleged Drug Traffickers Indicted, Approximately 52 Pounds of Narcotics Seized by Homeland Security Task Force",A federal grand jury in Salt Lake City returned multiple indictments against four illegal aliens from Mexico and one U.S. citizen for alleged drug trafficking in four separate cases.,A federal grand jury in Salt Lake City returned multiple indictments against four illegal aliens from Mexico and one U.S. citizen for alleged drug trafficking in four separate cases.,https://www.fbi.gov/contact-us/field-offices/saltlakecity/news/five-alleged-drug-traffickers-indicted-approximately-52-pounds-of-narcotics-seized-by-homeland-security-task-force,182
4ac4e7a2a875c0,2026-04-08,2026,4,FBI - National,"[""other""]","{""urls"": [], ""domains"": [], ""emails"": [], ""phones"": [], ""ip_addresses"": [], ""crypto_wallets"": []}",San Antonio Man Sentenced to Federal Prison After Firing Machine Gun Near Air Force Base,The San Antonio man who prompted a military response by firing a weapon outside Lackland Air Force Base in 2024 was sentenced.,The San Antonio man who prompted a military response by firing a weapon outside Lackland Air Force Base in 2024 was sentenced.,https://www.fbi.gov/contact-us/field-offices/sanantonio/news/san-antonio-man-sentenced-to-federal-prison-after-firing-machine-gun-near-air-force-base,126
df4e8e1c21db92,2026-04-08,2026,4,FBI - National,"[""other""]","{""urls"": [], ""domains"": [], ""emails"": [], ""phones"": [], ""ip_addresses"": [], ""crypto_wallets"": []}","Illegal Alien Sentenced for Cartel-Linked Conspiracy to Smuggle Over 1,900 Aliens",A 27-year-old Mexican national illegally residing in Laredo has been ordered to federal prison for her role in a multi-year conspiracy to smuggle illegal aliens for financial gain.,A 27-year-old Mexican national illegally residing in Laredo has been ordered to federal prison for her role in a multi-year conspiracy to smuggle illegal aliens for financial gain.,https://www.fbi.gov/contact-us/field-offices/sanantonio/news/illegal-alien-sentenced-for-cartel-linked-conspiracy-to-smuggle-over-1900-aliens,180
0d2c734932af9f,2026-04-08,2026,4,FBI - National,"[""other""]","{""urls"": [], ""domains"": [], ""emails"": [], ""phones"": [], ""ip_addresses"": [], ""crypto_wallets"": []}",Topeka Man Uses Federal Grant Funds as Shopping Money,A former employee of the Prairie Band Potawatomi Nation (PBPN) pleaded guilty to misapplying thousands of dollars the tribe received in federal grants.,A former employee of the Prairie Band Potawatomi Nation (PBPN) pleaded guilty to misapplying thousands of dollars the tribe received in federal grants.,https://www.fbi.gov/contact-us/field-offices/kansascity/news/topeka-man-uses-federal-grant-funds-as-shopping-money,151
27c344c877d76f,2026-04-08,2026,4,FBI - National,"[""other""]","{""urls"": [], ""domains"": [], ""emails"": [], ""phones"": [], ""ip_addresses"": [], ""crypto_wallets"": []}",FBI and West Milwaukee Police Department Ask for Public’s Assistance to Identify Bank Robber,FBI Milwaukee and the West Milwaukee Police Department are asking for the public’s help in identifying and locating a man who robbed a bank earlier this year.,FBI Milwaukee and the West Milwaukee Police Department are asking for the public’s help in identifying and locating a man who robbed a bank earlier this year.,https://www.fbi.gov/contact-us/field-offices/milwaukee/news/fbi-and-west-milwaukee-police-department-ask-for-publics-assistance-to-identify-bank-robber,158
905e9ed95d45a4,2026-04-08,2026,4,FBI - National,"[""other""]","{""urls"": [], ""domains"": [], ""emails"": [], ""phones"": [], ""ip_addresses"": [], ""crypto_wallets"": []}","FBI Offers $50,000 Reward for Capital Murder Suspect Abel Elias Acosta","FBI Dallas and Garland Police announced a reward of up to $50,000 for information leading to the arrest and conviction of Abel Elias Acosta.","FBI Dallas and Garland Police announced a reward of up to $50,000 for information leading to the arrest and conviction of Abel Elias Acosta.",https://www.fbi.gov/contact-us/field-offices/dallas/news/fbi-offers-50000-reward-for-capital-murder-suspect-abel-elias-acosta,140
80042000a67f08,2026-04-08,2026,4,FBI - National,"[""other""]","{""urls"": [], ""domains"": [], ""emails"": [], ""phones"": [], ""ip_addresses"": [], ""crypto_wallets"": []}",Pakistani National Pleads Guilty to Attempting to Commit ISIS-Inspired Attack at Jewish Center in New York,"Muhammad Shahzeb Khan, also known as Shahzeb Jadoon, pleaded guilty to attempting to commit acts of terrorism transcending national boundaries.","Muhammad Shahzeb Khan, also known as Shahzeb Jadoon, pleaded guilty to attempting to commit acts of terrorism transcending national boundaries.",https://www.fbi.gov/news/press-releases/pakistani-national-pleads-guilty-to-attempting-to-commit-isis-inspired-attack-at-jewish-center-in-new-york,143
11aa8cbe642078,2026-04-07,2026,4,FBI - National,"[""other""]","{""urls"": [], ""domains"": [], ""emails"": [], ""phones"": [], ""ip_addresses"": [], ""crypto_wallets"": []}",Sixteen-Time Waterloo Felon Sentenced to Over Two Decades in Federal Prison for Distributing Fatal Dose of Fentanyl,"Bridgette Marie Washington, age 47, from Waterloo, Iowa, was sentenced to 21 years in federal prison for distributing a mixture of fentanyl, heroin, and xylazine that caused an overdose death.","Bridgette Marie Washington, age 47, from Waterloo, Iowa, was sentenced to 21 years in federal prison for distributing a mixture of fentanyl, heroin, and xylazine that caused an overdose death.",https://www.fbi.gov/contact-us/field-offices/omaha/news/sixteen-time-waterloo-felon-sentenced-to-over-two-decades-in-federal-prison-for-distributing-fatal-dose-of-fentanyl,192
74a8a42989a89d,2026-04-07,2026,4,FBI - National,"[""other""]","{""urls"": [], ""domains"": [], ""emails"": [], ""phones"": [], ""ip_addresses"": [], ""crypto_wallets"": []}",Evansdale Man Sentenced to a Decade in Federal Prison for Receiving Child Pornography,"Robert Thiemann, age 38, from Evansdale, Iowa, was sentenced to a decade in federal prison for receiving child pornography.","Robert Thiemann, age 38, from Evansdale, Iowa, was sentenced to a decade in federal prison for receiving child pornography.",https://www.fbi.gov/contact-us/field-offices/omaha/news/evansdale-man-sentenced-to-a-decade-in-federal-prison-for-receiving-child-pornography,123
7ec899540d3967,2026-04-07,2026,4,FBI - National,"[""other""]","{""urls"": [], ""domains"": [], ""emails"": [], ""phones"": [], ""ip_addresses"": [], ""crypto_wallets"": []}",National Partnership of Insurance Brokers and Its Former Subsidiary Agree to Pay Over $135 Million for Affordable Care Act Enrollment Fraud Scheme,"AP of South Florida LLC, an insurance brokerage company, has agreed to plead guilty to its role in an Affordable Care Act enrollment fraud scheme.","AP of South Florida LLC, an insurance brokerage company, has agreed to plead guilty to its role in an Affordable Care Act enrollment fraud scheme.",https://www.fbi.gov/news/press-releases/national-partnership-of-insurance-brokers-and-its-former-subsidiary-agree-to-pay-over-135-million-for-affordable-care-act-enrollment-fraud-scheme,146
db7eb05e656ab6,2026-04-07,2026,4,FBI - National,"[""other""]","{""urls"": [], ""domains"": [], ""emails"": [], ""phones"": [], ""ip_addresses"": [], ""crypto_wallets"": []}",Three 18th Street Gang Leaders Sentenced to Over 115 Years in Prison for Racketeering Conspiracy,"At the federal courthouse in Brooklyn, Jose Douglass Castellano, a high-ranking member of the 18th Street gang, was sentenced to more than 35 years in prison.","At the federal courthouse in Brooklyn, Jose Douglass Castellano, a high-ranking member of the 18th Street gang, was sentenced to more than 35 years in prison.",https://www.fbi.gov/contact-us/field-offices/newyork/news/three-18th-street-gang-leaders-sentenced-to-over-115-years-in-prison-for-racketeering-conspiracy,158
09d491a53e5061,2026-04-07,2026,4,FBI - National,"[""other""]","{""urls"": [], ""domains"": [], ""emails"": [], ""phones"": [], ""ip_addresses"": [], ""crypto_wallets"": []}",Middlesex County Man Charged with Child Pornography Offenses,"Daniel Berwick, 38, of Old Bridge, New Jersey, was arrested and charged with child pornography offenses.","Daniel Berwick, 38, of Old Bridge, New Jersey, was arrested and charged with child pornography offenses.",https://www.fbi.gov/contact-us/field-offices/newark/news/middlesex-county-man-charged-with-child-pornography-offenses,104
209521e8bf1635,2026-04-07,2026,4,FBI - National,"[""other""]","{""urls"": [], ""domains"": [], ""emails"": [], ""phones"": [], ""ip_addresses"": [], ""crypto_wallets"": []}",Hardin Man Pleads Guilty to Possessing Child Pornography,Randall Allen Flatlip of Hardin admitted to charges of possessing child pornography.,Randall Allen Flatlip of Hardin admitted to charges of possessing child pornography.,https://www.fbi.gov/contact-us/field-offices/billings/news/hardin-man-pleads-guilty-to-possessing-child-pornography,84
e21a1cec8d73d0,2026-04-07,2026,4,FBI - National,"[""other""]","{""urls"": [], ""domains"": [], ""emails"": [], ""phones"": [], ""ip_addresses"": [], ""crypto_wallets"": []}",Orange County Man Pleads Guilty to Orchestrating Fraud Scheme That Submitted Nearly $270 Million in Bogus Claims to Medi-Cal,"Paul Richard Randall, 66, of Orange, pleaded guilty to submitting nearly $270 million in fraudulent claims over an 11-month span to Medi-Cal for expensive prescription drugs.","Paul Richard Randall, 66, of Orange, pleaded guilty to submitting nearly $270 million in fraudulent claims over an 11-month span to Medi-Cal for expensive prescription drugs.",https://www.fbi.gov/contact-us/field-offices/losangeles/news/orange-county-man-pleads-guilty-to-orchestrating-fraud-scheme-that-submitted-nearly-270-million-in-bogus-claims-to-medi-cal,174
362d230bbbd680,2026-04-07,2026,4,FBI - National,"[""other""]","{""urls"": [], ""domains"": [], ""emails"": [], ""phones"": [], ""ip_addresses"": [], ""crypto_wallets"": []}","Emir Balat and Ibrahim Kayumi Indicted for March 7, 2026, ISIS-Inspired Attack Outside Gracie Mansion","Emir Balat and Ibrahim Kayumi have been charged in connection with their alleged terrorist attack in Manhattan on March 7, 2026.","Emir Balat and Ibrahim Kayumi have been charged in connection with their alleged terrorist attack in Manhattan on March 7, 2026.",https://www.fbi.gov/contact-us/field-offices/newyork/news/emir-balat-and-ibrahim-kayumi-indicted-for-march-7-2026-isis-inspired-attack-outside-gracie-mansion,128
fe3e8c449f1794,2026-04-07,2026,4,FBI - National,"[""other""]","{""urls"": [], ""domains"": [], ""emails"": [], ""phones"": [], ""ip_addresses"": [], ""crypto_wallets"": []}",La Crosse Man Sentenced to 12 Years for Sex Trafficking of a Minor,Dwayne Davis was sentenced to 12 years in federal prison for sex trafficking a minor.,Dwayne Davis was sentenced to 12 years in federal prison for sex trafficking a minor.,https://www.fbi.gov/contact-us/field-offices/milwaukee/news/la-crosse-man-sentenced-to-12-years-for-sex-trafficking-of-a-minor,85
8b10da9634742b,2026-04-07,2026,4,FBI - National,"[""other""]","{""urls"": [], ""domains"": [], ""emails"": [], ""phones"": [], ""ip_addresses"": [], ""crypto_wallets"": []}",Mexican National Extradited From Canada Pleads Guilty to Drug Trafficking Conspiracy,A Mexican National pleaded guilty to conspiring to distribute and distributing narcotics in and around Portland after being extradited from Canada.,A Mexican National pleaded guilty to conspiring to distribute and distributing narcotics in and around Portland after being extradited from Canada.,https://www.fbi.gov/contact-us/field-offices/portland/news/mexican-national-extradited-from-canada-pleads-guilty-to-drug-trafficking-conspiracy,147
b8870721232c1f,2026-04-07,2026,4,FBI - National,"[""other""]","{""urls"": [], ""domains"": [], ""emails"": [], ""phones"": [], ""ip_addresses"": [], ""crypto_wallets"": []}",Four Sentenced to Combined 99 Months in Federal Prison for U.S. Postal Bribery Scheme,Four defendants involved in a United States Postal Service bribery scheme were sentenced to a combined 99 months in federal prison.,Four defendants involved in a United States Postal Service bribery scheme were sentenced to a combined 99 months in federal prison.,https://www.fbi.gov/contact-us/field-offices/dallas/news/four-sentenced-to-combined-99-months-in-federal-prison-for-us-postal-bribery-scheme,131
51f515596f5231,2026-04-07,2026,4,FBI - National,"[""other""]","{""urls"": [], ""domains"": [], ""emails"": [], ""phones"": [], ""ip_addresses"": [], ""crypto_wallets"": []}",District Resident Charged with Producing Child Pornography,"Zabdiel Aaron Rothschild of the District of Columbia has been charged with production of child pornography, coercion and enticement of a minor, and other child sex crimes.","Zabdiel Aaron Rothschild of the District of Columbia has been charged with production of child pornography, coercion and enticement of a minor, and other child sex crimes.",https://www.fbi.gov/contact-us/field-offices/washingtondc/news/district-resident-charged-with-producing-child-pornography,171
d34c9cf7ff4b0a,2026-04-07,2026,4,FBI - National,"[""other""]","{""urls"": [], ""domains"": [], ""emails"": [], ""phones"": [], ""ip_addresses"": [], ""crypto_wallets"": []}",Former Pagan’s Motorcycle Gang Member Pleaded Guilty for Armed Assault Against Rival,A former member of the Pagan’s Motorcycle Gang pleaded guilty for his involvement in an armed assault against a member of rival motorcycle club.,A former member of the Pagan’s Motorcycle Gang pleaded guilty for his involvement in an armed assault against a member of rival motorcycle club.,https://www.fbi.gov/contact-us/field-offices/kansascity/news/former-pagans-motorcycle-gang-member-pleaded-guilty-for-armed-assault-against-rival,144
c08c1c58d98ba1,2026-04-07,2026,4,FBI - National,"[""other""]","{""urls"": [], ""domains"": [], ""emails"": [], ""phones"": [], ""ip_addresses"": [], ""crypto_wallets"": []}",Outlaw Motorcycle Gang Member Sentenced for Armed Assault Against Rival,"Bryan S. Fletcher of Kansas City, Missouri, has been sentenced in federal court for his involvement in an armed assault against a member of a rival motorcycle club.","Bryan S. Fletcher of Kansas City, Missouri, has been sentenced in federal court for his involvement in an armed assault against a member of a rival motorcycle club.",https://www.fbi.gov/contact-us/field-offices/kansascity/news/outlaw-motorcycle-gang-member-sentenced-for-armed-assault-against-rival,164
0a9e55d3f909b4,2026-04-07,2026,4,FBI - National,"[""other""]","{""urls"": [], ""domains"": [], ""emails"": [], ""phones"": [], ""ip_addresses"": [], ""crypto_wallets"": []}","Business Owner Convicted of $1.9M Medicare, Medicaid, and Private Insurer Fraud Scheme","Rabih Hamdan, 41, a business owner from Dearborn Heights, pleaded guilty to conspiring to commit health care fraud.","Rabih Hamdan, 41, a business owner from Dearborn Heights, pleaded guilty to conspiring to commit health care fraud.",https://www.fbi.gov/contact-us/field-offices/detroit/news/business-owner-convicted-of-19m-medicare-medicaid-and-private-insurer-fraud-scheme,115
8814365b891c11,2026-04-07,2026,4,FBI - National,"[""other""]","{""urls"": [], ""domains"": [], ""emails"": [], ""phones"": [], ""ip_addresses"": [], ""crypto_wallets"": []}",Justice Department Conducts Court-Authorized Disruption of DNS Hijacking Network Controlled by a Russian Military Intelligence Unit,"The Department of Justice and the FBI announced a court-authorized technical operation to neutralize the U.S. portion of a network of small office/home office (SOHO) routers compromised by a unit within Russia’s Main Intelligence Directorate of the General Staff (GRU) Military Unit 26165, also known as APT28, Sofacy Group, Forest Blizzard, Pawn Storm, Fancy Bear, and Sednit.","The Department of Justice and the FBI announced a court-authorized technical operation to neutralize the U.S. portion of a network of small office/home office (SOHO) routers compromised by a unit within Russia’s Main Intelligence Directorate of the General Staff (GRU) Military Unit 26165, also known as APT28, Sofacy Group, Forest Blizzard, Pawn Storm, Fancy Bear, and Sednit.",https://www.fbi.gov/investigate/cyber/alerts/2026/justice-department-conducts-court-authorized-disruption-of-dns-hijacking-network-controlled-by-a-russian-military-intelligence-unit,377
7eb32075dd1ad8,2026-04-07,2026,4,FBI - National,"[""other""]","{""urls"": [], ""domains"": [], ""emails"": [], ""phones"": [], ""ip_addresses"": [], ""crypto_wallets"": []}",Iranian-Affiliated Cyber Actors Exploit Programmable Logic Controllers Across U.S. Critical Infrastructure,"The Federal Bureau of Investigation (FBI), Cybersecurity and Infrastructure Security Agency (CISA), National Security Agency (NSA), Environmental Protection Agency (EPA), Department of Energy (DOE), and United States Cyber Command – Cyber National Mission Force (CNMF), hereafter referred to as the “authoring agencies,” are urgently warning U.S. organizations of ongoing cyber exploitation of internet-connected operational technology (OT) devices, including Rockwell Automation/Allen-Bradley-manufactured programmable logic controllers (PLCs), across multiple U.S. critical infrastructure sectors.","The Federal Bureau of Investigation (FBI), Cybersecurity and Infrastructure Security Agency (CISA), National Security Agency (NSA), Environmental Protection Agency (EPA), Department of Energy (DOE), and United States Cyber Command – Cyber National Mission Force (CNMF), hereafter referred to as the “authoring agencies,” are urgently warning U.S. organizations of ongoing cyber exploitation of internet-connected operational technology (OT) devices, including Rockwell Automation/Allen-Bradley-manufactured programmable logic controllers (PLCs), across multiple U.S. critical infrastructure sectors.",https://www.fbi.gov/investigate/cyber/alerts/2026/iranian-affiliated-cyber-actors-exploit-programmable-logic-controllers-across-us-critical-infrastructure,599
004ceff8eca12a,2026-04-07,2026,4,FBI - National,"[""other""]","{""urls"": [], ""domains"": [], ""emails"": [], ""phones"": [], ""ip_addresses"": [], ""crypto_wallets"": []}",Russian GRU Exploiting Vulnerable Routers to Steal Sensitive Information,The FBI and partners are releasing this announcement to warn the public and encourage network defenders and device owners to take actions to remediate and reduce the attack surface of edge devices.,The FBI and partners are releasing this announcement to warn the public and encourage network defenders and device owners to take actions to remediate and reduce the attack surface of edge devices.,https://www.fbi.gov/investigate/cyber/alerts/2026/russian-gru-exploiting-vulnerable-routers-to-steal-sensitive-information,197
abc2446ed5eee7,2026-04-07,2026,4,FBI - National,"[""other""]","{""urls"": [], ""domains"": [], ""emails"": [], ""phones"": [], ""ip_addresses"": [], ""crypto_wallets"": []}",Member of Multi-State 'Smash-and-Grab' Crew Sentenced for Luxury Retail Burglary Spree,"Ronald Patterson, Jr., 35, of Washington, D.C., has been sentenced in federal court in Boston for his involvement in a string of smash and grab burglaries.","Ronald Patterson, Jr., 35, of Washington, D.C., has been sentenced in federal court in Boston for his involvement in a string of smash and grab burglaries.",https://www.fbi.gov/contact-us/field-offices/boston/news/member-of-multi-state-smash-and-grab-crew-sentenced-for-luxury-retail-burglary-spree,155
509bb10ec81e58,2026-04-07,2026,4,FBI - National,"[""other""]","{""urls"": [], ""domains"": [], ""emails"": [], ""phones"": [], ""ip_addresses"": [], ""crypto_wallets"": []}",Justice Department Conducts Court-Authorized Disruption of DNS Hijacking Network Controlled by a Russian Military Intelligence Unit,Officials announced a court-authorized technical operation to neutralize the U.S. portion of a network of small office/home office routers compromised by a unit within Russia’s GRU Military Unit 26165.,Officials announced a court-authorized technical operation to neutralize the U.S. portion of a network of small office/home office routers compromised by a unit within Russia’s GRU Military Unit 26165.,https://www.fbi.gov/contact-us/field-offices/philadelphia/news/justice-department-conducts-court-authorized-disruption-of-dns-hijacking-network-controlled-by-a-russian-military-intelligence-unit,201
1cca65d8d504ad,2026-04-07,2026,4,FBI - National,"[""other""]","{""urls"": [], ""domains"": [], ""emails"": [], ""phones"": [], ""ip_addresses"": [], ""crypto_wallets"": []}",H Block Gang Associate Sentenced to More Than Four Years in Prison for Drug Conspiracy,"An associate of the violent Boston-based gang, H-Block, was sentenced in federal court in Boston to 51 months in prison for drug conspiracy charges.","An associate of the violent Boston-based gang, H-Block, was sentenced in federal court in Boston to 51 months in prison for drug conspiracy charges.",https://www.fbi.gov/contact-us/field-offices/boston/news/h-block-gang-associate-sentenced-to-more-than-four-years-in-prison-for-drug-conspiracy,148
0906d2a17df240,2026-04-07,2026,4,FBI - National,"[""other""]","{""urls"": [], ""domains"": [], ""emails"": [], ""phones"": [], ""ip_addresses"": [], ""crypto_wallets"": []}",New York Man Charged in Multi-State Cargo-Theft Conspiracy,"Romoy Forbes, 31, a Jamaican national living in Deer Park, New York, has been indicted for allegedly conspiring to steal hundreds of thousands of dollars’ worth of cargo for resell.","Romoy Forbes, 31, a Jamaican national living in Deer Park, New York, has been indicted for allegedly conspiring to steal hundreds of thousands of dollars’ worth of cargo for resell.",https://www.fbi.gov/contact-us/field-offices/boston/news/new-york-man-charged-in-multi-state-cargo-theft-conspiracy,181
e3159b5f5ef1b2,2026-04-07,2026,4,FBI - National,"[""other""]","{""urls"": [], ""domains"": [], ""emails"": [], ""phones"": [], ""ip_addresses"": [], ""crypto_wallets"": []}",Former Executive from Marlborough Sentenced to Two Years in Prison for Conspiracy to Defraud the IRS and Obstruction of Justice,A former accounting and real estate executive in Sudbury was sentenced in court in Boston for a multi-year scheme to cheat the Internal Revenue Service (IRS).,A former accounting and real estate executive in Sudbury was sentenced in court in Boston for a multi-year scheme to cheat the Internal Revenue Service (IRS).,https://www.fbi.gov/contact-us/field-offices/boston/news/former-executive-from-marlborough-sentenced-to-two-years-in-prison-for-conspiracy-to-defraud-the-irs-and-obstruction-of-justice,158
c5b42de013d1eb,2026-04-07,2026,4,FBI - National,"[""other""]","{""urls"": [], ""domains"": [], ""emails"": [], ""phones"": [], ""ip_addresses"": [], ""crypto_wallets"": []}",Registered Sex Offender to Serve 10 Years in Federal Prison for Repeat Possession of Child Pornography,"George Walters, 78, of Oklahoma City, has been sentenced to serve 120 months in federal prison for possession of child pornography.","George Walters, 78, of Oklahoma City, has been sentenced to serve 120 months in federal prison for possession of child pornography.",https://www.fbi.gov/contact-us/field-offices/oklahomacity/news/registered-sex-offender-to-serve-ten-years-in-federal-prison-for-repeat-possession-of-child-pornography,131
82a1f5c6c94382,2026-04-07,2026,4,FBI - National,"[""other""]","{""urls"": [], ""domains"": [], ""emails"": [], ""phones"": [], ""ip_addresses"": [], ""crypto_wallets"": []}","Detroit Man Sentenced to Five Years in Prison for Role in Interstate Drug Trafficking Operation Involving Large Quantities of Fentanyl, Heroin, and Cocaine","Christopher Barton, 26, a resident of Detroit, Michigan, has been sentenced in federal court to 60 months in prison for violating federal narcotics and firearm laws.","Christopher Barton, 26, a resident of Detroit, Michigan, has been sentenced in federal court to 60 months in prison for violating federal narcotics and firearm laws.",https://www.fbi.gov/contact-us/field-offices/pittsburgh/news/detroit-man-sentenced-to-five-years-in-prison-for-role-in-interstate-drug-trafficking-operation-involving-large-quantities-of-fentanyl-heroin-and-cocaine,165
13edcb4f035af9,2026-04-07,2026,4,FBI - National,"[""other""]","{""urls"": [], ""domains"": [], ""emails"": [], ""phones"": [], ""ip_addresses"": [], ""crypto_wallets"": []}",Bourbon County Man Sentenced for Production of Child Pornography,"Timothy Ray Dale, 64, of Paris, Kentucky, has been sentenced to 360 months in prison for the production of child pornography.","Timothy Ray Dale, 64, of Paris, Kentucky, has been sentenced to 360 months in prison for the production of child pornography.",https://www.fbi.gov/contact-us/field-offices/louisville/news/bourbon-county-man-sentenced-for-production-of-child-pornography,125
939e76c02b1d53,2026-04-07,2026,4,FBI - National,"[""other""]","{""urls"": [], ""domains"": [], ""emails"": [], ""phones"": [], ""ip_addresses"": [], ""crypto_wallets"": []}","Columbus Man Pleads Guilty to Cyberstalking Exes, Creating AI-Generated Obscene Material of Adults and Children","James Strahler II, 37, of Columbus, pleaded guilty in U.S District Court to cybercrimes that included both real and AI-generated sexually explicit images.","James Strahler II, 37, of Columbus, pleaded guilty in U.S District Court to cybercrimes that included both real and AI-generated sexually explicit images.",https://www.fbi.gov/contact-us/field-offices/cincinnati/news/columbus-man-pleads-guilty-to-cyberstalking-exes-creating-ai-generated-obscene-material-of-adults--children,154
4dc0849699902b,2026-04-07,2026,4,FBI - National,"[""other""]","{""urls"": [], ""domains"": [], ""emails"": [], ""phones"": [], ""ip_addresses"": [], ""crypto_wallets"": []}",Illinois Man Pleads Guilty to Traveling to Zanesville to Engage in Sex Acts with Minor After Meeting Online,"Immanuel D. Nellum, 30, of Peoria Heights, Illinois, pleaded guilty to traveling to Muskingum County to engage in sexual activity with a local teenager.","Immanuel D. Nellum, 30, of Peoria Heights, Illinois, pleaded guilty to traveling to Muskingum County to engage in sexual activity with a local teenager.",https://www.fbi.gov/contact-us/field-offices/cincinnati/news/illinois-man-pleads-guilty-to-traveling-to-zanesville-to-engage-in-sex-acts-with-minor-after-meeting-online,152
629ce404e51639,2026-04-07,2026,4,FBI - National,"[""other""]","{""urls"": [], ""domains"": [], ""emails"": [], ""phones"": [], ""ip_addresses"": [], ""crypto_wallets"": []}",Former Financial Advisor Sentenced to Five Years in Prison for Running $8.6 Million Ponzi Scheme,A former financial advisor who stole $8.6 million from friends and relatives over the course of a 20-year Ponzi scheme was sentenced to 60 months in prison.,A former financial advisor who stole $8.6 million from friends and relatives over the course of a 20-year Ponzi scheme was sentenced to 60 months in prison.,https://www.fbi.gov/contact-us/field-offices/cincinnati/news/former-financial-advisor-sentenced-to-five-years-in-prison-for-running-86m-ponzi-scheme,156
3c12ed427dccd3,2026-04-06,2026,4,FBI - National,"[""other""]","{""urls"": [], ""domains"": [], ""emails"": [], ""phones"": [], ""ip_addresses"": [], ""crypto_wallets"": []}",Hastings Woman Sentenced to More Than 26 Years for Conspiracy to Distribute Controlled Substances and Gun Charge,"Sonia Martinez of Hastings, Nebraska, was sentenced for one count of conspiracy to distribute more than 50 grams of methamphetamine and firearm crimes.","Sonia Martinez of Hastings, Nebraska, was sentenced for one count of conspiracy to distribute more than 50 grams of methamphetamine and firearm crimes.",https://www.fbi.gov/contact-us/field-offices/omaha/news/hastings-woman-sentenced-to-more-than-26-years-for-conspiracy-to-distribute-controlled-substances-and-gun-charge,151
1979347bc6ec26,2026-04-06,2026,4,FBI - National,"[""other""]","{""urls"": [], ""domains"": [], ""emails"": [], ""phones"": [], ""ip_addresses"": [], ""crypto_wallets"": []}",Cedar Rapids Man Who Threatened to Kill Victim Sentenced to Two Years in Federal Prison,"Kyle Ryan Cook, age 36, from Cedar Rapids, Iowa, was sentenced to two years in federal prison for repeatedly threatening to kill a victim.","Kyle Ryan Cook, age 36, from Cedar Rapids, Iowa, was sentenced to two years in federal prison for repeatedly threatening to kill a victim.",https://www.fbi.gov/contact-us/field-offices/omaha/news/cedar-rapids-man-who-threatened-to-kill-victim-sentenced-to-two-years-in-federal-prison,138
c6a4ceed4408b3,2026-04-06,2026,4,FBI - National,"[""other""]","{""urls"": [], ""domains"": [], ""emails"": [], ""phones"": [], ""ip_addresses"": [], ""crypto_wallets"": []}",D.C. Sex Offender Charged with Receiving Child Pornography,"Drew Collin Imparato, 26, a registered sex offender residing in the District of Columbia, has been charged with receipt of child pornography.","Drew Collin Imparato, 26, a registered sex offender residing in the District of Columbia, has been charged with receipt of child pornography.",https://www.fbi.gov/contact-us/field-offices/washingtondc/news/dc-sex-offender-charged-with-receiving-child-pornography,141
c3207e9fcf4032,2026-04-06,2026,4,FBI - National,"[""other""]","{""urls"": [], ""domains"": [], ""emails"": [], ""phones"": [], ""ip_addresses"": [], ""crypto_wallets"": []}","Federal Correctional Officer Convicted of Bribery, Smuggling, and Drug Conspiracy","Following a six-day trial, a federal jury convicted Patrick Shackelford, a former federal correctional officer, for accepting bribes and conspiring with inmates.","Following a six-day trial, a federal jury convicted Patrick Shackelford, a former federal correctional officer, for accepting bribes and conspiring with inmates.",https://www.fbi.gov/contact-us/field-offices/atlanta/news/federal-correctional-officer-convicted-of-bribery-smuggling-and-drug-conspiracy,161
ebae7c86cdd5ae,2026-04-06,2026,4,FBI - National,"[""other""]","{""urls"": [], ""domains"": [], ""emails"": [], ""phones"": [], ""ip_addresses"": [], ""crypto_wallets"": []}",McNairy County Man Sentenced to Over Eight Years in Prison for Possession of Child Pornography,"Clint Allen Wolf, 34, of Selmer, Tennessee, has been sentenced to 100 months in federal prison for possession of child pornography.","Clint Allen Wolf, 34, of Selmer, Tennessee, has been sentenced to 100 months in federal prison for possession of child pornography.",https://www.fbi.gov/contact-us/field-offices/nashville/news/mcnairy-county-man-sentenced-to-over-eight-years-in-prison-for-possession-of-child-pornography,131
5886bb30a1585b,2026-04-06,2026,4,FBI - National,"[""other""]","{""urls"": [], ""domains"": [], ""emails"": [], ""phones"": [], ""ip_addresses"": [], ""crypto_wallets"": []}",Alabama Man Pleads Guilty to Enticement of a Minor,"Kenneth Melvin Doss, 31, of Huntsville, Alabama, pleaded guilty to coercing a 13-year-old Danville, Virginia, girl to send him sexually explicit images and video.","Kenneth Melvin Doss, 31, of Huntsville, Alabama, pleaded guilty to coercing a 13-year-old Danville, Virginia, girl to send him sexually explicit images and video.",https://www.fbi.gov/contact-us/field-offices/richmond/news/alabama-man-pleads-guilty-to-enticement-of-a-minor,162
8405597a56738d,2026-04-06,2026,4,FBI - National,"[""other""]","{""urls"": [], ""domains"": [], ""emails"": [], ""phones"": [], ""ip_addresses"": [], ""crypto_wallets"": []}",Hillsville Man to Serve 156 Months for Sexually Exploiting Children Online,"Michael Tibbs, 25, of Hillsville, Virginia, was sentenced to 156 months in prison for the coercion and enticement of a minor to engage in criminal sexual activity.","Michael Tibbs, 25, of Hillsville, Virginia, was sentenced to 156 months in prison for the coercion and enticement of a minor to engage in criminal sexual activity.",https://www.fbi.gov/contact-us/field-offices/richmond/news/hillsville-man-to-serve-156-months-for-sexually-exploiting-children-online,163
da81682d248934,2026-04-06,2026,4,FBI - National,"[""other""]","{""urls"": [], ""domains"": [], ""emails"": [], ""phones"": [], ""ip_addresses"": [], ""crypto_wallets"": []}","Four Law Enforcement Officers From Northern Ohio Graduate From the FBI National Academy in Quantico, VA","Four officers from Northern Ohio were among the 253 law enforcement professionals who graduated from the 297th session of the FBI’s National Academy in Quantico, Virginia.","Four officers from Northern Ohio were among the 253 law enforcement professionals who graduated from the 297th session of the FBI’s National Academy in Quantico, Virginia.",https://www.fbi.gov/contact-us/field-offices/cleveland/news/four-law-enforcement-officers-from-northern-ohio-graduate-from-the-fbi-national-academy-in-quantico-va,171
314fc7535601d5,2026-03-18,2026,3,FBI - National,"[""other""]","{""urls"": [], ""domains"": [], ""emails"": [], ""phones"": [], ""ip_addresses"": [], ""crypto_wallets"": []}",Minnesota Man Sentenced for Threatening to Murder a Member of Congress,Michael Lewis of Minneapolis has been sentenced to 5 months in prison followed by one year of supervised release for threatening to murder a Member of Congress.,Michael Lewis of Minneapolis has been sentenced to 5 months in prison followed by one year of supervised release for threatening to murder a Member of Congress.,https://www.fbi.gov/contact-us/field-offices/minneapolis/news/minnesota-man-sentenced-for-threatening-to-murder-a-member-of-congress,160
9536cfe0e6c19f,2026-03-18,2026,3,FBI - National,"[""other""]","{""urls"": [], ""domains"": [], ""emails"": [], ""phones"": [], ""ip_addresses"": [], ""crypto_wallets"": []}",Former Manager of Lafayette Medical Clinic Pleads Guilty to Embezzling More Than $500k From Employer,"Brooke Miller Duck, a resident of Midland, Texas, pleaded guilty to embezzling more than $500,000 from her medical clinic employer to make personal purchases.","Brooke Miller Duck, a resident of Midland, Texas, pleaded guilty to embezzling more than $500,000 from her medical clinic employer to make personal purchases.",https://www.fbi.gov/contact-us/field-offices/neworleans/news/former-manager-of-lafayette-medical-clinic-pleads-guilty-to-embezzling-more-than-500k-from-employer,158
2bcdd14bb9316d,2026-03-18,2026,3,FBI - National,"[""other""]","{""urls"": [], ""domains"": [], ""emails"": [], ""phones"": [], ""ip_addresses"": [], ""crypto_wallets"": []}",FBI Warns Kentuckians to Beware of Scammers Impersonating Law Enforcement and Government Officials,The FBI Louisville Field Office has seen an increase in reported fraud schemes targeting Kentuckians through unsolicited phone calls in which scammers impersonate law enforcement or government officials to extort money or steal personally identifiable information.,The FBI Louisville Field Office has seen an increase in reported fraud schemes targeting Kentuckians through unsolicited phone calls in which scammers impersonate law enforcement or government officials to extort money or steal personally identifiable information.,https://www.fbi.gov/contact-us/field-offices/louisville/news/fbi-warns-kentuckians-to-beware-of-scammers-impersonating-law-enforcement-and-government-officials,264
ceb5d4ba024bad,2026-03-16,2026,3,FBI - National,"[""other""]","{""urls"": [], ""domains"": [], ""emails"": [], ""phones"": [], ""ip_addresses"": [], ""crypto_wallets"": []}",FBI and Partner Agencies Offer Support Resources to Victims of the Tragedy at Old Dominion University,FBI Norfolk has created a Virtual Family Assistance Center (VFAC) to support those who were present at Old Dominion University. This VFAC offers information and resources to help those impacted by the tragedy.,FBI Norfolk has created a Virtual Family Assistance Center (VFAC) to support those who were present at Old Dominion University. This VFAC offers information and resources to help those impacted by the tragedy.,https://www.fbi.gov/contact-us/field-offices/norfolk/news/fbi-and-partner-agencies-offer-support-resources-to-victims-of-the-tragedy-at-old-dominion-university,209
b93cb1141edd69,2026-03-16,2026,3,FBI - National,"[""other""]","{""urls"": [], ""domains"": [], ""emails"": [], ""phones"": [], ""ip_addresses"": [], ""crypto_wallets"": []}",Detroit Man Sentenced to 14 Years in Prison for Federal Drug Crime,Timothy D. Luckett was sentenced to 14 years in prison for possession with intent to distribute 50 grams or more of methamphetamine and a quantity of fentanyl.,Timothy D. Luckett was sentenced to 14 years in prison for possession with intent to distribute 50 grams or more of methamphetamine and a quantity of fentanyl.,https://www.fbi.gov/contact-us/field-offices/pittsburgh/news/detroit-man-sentenced-to-14-years-in-prison-for-federal-drug-crime,159
55ad00a87e6372,2026-03-16,2026,3,FBI - National,"[""other""]","{""urls"": [], ""domains"": [], ""emails"": [], ""phones"": [], ""ip_addresses"": [], ""crypto_wallets"": []}",York Man Charged with Possessing Guns as a Felon,Matthew Bair was indicted for unlawfully possessing firearms as a previously convicted felon.,Matthew Bair was indicted for unlawfully possessing firearms as a previously convicted felon.,https://www.fbi.gov/contact-us/field-offices/philadelphia/news/york-man-charged-with-possessing-guns-as-a-felon,93
f5ee0343f0ef1d,2026-03-14,2026,3,FBI - National,"[""other""]","{""urls"": [], ""domains"": [], ""emails"": [], ""phones"": [], ""ip_addresses"": [], ""crypto_wallets"": []}","Lawyer Charged with Attempted Extortion of Former Client and Client’s Son Over Alleged $500,000 Debt","Joshua Nass was charged with attempted Hobbs Act extortion for enlisting an individual to threaten and force a former client and his son into paying Nass $500,000.","Joshua Nass was charged with attempted Hobbs Act extortion for enlisting an individual to threaten and force a former client and his son into paying Nass $500,000.",https://www.fbi.gov/contact-us/field-offices/newyork/news/lawyer-charged-with-attempted-extortion-of-former-client-and-clients-son-over-alleged-500000-debt,163
c6b484a596b395,2026-03-13,2026,3,FBI - National,"[""other""]","{""urls"": [], ""domains"": [], ""emails"": [], ""phones"": [], ""ip_addresses"": [], ""crypto_wallets"": []}",Detroit Special Agent in Charge Jennifer Runyan Delivers Additional Remarks Regarding West Bloomfield Attack,"Remarks delivered by SAC Runyan on March 13, 2026, about the March West Bloomfield attack in West Bloomfield Township, Michigan.","Remarks delivered by SAC Runyan on March 13, 2026, about the March West Bloomfield attack in West Bloomfield Township, Michigan.",https://www.fbi.gov/contact-us/field-offices/detroit/news/detroit-special-agent-in-charge-jennifer-runyan-delivers-additional-remarks-regarding-west-bloomfield-attack,128
fc485c34a23098,2026-03-13,2026,3,FBI - National,"[""other""]","{""urls"": [], ""domains"": [], ""emails"": [], ""phones"": [], ""ip_addresses"": [], ""crypto_wallets"": []}",Lame Deer Man Sentenced to 12 Years in Prison for Assaulting Federal Officers on the Northern Cheyenne Indian Reservation,A Lame Deer man who assaulted federal officers on the Northern Cheyenne Indian Reservation was sentenced to 150 months in prison.,A Lame Deer man who assaulted federal officers on the Northern Cheyenne Indian Reservation was sentenced to 150 months in prison.,https://www.fbi.gov/contact-us/field-offices/billings/news/lame-deer-man-sentenced-to-12-years-in-prison-for-assaulting-federal-officers-on-the-northern-cheyenne-indian-reservation,129
6710e66343b1f2,2026-03-13,2026,3,FBI - National,"[""other""]","{""urls"": [], ""domains"": [], ""emails"": [], ""phones"": [], ""ip_addresses"": [], ""crypto_wallets"": []}",Mescalero Man Pleads Guilty to Sexual Abuse,A Mescalero man pleaded guilty to engaging in sexual acts with a minor.,A Mescalero man pleaded guilty to engaging in sexual acts with a minor.,https://www.fbi.gov/contact-us/field-offices/albuquerque/news/mescalero-man-pleads-guilty-to-sexual-abuse,71
2340b98854eaab,2026-03-13,2026,3,FBI - National,"[""other""]","{""urls"": [], ""domains"": [], ""emails"": [], ""phones"": [], ""ip_addresses"": [], ""crypto_wallets"": []}",Jacksonville Man Indicted for Attempting to Entice a 13-Year-Old Child to Engage in Sexual Activity,"Adeis Jonathan Francis, 25, of Jacksonville, has been charged by indictment with attempted enticement of a child to engage in sexual activity.","Adeis Jonathan Francis, 25, of Jacksonville, has been charged by indictment with attempted enticement of a child to engage in sexual activity.",https://www.fbi.gov/contact-us/field-offices/jacksonville/news/jacksonville-man-indicted-for-attempting-to-entice-a-13-year-old-child-to-engage-in-sexual-activity-2,142
c67226c77f3bad,2026-03-13,2026,3,FBI - National,"[""other""]","{""urls"": [], ""domains"": [], ""emails"": [], ""phones"": [], ""ip_addresses"": [], ""crypto_wallets"": []}",Helena Man Sentenced to Over 11 Years in Prison for Trafficking Methamphetamine and Fentanyl,"Michael Wayne Hagman, 40, of Helena, has been sentenced to 136 months in prison for selling methamphetamine and fentanyl.","Michael Wayne Hagman, 40, of Helena, has been sentenced to 136 months in prison for selling methamphetamine and fentanyl.",https://www.fbi.gov/contact-us/field-offices/billings/news/helena-man-sentenced-to-over-11-years-in-prison-for-trafficking-meth-and-fentanyl,121
079f23578896eb,2026-03-13,2026,3,FBI - National,"[""other""]","{""urls"": [], ""domains"": [], ""emails"": [], ""phones"": [], ""ip_addresses"": [], ""crypto_wallets"": []}",Garryowen Man Sentenced for Vehicular Death on Crow Indian Reservation,A Garryowen man who caused the death of his female passenger in a motor vehicle crash was sentenced to 24 months in prison.,A Garryowen man who caused the death of his female passenger in a motor vehicle crash was sentenced to 24 months in prison.,https://www.fbi.gov/contact-us/field-offices/billings/news/garryowen-man-sentenced-for-vehicular-death-on-crow-indian-reservation,123
b4f593226a2f48,2026-03-13,2026,3,FBI - National,"[""other""]","{""urls"": [], ""domains"": [], ""emails"": [], ""phones"": [], ""ip_addresses"": [], ""crypto_wallets"": []}",Dulce Man Convicted of Aggravated Sexual Abuse,"After a three-day trial, a federal jury convicted Herbert Ben, Jr., of Dulce, of two counts of aggravated sexual abuse.","After a three-day trial, a federal jury convicted Herbert Ben, Jr., of Dulce, of two counts of aggravated sexual abuse.",https://www.fbi.gov/contact-us/field-offices/albuquerque/news/dulce-man-convicted-of-aggravated-sexual-abuse,119
e6a0cba9c943a4,2026-03-13,2026,3,FBI - National,"[""other""]","{""urls"": [], ""domains"": [], ""emails"": [], ""phones"": [], ""ip_addresses"": [], ""crypto_wallets"": []}",Correctional Officer Sentenced to 10 Years for Trafficking Methamphetamine in Federal Prison,A correctional officer has been sentenced to 10 years in federal prison for trafficking methamphetamine in the Eastern District of Texas.,A correctional officer has been sentenced to 10 years in federal prison for trafficking methamphetamine in the Eastern District of Texas.,https://www.fbi.gov/contact-us/field-offices/houston/news/correctional-officer-sentenced-to-10-years-for-trafficking-meth-in-federal-prison,137
e53b2c2ec4c7e3,2026-03-13,2026,3,FBI - National,"[""other""]","{""urls"": [], ""domains"": [], ""emails"": [], ""phones"": [], ""ip_addresses"": [], ""crypto_wallets"": []}",Crownpoint Man Pleads Guilty to Strangulation and Assaulting Officer,Jason K. Thompson of Crownpoint pleaded guilty in federal court to strangling a woman and attacking a tribal police officer with a taser.,Jason K. Thompson of Crownpoint pleaded guilty in federal court to strangling a woman and attacking a tribal police officer with a taser.,https://www.fbi.gov/contact-us/field-offices/albuquerque/news/crownpoint-man-pleads-guilty-to-strangulation-and-assaulting-officer,137
9363c4b5566462,2026-03-13,2026,3,FBI - National,"[""other""]","{""urls"": [], ""domains"": [], ""emails"": [], ""phones"": [], ""ip_addresses"": [], ""crypto_wallets"": []}",Federal Jury Convicts Three Women for Conspiracy to Commit Wire Fraud Related to Rocky Hill Pharmacy,"Tiffany Haney, 43, Anne Warren, 45, and Tina Roper, 40, all of Knoxville, have been convicted by a jury of conspiracy to commit wire fraud.","Tiffany Haney, 43, Anne Warren, 45, and Tina Roper, 40, all of Knoxville, have been convicted by a jury of conspiracy to commit wire fraud.",https://www.fbi.gov/contact-us/field-offices/nashville/news/federal-jury-convicts-three-women-for-conspiracy-to-commit-wire-fraud-related-to-rocky-hill-pharmacy,139
247a4f131cfe14,2026-03-13,2026,3,FBI - National,"[""other""]","{""urls"": [], ""domains"": [], ""emails"": [], ""phones"": [], ""ip_addresses"": [], ""crypto_wallets"": []}",Drug Trafficking Leader to Serve 25 Years for Multi-State Fentanyl and Methamphetamine Operation,A 43-year-old Conroe man has been sentenced to federal prison for his role in operating a fentanyl-laced pill distribution network.,A 43-year-old Conroe man has been sentenced to federal prison for his role in operating a fentanyl-laced pill distribution network.,https://www.fbi.gov/contact-us/field-offices/houston/news/drug-trafficking-leader-to-serve-25-years-for-multi-state-fentanyl-and-methamphetamine-operation,131
b7222ce64f5223,2026-03-13,2026,3,FBI - National,"[""other""]","{""urls"": [], ""domains"": [], ""emails"": [], ""phones"": [], ""ip_addresses"": [], ""crypto_wallets"": []}",Another Week of Border Enforcement Results in 461 People Charged,"A total of 459 cases have been filed in immigration and related matters from March 6-12, announced Acting U.S. Attorney John G.E. Marck.","A total of 459 cases have been filed in immigration and related matters from March 6-12, announced Acting U.S. Attorney John G.E. Marck.",https://www.fbi.gov/contact-us/field-offices/houston/news/another-week-of-border-enforcement-results-in-461-people-charged,136
c6dbb108c74af2,2026-03-13,2026,3,FBI - National,"[""other""]","{""urls"": [], ""domains"": [], ""emails"": [], ""phones"": [], ""ip_addresses"": [], ""crypto_wallets"": []}",Murder Investigation Leads to Federal Drug Trafficking and Firearms Charges,A 49-year-old Houston resident is now facing federal charges for possession with intent to distribute methamphetamine and unlawful possession of a firearm.,A 49-year-old Houston resident is now facing federal charges for possession with intent to distribute methamphetamine and unlawful possession of a firearm.,https://www.fbi.gov/contact-us/field-offices/houston/news/murder-investigation-leads-to-federal-drug-trafficking-and-firearms-charges,155
03a3e304cbadf3,2026-03-13,2026,3,FBI - National,"[""other""]","{""urls"": [], ""domains"": [], ""emails"": [], ""phones"": [], ""ip_addresses"": [], ""crypto_wallets"": []}",U.S. Attorney’s Office Added 250 New Immigration Cases This Week in Western District of Texas,Federal prosecutors in the Western District of Texas filed 250 new immigration and immigration-related criminal cases from March 6 to March 12.,Federal prosecutors in the Western District of Texas filed 250 new immigration and immigration-related criminal cases from March 6 to March 12.,https://www.fbi.gov/contact-us/field-offices/sanantonio/news/us-attorneys-office-added-250-new-immigration-cases-this-week-in-western-district-of-texas,143
7be28c0eec3afe,2026-03-13,2026,3,FBI - National,"[""other""]","{""urls"": [], ""domains"": [], ""emails"": [], ""phones"": [], ""ip_addresses"": [], ""crypto_wallets"": []}","FBI, Colerain Police, and BCI Announce Safe Rescue of Missing Teen","FBI Cincinnati, the Colerain Police Department, and the Ohio Bureau of Criminal Investigation (BCI) announced that missing teenager Madison Fields has been safely located and rescued in Florida.","FBI Cincinnati, the Colerain Police Department, and the Ohio Bureau of Criminal Investigation (BCI) announced that missing teenager Madison Fields has been safely located and rescued in Florida.",https://www.fbi.gov/contact-us/field-offices/cincinnati/news/fbi-colerain-police-and-bci-announce-safe-rescue-of-missing-teen,194
9c4549ea1cd643,2026-03-13,2026,3,FBI - National,"[""other""]","{""urls"": [], ""domains"": [], ""emails"": [], ""phones"": [], ""ip_addresses"": [], ""crypto_wallets"": []}",Man Federally Charged with Assaulting Officers at Dallas Love Field Security Checkpoint,A man has been federally charged with assaulting a federal officer at Dallas Love Field Airport after he punched two TSA officers and seriously injured a Dallas police officer.,A man has been federally charged with assaulting a federal officer at Dallas Love Field Airport after he punched two TSA officers and seriously injured a Dallas police officer.,https://www.fbi.gov/contact-us/field-offices/dallas/news/man-federally-charged-with-assaulting-officers-at-dallas-love-field-security-checkpoint,176
e7945b01641b59,2026-03-13,2026,3,FBI - National,"[""other""]","{""urls"": [], ""domains"": [], ""emails"": [], ""phones"": [], ""ip_addresses"": [], ""crypto_wallets"": []}",Antifa Cell Members Convicted in Prairieland ICE Detention Center Shooting,"Nine North Texas Antifa Cell operatives were convicted for their roles in rioting, providing material support to terrorists, attempted murder of an Alvarado police officer and unarmed correctional officers, and other related offenses.","Nine North Texas Antifa Cell operatives were convicted for their roles in rioting, providing material support to terrorists, attempted murder of an Alvarado police officer and unarmed correctional officers, and other related offenses.",https://www.fbi.gov/contact-us/field-offices/dallas/news/antifa-cell-members-convicted-in-prairieland-ice-detention-center-shooting,234
0eeac21bc9a140,2026-03-13,2026,3,FBI - National,"[""other""]","{""urls"": [], ""domains"": [], ""emails"": [], ""phones"": [], ""ip_addresses"": [], ""crypto_wallets"": []}",Virginia Man Charged with Illegally Selling the Firearm Used in the Campus Shooting at Old Dominion University,Kenya Mcchell Chapman appeared in federal court and was charged by criminal complaint with dealing in firearms without a license in connection with the March 12 shooting at Old Dominion University (ODU) and with three counts of making false statements during purchases of firearms.,Kenya Mcchell Chapman appeared in federal court and was charged by criminal complaint with dealing in firearms without a license in connection with the March 12 shooting at Old Dominion University (ODU) and with three counts of making false statements during purchases of firearms.,https://www.fbi.gov/news/press-releases/virginia-man-charged-with-illegally-selling-the-firearm-used-in-the-campus-shooting-at-old-dominion-university,281
540e05fc8cb740,2026-03-13,2026,3,FBI - National,"[""identity_fraud""]","{""urls"": [], ""domains"": [], ""emails"": [], ""phones"": [], ""ip_addresses"": [], ""crypto_wallets"": []}",Virginia Man Admits to Identity Theft and Money Laundering,"A Henrico, Virginia, man has admitted to identity theft and money laundering.","A Henrico, Virginia, man has admitted to identity theft and money laundering.",https://www.fbi.gov/contact-us/field-offices/pittsburgh/news/virginia-man-admits-to-identity-theft-and-money-laundering,77
d23fbf63924862,2026-03-13,2026,3,FBI - National,"[""other""]","{""urls"": [], ""domains"": [], ""emails"": [], ""phones"": [], ""ip_addresses"": [], ""crypto_wallets"": []}",Ohio Man Indicted for Possessing Contraband in Prison,Sharion Motley-Lipscomb was indicted on one count of possessing contraband in prison.,Sharion Motley-Lipscomb was indicted on one count of possessing contraband in prison.,https://www.fbi.gov/contact-us/field-offices/philadelphia/news/ohio-man-indicted-for-possessing-contraband-in-prison,85
b2578bedeecaea,2026-03-13,2026,3,FBI - National,"[""other""]","{""urls"": [], ""domains"": [], ""emails"": [], ""phones"": [], ""ip_addresses"": [], ""crypto_wallets"": []}","Texas Man Sentenced for Monopolizing International Transit Industry, Fixing Prices, and Extorting Competitors","A 59-year-old resident of San Benito, Texas, has been ordered to federal prison and must pay a substantial fine for his role in a long-running and violent conspiracy to monopolize the transmigrante forwarding agency industry in the Los Indios border region near Harlingen and Brownsville in Texas.","A 59-year-old resident of San Benito, Texas, has been ordered to federal prison and must pay a substantial fine for his role in a long-running and violent conspiracy to monopolize the transmigrante forwarding agency industry in the Los Indios border region near Harlingen and Brownsville in Texas.",https://www.fbi.gov/contact-us/field-offices/houston/news/texas-man-sentenced-for-monopolizing-international-transit-industry-fixing-prices-and-extorting-competitors,297
7e08c4f440ccfa,2026-03-13,2026,3,FBI - National,"[""other""]","{""urls"": [], ""domains"": [], ""emails"": [], ""phones"": [], ""ip_addresses"": [], ""crypto_wallets"": []}",Boone County Man Sentenced for Distribution of Child Pornography,"A Walton, Kentucky, man, Ronald Knox, 55, was sentenced to 168 months in prison for the distribution of child pornography and possession of child pornography.","A Walton, Kentucky, man, Ronald Knox, 55, was sentenced to 168 months in prison for the distribution of child pornography and possession of child pornography.",https://www.fbi.gov/contact-us/field-offices/louisville/news/boone-county-man-sentenced-for-distribution-of-child-pornography,158
fedc1d2668e848,2026-03-13,2026,3,FBI - National,"[""other""]","{""urls"": [], ""domains"": [], ""emails"": [], ""phones"": [], ""ip_addresses"": [], ""crypto_wallets"": []}",Gallatin County Man Sentenced for Distribution of Child Pornography,"A Warsaw, Kentucky, man, David Vonarb, 26, was sentenced to 132 months in prison for the distribution of child pornography.","A Warsaw, Kentucky, man, David Vonarb, 26, was sentenced to 132 months in prison for the distribution of child pornography.",https://www.fbi.gov/contact-us/field-offices/louisville/news/gallatin-county-man-sentenced-for-distribution-of-child-pornography,123
1a64faf86fede1,2026-03-13,2026,3,FBI - National,"[""other""]","{""urls"": [], ""domains"": [], ""emails"": [], ""phones"": [], ""ip_addresses"": [], ""crypto_wallets"": []}",Sex Offender Sentenced to Prison After Found in Possession of Child Pornography,A previously convicted sex offender was sentenced to 137 months in prison for possessing child sexual abuse material (CSAM).,A previously convicted sex offender was sentenced to 137 months in prison for possessing child sexual abuse material (CSAM).,https://www.fbi.gov/contact-us/field-offices/kansascity/news/sex-offender-sentenced-to-prison-after-found-in-possession-of-child-pornography,124
36c403d15ea45c,2026-03-13,2026,3,FBI - National,"[""other""]","{""urls"": [], ""domains"": [], ""emails"": [], ""phones"": [], ""ip_addresses"": [], ""crypto_wallets"": []}",Illegal Alien and Convicted Felon Sentenced to More Than 15 Years in Prison for Trafficking Cocaine Across U.S.-Mexico Border,A Mexican national has been sentenced to federal prison for illegally entering the United States and then trafficking kilogram-quantities of cocaine.,A Mexican national has been sentenced to federal prison for illegally entering the United States and then trafficking kilogram-quantities of cocaine.,https://www.fbi.gov/contact-us/field-offices/cleveland/news/illegal-alien-and-convicted-felon-sentenced-to-more-than-15-years-in-prison-for-trafficking-cocaine-across-us-mexico-border,149
b284bfa9e9fa21,2026-03-13,2026,3,FBI - National,"[""other""]","{""urls"": [], ""domains"": [], ""emails"": [], ""phones"": [], ""ip_addresses"": [], ""crypto_wallets"": []}",Former U.S. Marine Corps Intelligence Analyst Charged with Willful Transmission of National Defense Information,"Seth Chambers, 35, of Texas County, Missouri, has been indicted with two counts of willful transmission of national defense information.","Seth Chambers, 35, of Texas County, Missouri, has been indicted with two counts of willful transmission of national defense information.",https://www.fbi.gov/contact-us/field-offices/kansascity/news/former-us-marine-corps-intelligence-analyst-charged-with-willful-transmission-of-national-defense-information,136
9f788cbcf6e848,2026-03-13,2026,3,FBI - National,"[""other""]","{""urls"": [], ""domains"": [], ""emails"": [], ""phones"": [], ""ip_addresses"": [], ""crypto_wallets"": []}",Smithfield Man Charged with Illegally Selling the Firearm Used in the Campus Shooting at Old Dominion University,"Kenya Mcchell Chapman, 32, of Smithfield, appeared in federal court and was charged by criminal complaint with dealing in firearms without a license.","Kenya Mcchell Chapman, 32, of Smithfield, appeared in federal court and was charged by criminal complaint with dealing in firearms without a license.",https://www.fbi.gov/contact-us/field-offices/norfolk/news/smithfield-man-charged-with-illegally-selling-the-firearm-used-in-the-campus-shooting-at-old-dominion-university,149
a17be5f6010575,2026-03-12,2026,3,FBI - National,"[""other""]","{""urls"": [], ""domains"": [], ""emails"": [], ""phones"": [], ""ip_addresses"": [], ""crypto_wallets"": []}","Remarks by Jennifer Runyan, Special Agent in Charge of FBI Detroit, on Temple Israel Synagogue Attack","Remarks delivered by Special Agent in Charge Jennifer Runyan on the March 12, 2026, attack at Temple Israel Synagogue in West Bloomfield, Michigan.","Remarks delivered by Special Agent in Charge Jennifer Runyan on the March 12, 2026, attack at Temple Israel Synagogue in West Bloomfield, Michigan.",https://www.fbi.gov/contact-us/field-offices/detroit/news/remarks-by-fbi-detroit-on-temple-israel-synagogue-attack,147
4f2df53a12a5e7,2026-03-12,2026,3,FBI - National,"[""other""]","{""urls"": [], ""domains"": [], ""emails"": [], ""phones"": [], ""ip_addresses"": [], ""crypto_wallets"": []}","Remarks by Dominique Evans, Special Agent in Charge of FBI Norfolk, on Old Dominion University Shooting","Remarks delivered by Special Agent in Charge Dominique Evans on the March 12, 2026, shooting at Old Dominion University in Norfolk, Virginia.","Remarks delivered by Special Agent in Charge Dominique Evans on the March 12, 2026, shooting at Old Dominion University in Norfolk, Virginia.",https://www.fbi.gov/contact-us/field-offices/norfolk/news/remarks-by-fbi-norfolk-on-old-dominion-university-shooting,141
86dd624755bf45,2026-03-12,2026,3,FBI - National,"[""other""]","{""urls"": [], ""domains"": [], ""emails"": [], ""phones"": [], ""ip_addresses"": [], ""crypto_wallets"": []}",Two Men Sentenced for Kidnapping St. Louis County Toddler,"Kendal White, one of the men who kidnapped a toddler in St. Louis County, Missouri, in a bid to recover missing guns, was sentenced to 20 years in prison.","Kendal White, one of the men who kidnapped a toddler in St. Louis County, Missouri, in a bid to recover missing guns, was sentenced to 20 years in prison.",https://www.fbi.gov/contact-us/field-offices/stlouis/news/two-men-sentenced-for-kidnapping-st-louis-county-toddler,154
e0e471e9dc71ef,2026-03-12,2026,3,FBI - National,"[""other""]","{""urls"": [], ""domains"": [], ""emails"": [], ""phones"": [], ""ip_addresses"": [], ""crypto_wallets"": []}",Two Defendants Involved in Pharmacy Burglary Ring Across Multiple States are Sentenced to Serve a Combined Time of More Than 25 Years in Federal Prison,"Antoinen Dion Hampton and Reginald Tremayne Jackson, both of Houston, Texas, will spend a combined time of 308 months in federal prison for their role in a criminal organization.","Antoinen Dion Hampton and Reginald Tremayne Jackson, both of Houston, Texas, will spend a combined time of 308 months in federal prison for their role in a criminal organization.",https://www.fbi.gov/contact-us/field-offices/littlerock/news/two-defendants-involved-in-pharmacy-burglary-ring-across-multiple-states-are-sentenced-to-serve-a-combined-time-of-more-than-25-years-in-federal-prison,178
571b9d13a0cfa1,2026-03-12,2026,3,FBI - National,"[""cybercrime""]","{""urls"": [], ""domains"": [], ""emails"": [], ""phones"": [], ""ip_addresses"": [], ""crypto_wallets"": []}","Authorities Dismantle Global Malicious Proxy Service That Deployed Malware and Defrauded Thousands of U.S. Persons, Businesses, and Financial Institutions of Millions of Dollars in Losses","A court-authorized international law enforcement operation led by the U.S. Justice Department disrupted SocksEscort, a residential proxy network.","A court-authorized international law enforcement operation led by the U.S. Justice Department disrupted SocksEscort, a residential proxy network.",https://www.fbi.gov/contact-us/field-offices/sacramento/news/authorities-dismantle-global-malicious-proxy-service-that-deployed-malware-and-defrauded-thousands-of-us-persons-businesses-and-financial-institutions-of-millions-of-dollars-in-losses,145
aa85d4b69c5e9e,2026-03-12,2026,3,FBI - National,"[""other""]","{""urls"": [], ""domains"": [], ""emails"": [], ""phones"": [], ""ip_addresses"": [], ""crypto_wallets"": []}",Former St. Louis Building Inspector Accused of $1.6 Million Fraud,A former building inspector has been indicted and accused of steering $1.67 million meant for the repair of decrepit buildings in St. Louis to himself and relatives.,A former building inspector has been indicted and accused of steering $1.67 million meant for the repair of decrepit buildings in St. Louis to himself and relatives.,https://www.fbi.gov/contact-us/field-offices/stlouis/news/former-st-louis-building-inspector-accused-of-16-million-fraud,165
0382c86aafb5b5,2026-03-12,2026,3,FBI - National,"[""other""]","{""urls"": [], ""domains"": [], ""emails"": [], ""phones"": [], ""ip_addresses"": [], ""crypto_wallets"": []}",Five Sentenced for Helping Overseas Scammers Defraud Elderly Victims,A man who participated in a scheme that stole millions of dollars from elderly victims in 10 states has been sentenced to four years in prison.,A man who participated in a scheme that stole millions of dollars from elderly victims in 10 states has been sentenced to four years in prison.,https://www.fbi.gov/contact-us/field-offices/stlouis/news/five-sentenced-for-helping-overseas-scammers-defraud-elderly-victims,143
caa993ee10573c,2026-03-12,2026,3,FBI - National,"[""other""]","{""urls"": [], ""domains"": [], ""emails"": [], ""phones"": [], ""ip_addresses"": [], ""crypto_wallets"": []}",U.S. Attorney’s Office and FBI Continue Their Fight Against Sex Trafficking in New York: Pearl River Man and Woman Charged,"Tyron Dumel and Nicole Dumel were arrested in connection with a sex trafficking operation based in Rockland County, New York.","Tyron Dumel and Nicole Dumel were arrested in connection with a sex trafficking operation based in Rockland County, New York.",https://www.fbi.gov/contact-us/field-offices/newyork/news/us-attorneys-office-and-fbi-continue-their-fight-against-sex-trafficking-in-new-york-pearl-river-man-and-woman-charged,125
85794032dbe94e,2026-03-12,2026,3,FBI - National,"[""other""]","{""urls"": [], ""domains"": [], ""emails"": [], ""phones"": [], ""ip_addresses"": [], ""crypto_wallets"": []}","Illegal Alien from Mexico Indicted After Agents Seized Large Quantities of Narcotics, Including 22 Pounds of Fentanyl Powder","A federal grand jury in Salt Lake City returned an indictment against an alleged drug trafficker, living in the United States illegally, for multiple drug crimes.","A federal grand jury in Salt Lake City returned an indictment against an alleged drug trafficker, living in the United States illegally, for multiple drug crimes.",https://www.fbi.gov/contact-us/field-offices/saltlakecity/news/illegal-alien-from-mexico-indicted-after-agents-seized-large-quantities-of-narcotics-including-22-pounds-of-fentanyl-powder,162
827e38e8585169,2026-03-12,2026,3,FBI - National,"[""other""]","{""urls"": [], ""domains"": [], ""emails"": [], ""phones"": [], ""ip_addresses"": [], ""crypto_wallets"": []}","Queens Man Indicted for Sex Trafficking Five Victims, Including Three Minors, at Hotels on Long Island and Elsewhere","Tyrone Stylistic Crooks was charged with multiple counts of sex trafficking, sexual exploitation of minors, and transportation for prostitution.","Tyrone Stylistic Crooks was charged with multiple counts of sex trafficking, sexual exploitation of minors, and transportation for prostitution.",https://www.fbi.gov/contact-us/field-offices/newyork/news/queens-man-indicted-for-sex-trafficking-five-victims-including-three-minors-at-hotels-on-long-island-and-elsewhere,144
453c3f18b2bc50,2026-03-12,2026,3,FBI - National,"[""other""]","{""urls"": [], ""domains"": [], ""emails"": [], ""phones"": [], ""ip_addresses"": [], ""crypto_wallets"": []}",Philadelphia Fugitive Added to FBI’s Ten Most Wanted Fugitives List,Officials announced the addition of Trung Duc Lu to the “Ten Most Wanted Fugitives” list. Lu is the 539th addition to the list.,Officials announced the addition of Trung Duc Lu to the “Ten Most Wanted Fugitives” list. Lu is the 539th addition to the list.,https://www.fbi.gov/contact-us/field-offices/philadelphia/news/philadelphia-fugitive-added-to-fbis-ten-most-wanted-fugitives-list,127
dd3904a823a597,2026-03-12,2026,3,FBI - National,"[""other""]","{""urls"": [], ""domains"": [], ""emails"": [], ""phones"": [], ""ip_addresses"": [], ""crypto_wallets"": []}",Leader of ATM Jackpotting Conspiracy that Funneled Money to Tren de Aragua Added to the FBI’s List of Ten Most Wanted Fugitives,FBI Omaha Special Agent in Charge Eugene Kowel and U.S. Attorney for the District of Nebraska Lesley Woods announced today that Anibal Alexander Canelon Aguirre has been added to the FBI’s Ten Most Wanted Fugitives list.,FBI Omaha Special Agent in Charge Eugene Kowel and U.S. Attorney for the District of Nebraska Lesley Woods announced today that Anibal Alexander Canelon Aguirre has been added to the FBI’s Ten Most Wanted Fugitives list.,https://www.fbi.gov/contact-us/field-offices/omaha/news/leader-of-atm-jackpotting-conspiracy-that-funneled-money-to-tren-de-aragua-added-to-fbi-list-of-ten-most-wanted-fugitives,220
7803b6ecbdeb48,2026-03-12,2026,3,FBI - National,"[""other""]","{""urls"": [], ""domains"": [], ""emails"": [], ""phones"": [], ""ip_addresses"": [], ""crypto_wallets"": []}",Columbia Woman Who Coerced Minor Boy to Engage in Sex Sentenced to 20 Years in Federal Prison,"Alyson Cranick, of Columbia, Connecticut, was sentenced to 240 months of imprisonment and 10 years of supervised release for coercing a minor to engage in sexual activity.","Alyson Cranick, of Columbia, Connecticut, was sentenced to 240 months of imprisonment and 10 years of supervised release for coercing a minor to engage in sexual activity.",https://www.fbi.gov/contact-us/field-offices/newhaven/news/columbia-woman-who-coerced-minor-boy-to-engage-in-sex-sentenced-to-20-years-in-federal-prison,171
24d012fb7c9868,2026-03-12,2026,3,FBI - National,"[""other""]","{""urls"": [], ""domains"": [], ""emails"": [], ""phones"": [], ""ip_addresses"": [], ""crypto_wallets"": []}","Bridgeport Man Sentenced to More Than Eight Years in Prison for Gunpoint Robberies of Retail Stores, Amazon Delivery Truck",Mickyeem Profit was sentenced to 102 months of imprisonment for his participation in the armed robberies of multiple retail stores and an Amazon truck.,Mickyeem Profit was sentenced to 102 months of imprisonment for his participation in the armed robberies of multiple retail stores and an Amazon truck.,https://www.fbi.gov/contact-us/field-offices/newhaven/news/bridgeport-man-sentenced-to-more-than-eight-years-in-prison-for-gunpoint-robberies-of-retail-stores-amazon-delivery-truck,151
f363e50be7d6f8,2026-03-12,2026,3,FBI - National,"[""other""]","{""urls"": [], ""domains"": [], ""emails"": [], ""phones"": [], ""ip_addresses"": [], ""crypto_wallets"": []}",Navy Commander Sentenced for Federal Cyberstalking,Jason Michael Leidel was sentenced to 41 months in prison after a jury found him guilty of cyberstalking his ex-wife and her boyfriend late last year.,Jason Michael Leidel was sentenced to 41 months in prison after a jury found him guilty of cyberstalking his ex-wife and her boyfriend late last year.,https://www.fbi.gov/contact-us/field-offices/baltimore/news/navy-commander-sentenced-for-federal-cyberstalking,150
f77aeb4df100cf,2026-03-12,2026,3,FBI - National,"[""other""]","{""urls"": [], ""domains"": [], ""emails"": [], ""phones"": [], ""ip_addresses"": [], ""crypto_wallets"": []}",Milwaukee Man Sentenced to 264 Months in Federal Prison,"Daniel L. Anderson of Milwaukee, Wisconsin, was sentenced to 264 months in federal prison for receipt of child pornography.","Daniel L. Anderson of Milwaukee, Wisconsin, was sentenced to 264 months in federal prison for receipt of child pornography.",https://www.fbi.gov/contact-us/field-offices/milwaukee/news/milwaukee-man-sentenced-to-264-months-in-federal-prison,123
9349e6b87111dc,2026-03-12,2026,3,FBI - National,"[""other""]","{""urls"": [], ""domains"": [], ""emails"": [], ""phones"": [], ""ip_addresses"": [], ""crypto_wallets"": []}",Final Defendant in Large York County Drug Conspiracy Sentenced to 15 Years in Federal Prison,Jarman Lamar White has been sentenced for conspiracy to possess with the intent to distribute 400 grams of fentanyl and a quantity of cocaine and methamphetamine.,Jarman Lamar White has been sentenced for conspiracy to possess with the intent to distribute 400 grams of fentanyl and a quantity of cocaine and methamphetamine.,https://www.fbi.gov/contact-us/field-offices/columbia/news/final-defendant-in-large-york-county-drug-conspiracy-sentenced-to-15-years-in-federal-prison,162
6b627b635ae1b1,2026-03-12,2026,3,FBI - National,"[""other""]","{""urls"": [], ""domains"": [], ""emails"": [], ""phones"": [], ""ip_addresses"": [], ""crypto_wallets"": []}",Providence Man Sentenced to 10 Years in Federal Prison for Fentanyl Trafficking,A Providence man who admitted to his role in a fentanyl trafficking conspiracy has been sentenced in federal court in Rhode Island.,A Providence man who admitted to his role in a fentanyl trafficking conspiracy has been sentenced in federal court in Rhode Island.,https://www.fbi.gov/contact-us/field-offices/boston/news/providence-man-sentenced-to-10-years-in-federal-prison-for-fentanyl-trafficking,131
34d6ec97c7618c,2026-03-12,2026,3,FBI - National,"[""other""]","{""urls"": [], ""domains"": [], ""emails"": [], ""phones"": [], ""ip_addresses"": [], ""crypto_wallets"": []}",Grand Jury Returns Indictments,"A federal grand jury in the Western District of Wisconsin, sitting in Madison, returned the following indictments.","A federal grand jury in the Western District of Wisconsin, sitting in Madison, returned the following indictments.",https://www.fbi.gov/contact-us/field-offices/milwaukee/news/grand-jury-returns-indictments-14,114
8b49f7c627c2b1,2026-03-12,2026,3,FBI - National,"[""other""]","{""urls"": [], ""domains"": [], ""emails"": [], ""phones"": [], ""ip_addresses"": [], ""crypto_wallets"": []}","Tallahassee Man Charged for Threats to Kill the President, Member of Congress, and Federal Reserve Chairman","Diego M. Villavicencio, 36, of Tallahassee, was charged with interstate communication of threats, impeding or retaliating against a federal official, and threats against the President.","Diego M. Villavicencio, 36, of Tallahassee, was charged with interstate communication of threats, impeding or retaliating against a federal official, and threats against the President.",https://www.fbi.gov/contact-us/field-offices/jacksonville/news/tallahassee-man-charged-threats-kill-president-member-congress-federal-reserve,184
d3d41cfd5d239c,2026-03-12,2026,3,FBI - National,"[""other""]","{""urls"": [], ""domains"": [], ""emails"": [], ""phones"": [], ""ip_addresses"": [], ""crypto_wallets"": []}",New Orleans Resident Sentenced for Making Ransom Demand for Release of Kidnapping Victim,"Janette Ramirez, age 34, was sentenced to 42 months in prison after previously pleading guilty to interstate transmission of a ransom demand.","Janette Ramirez, age 34, was sentenced to 42 months in prison after previously pleading guilty to interstate transmission of a ransom demand.",https://www.fbi.gov/contact-us/field-offices/neworleans/news/new-orleans-resident-sentenced-for-making-ransom-demand-for-release-of-kidnapping-victim,141
1a95478da12b35,2026-03-12,2026,3,FBI - National,"[""other""]","{""urls"": [], ""domains"": [], ""emails"": [], ""phones"": [], ""ip_addresses"": [], ""crypto_wallets"": []}",New Orleans Man Indicted for Being Felon in Possession of Firearm and Ammunition,"Cortez Johnson, age 42, of New Orleans, was indicted for being a felon in possession of a firearm, and for being a felon in possession of ammunition.","Cortez Johnson, age 42, of New Orleans, was indicted for being a felon in possession of a firearm, and for being a felon in possession of ammunition.",https://www.fbi.gov/contact-us/field-offices/neworleans/news/new-orleans-man-indicted-for-being-felon-in-possession-of-firearm-and-ammunition,149
6b204f8cc49203,2026-03-12,2026,3,FBI - National,"[""other""]","{""urls"": [], ""domains"": [], ""emails"": [], ""phones"": [], ""ip_addresses"": [], ""crypto_wallets"": []}",Ten Most Wanted Fugitive Samuel Ramirez Jr. Apprehended in Mexico,"Samuel Ramirez Jr., 33, of Federal Way, was apprehended without incident on Tuesday, March 10, at 11:13 a.m. PT in Culiacán, Sinaloa, Mexico, only one hour and 13 minutes after being announced as the 538th addition to the FBI’s Ten Most Wanted Fugitives list.","Samuel Ramirez Jr., 33, of Federal Way, was apprehended without incident on Tuesday, March 10, at 11:13 a.m. PT in Culiacán, Sinaloa, Mexico, only one hour and 13 minutes after being announced as the 538th addition to the FBI’s Ten Most Wanted Fugitives list.",https://www.fbi.gov/contact-us/field-offices/seattle/news/ten-most-wanted-fugitive-samuel-ramirez-jr-apprehended-in-mexico,259
d13c4599c97c4a,2026-03-12,2026,3,FBI - National,"[""other""]","{""urls"": [], ""domains"": [], ""emails"": [], ""phones"": [], ""ip_addresses"": [], ""crypto_wallets"": []}",Activity in the U.S. Attorney’s Office,"Recent activity in the U.S. Attorney’s Office, District of Wyoming.","Recent activity in the U.S. Attorney’s Office, District of Wyoming.",https://www.fbi.gov/contact-us/field-offices/denver/news/activity-in-the-us-attorneys-office-20,67
7c72fb173110d9,2026-03-12,2026,3,FBI - National,"[""other""]","{""urls"": [], ""domains"": [], ""emails"": [], ""phones"": [], ""ip_addresses"": [], ""crypto_wallets"": []}",Evading Residential Proxy Networks: Protecting Your Devices from Becoming a Tool for Criminals,"The FBI is publishing this PSA to raise awareness of residential proxies, the risks they pose, and steps the public can take to safeguard their devices from becoming part of a residential proxy network.","The FBI is publishing this PSA to raise awareness of residential proxies, the risks they pose, and steps the public can take to safeguard their devices from becoming part of a residential proxy network.",https://www.fbi.gov/investigate/cyber/alerts/2026/evading-residential-proxy-networks-protecting-your-devices-from-becoming-a-tool-for-criminals,202
ceb26bb0ab67b5,2026-03-12,2026,3,FBI - National,"[""other""]","{""urls"": [], ""domains"": [], ""emails"": [], ""phones"": [], ""ip_addresses"": [], ""crypto_wallets"": []}",Two Cambria County Residents Indicted for Methamphetamine Trafficking,"Two residents of Cambria County, Pennsylvania, have been indicted on charges of violating federal narcotics and firearms laws.","Two residents of Cambria County, Pennsylvania, have been indicted on charges of violating federal narcotics and firearms laws.",https://www.fbi.gov/contact-us/field-offices/pittsburgh/news/two-cambria-county-residents-indicted-for-methamphetamine-trafficking,126
be7eecc3772410,2026-03-12,2026,3,FBI - National,"[""other""]","{""urls"": [], ""domains"": [], ""emails"": [], ""phones"": [], ""ip_addresses"": [], ""crypto_wallets"": []}",New Orleans Felons Indicted for Federal Drug Trafficking and Firearms Offenses,Donell Barthelemy and Michael Brooks were charged in an unsealed eight-count indictment with violations of the Federal Gun Control Act.,Donell Barthelemy and Michael Brooks were charged in an unsealed eight-count indictment with violations of the Federal Gun Control Act.,https://www.fbi.gov/contact-us/field-offices/neworleans/news/new-orleans-felons-indicted-for-federal-drug-trafficking-and-firearms-offenses,135
a000ac95f7da2e,2026-03-12,2026,3,FBI - National,"[""other""]","{""urls"": [], ""domains"": [], ""emails"": [], ""phones"": [], ""ip_addresses"": [], ""crypto_wallets"": []}",Nine-Time Felon Sentenced for Firearms Violation After Participating in Shootout,Gerard Carr was sentenced to 137 months in prison after previously pleading guilty to being a felon in possession of a firearm.,Gerard Carr was sentenced to 137 months in prison after previously pleading guilty to being a felon in possession of a firearm.,https://www.fbi.gov/contact-us/field-offices/neworleans/news/nine-time-felon-sentenced-for-firearms-violation-after-participating-in-shootout,127
09f63605737408,2026-03-12,2026,3,FBI - National,"[""other""]","{""urls"": [], ""domains"": [], ""emails"": [], ""phones"": [], ""ip_addresses"": [], ""crypto_wallets"": []}",Louisville Man Faces at Least 35 Years in Prison Following Conviction at Trial on Nine Federal Child Exploitation Charges,"Quinnton Dawson, 35, of Louisville was found guilty by a federal jury of nine federal child exploitation charges.","Quinnton Dawson, 35, of Louisville was found guilty by a federal jury of nine federal child exploitation charges.",https://www.fbi.gov/contact-us/field-offices/louisville/news/louisville-man-faces-at-least-35-years-in-prison-following-conviction-at-trial-on-nine-federal-child-exploitation-charges,113
9b1ead963824e6,2026-03-12,2026,3,FBI - National,"[""other""]","{""urls"": [], ""domains"": [], ""emails"": [], ""phones"": [], ""ip_addresses"": [], ""crypto_wallets"": []}",Bowling Green Man Sentenced to 27 Years and Six Months in Federal Prison for Online Enticement of Minors,"James Clark, 40, of Bowling Green, has been sentenced to 27 and one half years in prison for online coercion and enticement of minors.","James Clark, 40, of Bowling Green, has been sentenced to 27 and one half years in prison for online coercion and enticement of minors.",https://www.fbi.gov/contact-us/field-offices/louisville/news/bowling-green-man-sentenced-to-27-years-and-six-months-in-federal-prison-for-online-enticement-of-minors,134
708fe500e2d024,2026-03-12,2026,3,FBI - National,"[""other""]","{""urls"": [], ""domains"": [], ""emails"": [], ""phones"": [], ""ip_addresses"": [], ""crypto_wallets"": []}",Three Sentenced in Methamphetamine Trafficking Conspiracy,"Robert Allen, Larry Ellison, and Rebecca Garlandios were sentenced to 150 months, 164 months, and 70 months and two days, respectively, for conspiracy to distribute 50 grams or more of methamphetamine.","Robert Allen, Larry Ellison, and Rebecca Garlandios were sentenced to 150 months, 164 months, and 70 months and two days, respectively, for conspiracy to distribute 50 grams or more of methamphetamine.",https://www.fbi.gov/contact-us/field-offices/louisville/news/three-sentenced-in-methamphetamine-trafficking-conspiracy,201
eacca23a05a0dc,2026-03-12,2026,3,FBI - National,"[""other""]","{""urls"": [], ""domains"": [], ""emails"": [], ""phones"": [], ""ip_addresses"": [], ""crypto_wallets"": []}",Mexican National Indicted for Possessing and Distributing Child Sexual Abuse Material,A Mexican national was arrested and indicted for possessing child sexual abuse material.,A Mexican national was arrested and indicted for possessing child sexual abuse material.,https://www.fbi.gov/contact-us/field-offices/oklahomacity/news/mexican-national-indicted-for-possessing-and-distributing-child-sexual-abuse-material,88
987ced2ec69375,2026-03-12,2026,3,FBI - National,"[""other""]","{""urls"": [], ""domains"": [], ""emails"": [], ""phones"": [], ""ip_addresses"": [], ""crypto_wallets"": []}",Former Pagan’s Motorcycle Gang Member Pleaded Guilty for Armed Assaults Against Rivals,A former member of the Pagan’s Motorcycle Gang pleaded guilty for his involvement in a series of armed assaults against rival motorcycle club members.,A former member of the Pagan’s Motorcycle Gang pleaded guilty for his involvement in a series of armed assaults against rival motorcycle club members.,https://www.fbi.gov/contact-us/field-offices/kansascity/news/former-pagans-motorcycle-gang-member-pleaded-guilty-for-armed-assaults-against-rivals,150
b2e2c6c952dee8,2026-03-12,2026,3,FBI - National,"[""other""]","{""urls"": [], ""domains"": [], ""emails"": [], ""phones"": [], ""ip_addresses"": [], ""crypto_wallets"": []}",Federal Grand Jury Indicts Three Defendants on Charges Related to Public Shootings,Three defendants allegedly involved in public shootings in Cincinnati have now been indicted by a federal grand jury.,Three defendants allegedly involved in public shootings in Cincinnati have now been indicted by a federal grand jury.,https://www.fbi.gov/contact-us/field-offices/cincinnati/news/federal-grand-jury-indicts-three-defendants-on-charges-related-to-public-shootings,117
a38949b5338308,2026-03-12,2026,3,FBI - National,"[""other""]","{""urls"": [], ""domains"": [], ""emails"": [], ""phones"": [], ""ip_addresses"": [], ""crypto_wallets"": []}",Grand Jury Indicts New York Man Charged with Federal Sexual Exploitation Crimes,A federal grand jury indicted Kyle D. Lawrence on federal sexual exploitation charges.,A federal grand jury indicted Kyle D. Lawrence on federal sexual exploitation charges.,https://www.fbi.gov/contact-us/field-offices/cincinnati/news/grand-jury-indicts-new-york-man-charged-with-federal-sexual-exploitation-crimes,86
2937879f4ce73c,2026-03-12,2026,3,FBI - National,"[""other""]","{""urls"": [], ""domains"": [], ""emails"": [], ""phones"": [], ""ip_addresses"": [], ""crypto_wallets"": []}",Former Pagan’s Motorcycle Gang Member Sentenced to 80 Months for Assault Against Rival,A former member of the Pagan’s Motorcycle Club was sentenced in federal court for his involvement in an assault against a member of a rival motorcycle club.,A former member of the Pagan’s Motorcycle Club was sentenced in federal court for his involvement in an assault against a member of a rival motorcycle club.,https://www.fbi.gov/contact-us/field-offices/kansascity/news/former-pagans-motorcycle-gang-member-sentenced-to-80-months-for-assault-against-rival,156
4de896e91c8f55,2026-03-12,2026,3,FBI - National,"[""other""]","{""urls"": [], ""domains"": [], ""emails"": [], ""phones"": [], ""ip_addresses"": [], ""crypto_wallets"": []}",Independence Man Charged after 24 Kilograms of Methamphetamine and Multiple Firearms Seized from Residence,"Marceil Wortham of Independence, Missouri, has been charged by criminal complaint for possession with intent to distribute methamphetamine and possession of firearms.","Marceil Wortham of Independence, Missouri, has been charged by criminal complaint for possession with intent to distribute methamphetamine and possession of firearms.",https://www.fbi.gov/contact-us/field-offices/kansascity/news/independence-man-charged-after-24-kilograms-of-methamphetamine-and-multiple-firearms-seized-from-residence,166
f95b09d83e55bd,2026-03-12,2026,3,FBI - National,"[""other""]","{""urls"": [], ""domains"": [], ""emails"": [], ""phones"": [], ""ip_addresses"": [], ""crypto_wallets"": []}",South Carolina Couple Sentenced for Cyberstalking Scheme That Targeted Vulnerable Victim and His Family,A man and woman from South Carolina were sentenced for carrying out a cyberstalking scheme targeting a vulnerable victim and his immediate family members.,A man and woman from South Carolina were sentenced for carrying out a cyberstalking scheme targeting a vulnerable victim and his immediate family members.,https://www.fbi.gov/contact-us/field-offices/charlotte/news/south-carolina-couple-sentenced-for-cyberstalking-scheme-that-targeted-vulnerable-victim-and-his-family,154
2b1e21da326d8c,2026-03-12,2026,3,FBI - National,"[""other""]","{""urls"": [], ""domains"": [], ""emails"": [], ""phones"": [], ""ip_addresses"": [], ""crypto_wallets"": []}","Former Robeson County Sheriff’s Deputy and Family Plead Guilty to Stealing Over $542,000 in Fraudulent COVID Loans","A Robeson County Sheriff’s deputy, his wife, and two sons engaged in a scheme to defraud the Small Business Administration’s Economic Injury Disaster Loan.","A Robeson County Sheriff’s deputy, his wife, and two sons engaged in a scheme to defraud the Small Business Administration’s Economic Injury Disaster Loan.",https://www.fbi.gov/contact-us/field-offices/charlotte/news/former-robeson-county-sheriffs-deputy-and-family-plead-guilty-to-stealing-over-542000-in-fraudulent-covid-loans,155
ab11537e4de5aa,2026-03-11,2026,3,FBI - National,"[""other""]","{""urls"": [], ""domains"": [], ""emails"": [], ""phones"": [], ""ip_addresses"": [], ""crypto_wallets"": []}",Hays Woman Sentenced to 22 Months in Prison for Assault Resulting in Serious Bodily Injury,"A Hays woman who beat a man so badly he later died from his injuries was sentenced to 22 months in prison, followed by three years of supervised release.","A Hays woman who beat a man so badly he later died from his injuries was sentenced to 22 months in prison, followed by three years of supervised release.",https://www.fbi.gov/contact-us/field-offices/billings/news/hays-woman-sentenced-to-22-months-in-prison-for-assault-resulting-in-serious-bodily-injury,153
63062fc4497abe,2026-03-11,2026,3,FBI - National,"[""other""]","{""urls"": [], ""domains"": [], ""emails"": [], ""phones"": [], ""ip_addresses"": [], ""crypto_wallets"": []}",Second Defendant Pleads Guilty to Carjacking Resulting in Death,A Billings woman accused of facilitating a carjacking which resulted in death admitted to charges.,A Billings woman accused of facilitating a carjacking which resulted in death admitted to charges.,https://www.fbi.gov/contact-us/field-offices/billings/news/second-defendant-pleads-guilty-to-carjacking-resulting-in-death,98
76fdecc486e85c,2026-03-11,2026,3,FBI - National,"[""other""]","{""urls"": [], ""domains"": [], ""emails"": [], ""phones"": [], ""ip_addresses"": [], ""crypto_wallets"": []}",New Haven Man Sentenced to 14 Years in Federal Prison for Trafficking Fentanyl,"Luis Salaman, 44, of New Haven, was sentenced to 168 months in prison for his role in a fentanyl trafficking conspiracy.","Luis Salaman, 44, of New Haven, was sentenced to 168 months in prison for his role in a fentanyl trafficking conspiracy.",https://www.fbi.gov/contact-us/field-offices/newhaven/news/new-haven-man-sentenced-to-14-years-in-federal-prison-for-trafficking-fentanyl,120
8d4c6566d91b0c,2026-03-11,2026,3,FBI - National,"[""other""]","{""urls"": [], ""domains"": [], ""emails"": [], ""phones"": [], ""ip_addresses"": [], ""crypto_wallets"": []}",Statement from FBI Milwaukee Special Agent in Charge,Statement from FBI Milwaukee SAC Alan Karr following an agent's exposure to an unknown substance,Statement from FBI Milwaukee SAC Alan Karr following an agent's exposure to an unknown substance,https://www.fbi.gov/contact-us/field-offices/milwaukee/news/fbi-milwaukee-statement,96
8e2bb84bd9d074,2026-03-11,2026,3,FBI - National,"[""other""]","{""urls"": [], ""domains"": [], ""emails"": [], ""phones"": [], ""ip_addresses"": [], ""crypto_wallets"": []}",Two Men Admit Pocketing Millions in Donations From Petco Park and Snapdragon Stadium Meant for Charity,"Noly Hermoso Ilarde of San Diego pleaded guilty in federal court, admitting that he and a co-conspirator created a sham charity.","Noly Hermoso Ilarde of San Diego pleaded guilty in federal court, admitting that he and a co-conspirator created a sham charity.",https://www.fbi.gov/contact-us/field-offices/sandiego/news/two-men-admit-pocketing-millions-in-donations-from-petco-park-and-snapdragon-stadium-meant-for-charity,128
e7a172ef856c63,2026-03-11,2026,3,FBI - National,"[""other""]","{""urls"": [], ""domains"": [], ""emails"": [], ""phones"": [], ""ip_addresses"": [], ""crypto_wallets"": []}",West Columbia Man Sentenced to 21 Years in Federal Prison for Production of Child Sexual Abuse Material,Robert K. Bonesteel has been sentenced to more than 21 years in federal prison for producing child sexual abuse material.,Robert K. Bonesteel has been sentenced to more than 21 years in federal prison for producing child sexual abuse material.,https://www.fbi.gov/contact-us/field-offices/columbia/news/west-columbia-man-sentenced-to-21-years-in-federal-prison-for-production-of-child-sexual-abuse-material,121
f8c26012159860,2026-03-11,2026,3,FBI - National,"[""other""]","{""urls"": [], ""domains"": [], ""emails"": [], ""phones"": [], ""ip_addresses"": [], ""crypto_wallets"": []}",Rockland County Man Pleads Guilty to Defrauding Investors in Investment Scheme,Solomon Lichtenstein pleaded guilty to securities fraud in connection with a scheme to defraud investors in two investment vehicles he managed and promoted.,Solomon Lichtenstein pleaded guilty to securities fraud in connection with a scheme to defraud investors in two investment vehicles he managed and promoted.,https://www.fbi.gov/contact-us/field-offices/newyork/news/rockland-county-man-pleads-guilty-to-defrauding-investors-in-investment-scheme,156
a3a6496b93b1a7,2026-03-11,2026,3,FBI - National,"[""other""]","{""urls"": [], ""domains"": [], ""emails"": [], ""phones"": [], ""ip_addresses"": [], ""crypto_wallets"": []}",Anchorage Man Sentenced to Over 13 Years for Role in Alaska Drug Trafficking Conspiracy,"An Anchorage man was sentenced to over 13 years in prison for conspiring with others to traffic fentanyl, methamphetamine, and heroin in Alaska.","An Anchorage man was sentenced to over 13 years in prison for conspiring with others to traffic fentanyl, methamphetamine, and heroin in Alaska.",https://www.fbi.gov/contact-us/field-offices/anchorage/news/anchorage-man-sentenced-to-over-13-years-for-role-in-alaska-drug-trafficking-conspiracy,144
68baffffa99295,2026-03-11,2026,3,FBI - National,"[""other""]","{""urls"": [], ""domains"": [], ""emails"": [], ""phones"": [], ""ip_addresses"": [], ""crypto_wallets"": []}",Jamestown Man Pleads Guilty to Multiple Sex Trafficking Charges and Drug Conspiracy,"Zaid Mendoza, 47, of Jamestown and Falconer, New York, pleaded guilty to drug and sex trafficking crimes.","Zaid Mendoza, 47, of Jamestown and Falconer, New York, pleaded guilty to drug and sex trafficking crimes.",https://www.fbi.gov/contact-us/field-offices/buffalo/news/jamestown-man-pleads-guilty-to-multiple-sex-trafficking-charges-and-drug-conspiracy,105
c86bc62dda1fbb,2026-03-11,2026,3,FBI - National,"[""other""]","{""urls"": [], ""domains"": [], ""emails"": [], ""phones"": [], ""ip_addresses"": [], ""crypto_wallets"": []}","Jurors Convict Former Missouri Police Officer of Civil Rights Violation, Other Charges","A former Northwoods, Missouri police officer was convicted of charges related to the assault of a handcuffed man in 2023.","A former Northwoods, Missouri police officer was convicted of charges related to the assault of a handcuffed man in 2023.",https://www.fbi.gov/contact-us/field-offices/stlouis/news/jurors-convict-former-missouri-police-officer-of-civil-rights-violation-other-charges,121
8db2118d61ab72,2026-03-11,2026,3,FBI - National,"[""other""]","{""urls"": [], ""domains"": [], ""emails"": [], ""phones"": [], ""ip_addresses"": [], ""crypto_wallets"": []}",Stafford Man Sentenced to Life in Prison for Child Sexual Abuse Crimes He Committed While on Supervised Release for Previous Convictions,"Nicholas Wayne Hanlon, 40, of Stafford, was sentenced to life in prison for sexual exploitation of children after prior convictions, coercion and enticement of a minor, and related crimes.","Nicholas Wayne Hanlon, 40, of Stafford, was sentenced to life in prison for sexual exploitation of children after prior convictions, coercion and enticement of a minor, and related crimes.",https://www.fbi.gov/contact-us/field-offices/washingtondc/news/stafford-man-sentenced-to-life-in-prison-for-child-sexual-abuse-crimes-he-committed-while-on-supervised-release-for-previous-convictions,188
5d494114a0ced7,2026-03-11,2026,3,FBI - National,"[""other""]","{""urls"": [], ""domains"": [], ""emails"": [], ""phones"": [], ""ip_addresses"": [], ""crypto_wallets"": []}",Las Cruces Man Sentenced for Possessing Stolen Handgun While Under Felony Indictment,"A Las Cruces man pleaded guilty after being caught carrying a loaded, stolen handgun outside a Las Cruces gas station while under indictment.","A Las Cruces man pleaded guilty after being caught carrying a loaded, stolen handgun outside a Las Cruces gas station while under indictment.",https://www.fbi.gov/contact-us/field-offices/albuquerque/news/las-cruces-man-sentenced-for-possessing-stolen-handgun-while-under-felony-indictment,141
f44e7731b426d8,2026-03-11,2026,3,FBI - National,"[""other""]","{""urls"": [], ""domains"": [], ""emails"": [], ""phones"": [], ""ip_addresses"": [], ""crypto_wallets"": []}",Roanoke Woman Sentenced in Paycheck Protection Fraud Scheme,A Roanoke woman who orchestrated a wide-ranging conspiracy to commit wire fraud as part of a scheme to steal from the Small Business Association’s Paycheck Protection Program was sentenced to eight years in federal prison.,A Roanoke woman who orchestrated a wide-ranging conspiracy to commit wire fraud as part of a scheme to steal from the Small Business Association’s Paycheck Protection Program was sentenced to eight years in federal prison.,https://www.fbi.gov/contact-us/field-offices/richmond/news/roanoke-woman-sentenced-in-paycheck-protection-fraud-scheme,222
d01efc56c190bd,2026-03-11,2026,3,FBI - National,"[""other""]","{""urls"": [], ""domains"": [], ""emails"": [], ""phones"": [], ""ip_addresses"": [], ""crypto_wallets"": []}",Two MS-13 Members Sentenced to 55 and 48 Years in Prison for Committing Two Murders in Queens,Defendants Ramiro Gutierrez and Tito Martinez Alvarenga were sentenced for their participation in murders.,Defendants Ramiro Gutierrez and Tito Martinez Alvarenga were sentenced for their participation in murders.,https://www.fbi.gov/contact-us/field-offices/newyork/news/two-ms-13-members-sentenced-to-55-and-48-years-in-prison-for-committing-two-murders-in-queens,106
023644b89a1a85,2026-03-11,2026,3,FBI - National,"[""other""]","{""urls"": [], ""domains"": [], ""emails"": [], ""phones"": [], ""ip_addresses"": [], ""crypto_wallets"": []}","Honolulu Man Convicted of Child Exploitation Offenses, Including Production of Child Pornography and Sex Trafficking of Children","Darren Patrick Riley, 45, of Honolulu, Hawaii, has been convicted of production, distribution, receipt, and possession of child pornography, sex trafficking minors, and enticement of minors.","Darren Patrick Riley, 45, of Honolulu, Hawaii, has been convicted of production, distribution, receipt, and possession of child pornography, sex trafficking minors, and enticement of minors.",https://www.fbi.gov/contact-us/field-offices/honolulu/news/honolulu-man-convicted-child-exploitation-offenses-including-production-child,190
7f6b8f2d03a80b,2026-03-11,2026,3,FBI - National,"[""other""]","{""urls"": [], ""domains"": [], ""emails"": [], ""phones"": [], ""ip_addresses"": [], ""crypto_wallets"": []}","Federal Grand Jury Returns 39 Count Indictment Charging Tonawanda Man with Production, Distribution and Possession of Child Pornography, and Traveling Across State Lines to Have Sex with a Minor Victim","Trevor Knapp, 34, of Tonawanda, New York, was charged with 15 counts of production of child pornography and other related crimes.","Trevor Knapp, 34, of Tonawanda, New York, was charged with 15 counts of production of child pornography and other related crimes.",https://www.fbi.gov/contact-us/field-offices/buffalo/news/federal-grand-jury-returns-39-count-indictment-charging-tonawanda-man-with-production-distribution-and-possession-of-child-pornography-and-traveling-across-state-lines-to-have-sex-with-a-minor-victim,129
795e03460bde4b,2026-03-11,2026,3,FBI - National,"[""other""]","{""urls"": [], ""domains"": [], ""emails"": [], ""phones"": [], ""ip_addresses"": [], ""crypto_wallets"": []}",Registered Sex Offender Sentenced to 15 Years in Federal Prison for Child Pornography Offense,Steven Eric Prestwood was sentenced to 15 years in federal prison after pleading guilty to receipt of child pornography.,Steven Eric Prestwood was sentenced to 15 years in federal prison after pleading guilty to receipt of child pornography.,https://www.fbi.gov/contact-us/field-offices/seattle/news/registered-sex-offender-sentenced-to-15-years-in-federal-prison-for-child-pornography-offense,120
e14391213ea8f5,2026-03-11,2026,3,FBI - National,"[""other""]","{""urls"": [], ""domains"": [], ""emails"": [], ""phones"": [], ""ip_addresses"": [], ""crypto_wallets"": []}",Former Florissant Police Officer Sentenced to 24 Months in Prison for Searching Women’s Phones for Nude Images,"A former Florissant, Missouri, police officer has been sentenced to 24 months in prison for illegally searching the phones of 20 women for nude photos.","A former Florissant, Missouri, police officer has been sentenced to 24 months in prison for illegally searching the phones of 20 women for nude photos.",https://www.fbi.gov/contact-us/field-offices/stlouis/news/former-florissant-police-officer-sentenced-to-24-months-in-prison-for-searching-womens-phones-for-nude-images,151
aa056f7981252a,2026-03-11,2026,3,FBI - National,"[""other""]","{""urls"": [], ""domains"": [], ""emails"": [], ""phones"": [], ""ip_addresses"": [], ""crypto_wallets"": []}",Prior Felon Pleads Guilty to Selling Adulterated Animal Drugs,"Scott Robinson, of Pace, Florida, pleaded guilty in federal court to two counts of drug adulteration.","Scott Robinson, of Pace, Florida, pleaded guilty in federal court to two counts of drug adulteration.",https://www.fbi.gov/contact-us/field-offices/jacksonville/news/prior-felon-pleads-guilty-to-selling-adulterated-animal-drugs,101
f2778cf9bfd21f,2026-03-11,2026,3,FBI - National,"[""other""]","{""urls"": [], ""domains"": [], ""emails"": [], ""phones"": [], ""ip_addresses"": [], ""crypto_wallets"": []}",Federal Inmate Sentenced for Threatening Bureau of Prisons Administrator,John Robert Bond pleaded guilty to making threats against a federal official and was sentenced to 57 months in federal prison.,John Robert Bond pleaded guilty to making threats against a federal official and was sentenced to 57 months in federal prison.,https://www.fbi.gov/contact-us/field-offices/houston/news/federal-inmate-sentenced-for-threatening-bureau-of-prisons-administrator,126
10772b2eef63ad,2026-03-11,2026,3,FBI - National,"[""other""]","{""urls"": [], ""domains"": [], ""emails"": [], ""phones"": [], ""ip_addresses"": [], ""crypto_wallets"": []}",Federal Jury Convicts Inmate Serving Life Sentence in Violent Kidnaping of Rideshare Driver During Escape from Georgia Custody,A federal inmate serving a life sentence was convicted for his role in a scheme to abduct and rob a rideshare driver while fleeing Georgia state custody.,A federal inmate serving a life sentence was convicted for his role in a scheme to abduct and rob a rideshare driver while fleeing Georgia state custody.,https://www.fbi.gov/contact-us/field-offices/miami/news/federal-jury-convicts-inmate-serving-life-sentence-in-violent-kidnaping-of-rideshare-driver-during-escape-from-georgia-custody,153
ece24000163665,2026-03-11,2026,3,FBI - National,"[""other""]","{""urls"": [], ""domains"": [], ""emails"": [], ""phones"": [], ""ip_addresses"": [], ""crypto_wallets"": []}",Arizona Woman Pleads Guilty to Federal Assault Charges in Drunk Driving Crash,Shaina Shorty pleaded guilty to two counts of assault resulting in serious bodily injury.,Shaina Shorty pleaded guilty to two counts of assault resulting in serious bodily injury.,https://www.fbi.gov/contact-us/field-offices/albuquerque/news/arizona-woman-pleads-guilty-to-federal-assault-charges-in-drunk-driving-crash,89
8639c742214743,2026-03-11,2026,3,FBI - National,"[""other""]","{""urls"": [], ""domains"": [], ""emails"": [], ""phones"": [], ""ip_addresses"": [], ""crypto_wallets"": []}",Muskegon Man Involved in Shooting Sentenced to 15 Years in Prison,"Malik Jones-Smith of Muskegon, Michigan, was sentenced to 15 years in federal prison for being a felon in possession of a firearm and for his supervised release violation.","Malik Jones-Smith of Muskegon, Michigan, was sentenced to 15 years in federal prison for being a felon in possession of a firearm and for his supervised release violation.",https://www.fbi.gov/contact-us/field-offices/detroit/news/muskegon-man-involved-in-shooting-sentenced-to-15-years-in-prison,171
6502a1df867760,2026-03-11,2026,3,FBI - National,"[""identity_fraud""]","{""urls"": [], ""domains"": [], ""emails"": [], ""phones"": [], ""ip_addresses"": [], ""crypto_wallets"": []}",Michigan Man Sentenced for Wire Fraud and Aggravated Identity Theft Charges,"Andrew Shenkosky, 30, of Michigan, has been sentenced to 60 months in prison for wire fraud and aggravated identity theft.","Andrew Shenkosky, 30, of Michigan, has been sentenced to 60 months in prison for wire fraud and aggravated identity theft.",https://www.fbi.gov/contact-us/field-offices/minneapolis/news/michigan-man-sentenced-for-wire-fraud-and-aggravated-identity-theft-charges,122
a476593ed8663c,2026-03-11,2026,3,FBI - National,"[""other""]","{""urls"": [], ""domains"": [], ""emails"": [], ""phones"": [], ""ip_addresses"": [], ""crypto_wallets"": []}","Former Nye County Commissioner Indicted for COVID-19 Relief Fraud Totaling More Than $500,000","A former County Commissioner from Nye County, Nevada, was indicted by a federal grand jury in Las Vegas for his alleged role in applying for fraudulent COVID-19 relief funds.","A former County Commissioner from Nye County, Nevada, was indicted by a federal grand jury in Las Vegas for his alleged role in applying for fraudulent COVID-19 relief funds.",https://www.fbi.gov/contact-us/field-offices/lasvegas/news/former-nye-county-commissioner-indicted-for-covid-19-relief-fraud-totaling-more-than-500000,174
15f7cf077f6f84,2026-03-11,2026,3,FBI - National,"[""other""]","{""urls"": [], ""domains"": [], ""emails"": [], ""phones"": [], ""ip_addresses"": [], ""crypto_wallets"": []}",Berks County Man Indicted for Possessing Contraband in Prison,Ramsee Munoz was indicted on one count of possessing contraband in prison.,Ramsee Munoz was indicted on one count of possessing contraband in prison.,https://www.fbi.gov/contact-us/field-offices/philadelphia/news/berks-county-man-indicted-for-possessing-contraband-in-prison,74
672e310105d4bc,2026-03-11,2026,3,FBI - National,"[""other""]","{""urls"": [], ""domains"": [], ""emails"": [], ""phones"": [], ""ip_addresses"": [], ""crypto_wallets"": []}",Philadelphia Man Sentenced to 15 Years in Prison for Violent Home Invasion Robbery,Tyrek Byrd was sentenced to 15 years in prison for his role in a home invasion robbery targeting a local business owner.,Tyrek Byrd was sentenced to 15 years in prison for his role in a home invasion robbery targeting a local business owner.,https://www.fbi.gov/contact-us/field-offices/philadelphia/news/philadelphia-man-sentenced-to-15-years-in-prison-for-violent-home-invasion-robbery,120
1238a3063252a4,2026-03-11,2026,3,FBI - National,"[""other""]","{""urls"": [], ""domains"": [], ""emails"": [], ""phones"": [], ""ip_addresses"": [], ""crypto_wallets"": []}",New Orleans Man Indicted for Federal Drug Trafficking and Firearms Offenses,"Robert Polk, age 23, of New Orleans, was indicted for two counts of possession with intent to distribute controlled substances.","Robert Polk, age 23, of New Orleans, was indicted for two counts of possession with intent to distribute controlled substances.",https://www.fbi.gov/contact-us/field-offices/neworleans/news/new-orleans-man-indicted-for-federal-drug-trafficking-and-firearms-offenses,127
3d74da2fa06318,2026-03-11,2026,3,FBI - National,"[""other""]","{""urls"": [], ""domains"": [], ""emails"": [], ""phones"": [], ""ip_addresses"": [], ""crypto_wallets"": []}","Delaware County Woman Sentenced for Carjacking, Shooting at Victim, and Fleeing with Infant in Stolen SUV",Phillis Fugah was sentenced to 10 years and one day in prison for carjacking and discharging a firearm during a violent crime.,Phillis Fugah was sentenced to 10 years and one day in prison for carjacking and discharging a firearm during a violent crime.,https://www.fbi.gov/contact-us/field-offices/philadelphia/news/delaware-county-woman-sentenced-for-carjacking-shooting-at-victim-and-fleeing-with-infant-in-stolen-suv,126
09539e9b9078ad,2026-03-11,2026,3,FBI - National,"[""other""]","{""urls"": [], ""domains"": [], ""emails"": [], ""phones"": [], ""ip_addresses"": [], ""crypto_wallets"": []}",Chinese National Pleads Guilty to Money Laundering,Ming Xia pleaded guilty to conspiracy to commit money laundering involving the proceeds of a prostitution enterprise.,Ming Xia pleaded guilty to conspiracy to commit money laundering involving the proceeds of a prostitution enterprise.,https://www.fbi.gov/contact-us/field-offices/albany/news/chinese-national-pleads-guilty-to-money-laundering,117
0dfc4a74367f62,2026-03-10,2026,3,FBI - National,"[""other""]","{""urls"": [], ""domains"": [], ""emails"": [], ""phones"": [], ""ip_addresses"": [], ""crypto_wallets"": []}",New York Woman Pleads Guilty to Mail Fraud,A New York woman accused of selling diet pills laced with methamphetamine through the mail admitted to charges.,A New York woman accused of selling diet pills laced with methamphetamine through the mail admitted to charges.,https://www.fbi.gov/contact-us/field-offices/billings/news/new-york-woman-pleads-guilty-to-mail-fraud,111
5fa2d12e0cb759,2026-03-10,2026,3,FBI - National,"[""other""]","{""urls"": [], ""domains"": [], ""emails"": [], ""phones"": [], ""ip_addresses"": [], ""crypto_wallets"": []}",Mexican National Pleads Guilty to Racketeering Conspiracy Involving the Forced Labor of Mexican Workers,"Alexander Villatoro Moreno, age 53, also known as Quichi, pleaded guilty in federal court in Tampa, Florida, to conspiracy under the RICO Act.","Alexander Villatoro Moreno, age 53, also known as Quichi, pleaded guilty in federal court in Tampa, Florida, to conspiracy under the RICO Act.",https://www.fbi.gov/contact-us/field-offices/tampa/news/mexican-national-pleads-guilty-to-racketeering-conspiracy-involving-the-forced-labor-of-mexican-workers,142
e2401a901e4097,2026-03-10,2026,3,FBI - National,"[""other""]","{""urls"": [], ""domains"": [], ""emails"": [], ""phones"": [], ""ip_addresses"": [], ""crypto_wallets"": []}",Hartford Man Sentenced to Five Years in Federal Prison for Drug Trafficking Offenses,"Rafael Orlando Garcia, 35, of Hartford, was sentenced to 60 months in prison and four years of supervised release for distributing fentanyl and cocaine.","Rafael Orlando Garcia, 35, of Hartford, was sentenced to 60 months in prison and four years of supervised release for distributing fentanyl and cocaine.",https://www.fbi.gov/contact-us/field-offices/newhaven/news/hartford-man-sentenced-to-five-years-in-federal-prison-for-drug-trafficking-offenses,152
ad063cce322d37,2026-03-10,2026,3,FBI - National,"[""other""]","{""urls"": [], ""domains"": [], ""emails"": [], ""phones"": [], ""ip_addresses"": [], ""crypto_wallets"": []}",Sacramento Woman Pleads Guilty to Fraudulent Investment Scheme,"Maria Dickerson, 49, of Sacramento, pleaded guilty to one count of wire fraud and one count of securities fraud.","Maria Dickerson, 49, of Sacramento, pleaded guilty to one count of wire fraud and one count of securities fraud.",https://www.fbi.gov/contact-us/field-offices/sacramento/news/sacramento-woman-pleads-guilty-to-fraudulent-investment-scheme,112
9002cb91b2af3c,2026-03-10,2026,3,FBI - National,"[""other""]","{""urls"": [], ""domains"": [], ""emails"": [], ""phones"": [], ""ip_addresses"": [], ""crypto_wallets"": []}",Individual in Stanislaus County Fentanyl and Firearm Trafficking Ring Sentenced to Over 11 Years in Prison,Oleg Arreola of Modesto was sentenced for being a felon in possession of a firearm in connection with a drug and firearm trafficking conspiracy.,Oleg Arreola of Modesto was sentenced for being a felon in possession of a firearm in connection with a drug and firearm trafficking conspiracy.,https://www.fbi.gov/contact-us/field-offices/sacramento/news/individual-in-stanislaus-county-fentanyl-and-firearm-trafficking-ring-sentenced-to-over-11-years-in-prison,144
dd4fd612653bbb,2026-03-10,2026,3,FBI - National,"[""other""]","{""urls"": [], ""domains"": [], ""emails"": [], ""phones"": [], ""ip_addresses"": [], ""crypto_wallets"": []}",Florida Man Arrested for Stealing More Than Half a Million Dollars of Onions and Potatoes,"Jason Canals, 39, of Spring Hill, has been arrested and charged with eight counts of interstate transport of stolen property.","Jason Canals, 39, of Spring Hill, has been arrested and charged with eight counts of interstate transport of stolen property.",https://www.fbi.gov/contact-us/field-offices/tampa/news/florida-man-arrested-for-stealing-more-than-half-a-million-dollars-of-onions-and-potatoes,125
c7933e3b9a3145,2026-03-10,2026,3,FBI - National,"[""other""]","{""urls"": [], ""domains"": [], ""emails"": [], ""phones"": [], ""ip_addresses"": [], ""crypto_wallets"": []}",Bridgeport Man Sentenced to Five Years in Federal Prison for Trafficking Fentanyl,"Angel Echevarria, 30, of Bridgeport, was sentenced to 60 months in prison for distributing fentanyl.","Angel Echevarria, 30, of Bridgeport, was sentenced to 60 months in prison for distributing fentanyl.",https://www.fbi.gov/contact-us/field-offices/newhaven/news/bridgeport-man-sentenced-to-5-years-in-federal-prison-for-trafficking-fentanyl,100
2a722dd35bc158,2026-03-10,2026,3,FBI - National,"[""other""]","{""urls"": [], ""domains"": [], ""emails"": [], ""phones"": [], ""ip_addresses"": [], ""crypto_wallets"": []}",St. Louis Area Fentanyl and Methamphetamine Distributor Sentenced to 19 Years in Prison,"Neil Phifer, 40, has been sentenced to 19 years in prison for his involvement in a conspiracy to distribute methamphetamine and fentanyl in the St. Louis area.","Neil Phifer, 40, has been sentenced to 19 years in prison for his involvement in a conspiracy to distribute methamphetamine and fentanyl in the St. Louis area.",https://www.fbi.gov/contact-us/field-offices/stlouis/news/st-louis-area-fentanyl-and-methamphetamine-distributor-sentenced-to-19-years-in-prison,159
ad7eb5e2293371,2026-03-10,2026,3,FBI - National,"[""other""]","{""urls"": [], ""domains"": [], ""emails"": [], ""phones"": [], ""ip_addresses"": [], ""crypto_wallets"": []}",Federal Charges Filed in Fatal Houston Heights Carjacking and Shooting,An 18-year-old Houston man is now facing federal carjacking and firearms charges following a fatal shooting in the Heights area and subsequent vehicle and foot pursuit.,An 18-year-old Houston man is now facing federal carjacking and firearms charges following a fatal shooting in the Heights area and subsequent vehicle and foot pursuit.,https://www.fbi.gov/contact-us/field-offices/houston/news/federal-charges-filed-in-fatal-houston-heights-carjacking-and-shooting,168
8c00fbc17f00a4,2026-03-10,2026,3,FBI - National,"[""other""]","{""urls"": [], ""domains"": [], ""emails"": [], ""phones"": [], ""ip_addresses"": [], ""crypto_wallets"": []}",Second Man Charged with Murder Relating to Methamphetamine Trafficking,"A second man, Taliau Tauvela-Afalava, 31 of Aiea, Hawaii, was charged and made his initial appearance in court for his role in a murder stemming from the victim’s alleged failure to pay for methamphetamine.","A second man, Taliau Tauvela-Afalava, 31 of Aiea, Hawaii, was charged and made his initial appearance in court for his role in a murder stemming from the victim’s alleged failure to pay for methamphetamine.",https://www.fbi.gov/contact-us/field-offices/honolulu/news/second-man-charged-with-murder-relating-to-methamphetamine-trafficking,206
9db85332a5c96d,2026-03-10,2026,3,FBI - National,"[""other""]","{""urls"": [], ""domains"": [], ""emails"": [], ""phones"": [], ""ip_addresses"": [], ""crypto_wallets"": []}",California Man Sentenced to Over Five Years in Federal Prison for Multimillion-Dollar Fraud Scheme Targeting More Than a Dozen Victims,"Richard Patterson, Jr., 44, of Norco, California, was sentenced to 68 months in prison for conspiring to commit wire fraud and failing to appear for a court hearing.","Richard Patterson, Jr., 44, of Norco, California, was sentenced to 68 months in prison for conspiring to commit wire fraud and failing to appear for a court hearing.",https://www.fbi.gov/contact-us/field-offices/honolulu/news/california-man-sentenced-over-5-years-federal-prison-multimillion-dollar-fraud-scheme,165
98cb6822e649cb,2026-03-10,2026,3,FBI - National,"[""other""]","{""urls"": [], ""domains"": [], ""emails"": [], ""phones"": [], ""ip_addresses"": [], ""crypto_wallets"": []}",West Mifflin Felon Charged with Unlawful Possession of Ammunition,"A resident of West Mifflin, Pennsylvania, has been indicted by a federal grand jury in Pittsburgh on a charge of possession of ammunition by a convicted felon.","A resident of West Mifflin, Pennsylvania, has been indicted by a federal grand jury in Pittsburgh on a charge of possession of ammunition by a convicted felon.",https://www.fbi.gov/contact-us/field-offices/pittsburgh/news/west-mifflin-felon-charged-unlawful-possession-ammunition,159
eb6a8514288653,2026-03-10,2026,3,FBI - National,"[""other""]","{""urls"": [], ""domains"": [], ""emails"": [], ""phones"": [], ""ip_addresses"": [], ""crypto_wallets"": []}",Maryland Woman Sentenced for Laundering Funds Stolen From Fraud Schemes,A Maryland woman received a federal prison sentence in connection with a money laundering scheme.,A Maryland woman received a federal prison sentence in connection with a money laundering scheme.,https://www.fbi.gov/contact-us/field-offices/baltimore/news/maryland-woman-sentenced-for-laundering-funds-stolen-from-fraud-schemes,97
1e62b5632a0203,2026-03-10,2026,3,FBI - National,"[""other""]","{""urls"": [], ""domains"": [], ""emails"": [], ""phones"": [], ""ip_addresses"": [], ""crypto_wallets"": []}",Former Restauranteur Sentenced to 30 Months in Prison for Defrauding Elderly Victim,The former owner of a Lake Sammamish restaurant was sentenced to 30 months in prison for wire fraud and filing a false tax return.,The former owner of a Lake Sammamish restaurant was sentenced to 30 months in prison for wire fraud and filing a false tax return.,https://www.fbi.gov/contact-us/field-offices/seattle/news/former-restauranteur-sentenced-to-30-months-in-prison-for-defrauding-elderly-victim,130
7c576e1678bc19,2026-03-10,2026,3,FBI - National,"[""other""]","{""urls"": [], ""domains"": [], ""emails"": [], ""phones"": [], ""ip_addresses"": [], ""crypto_wallets"": []}",Fraudster Sentenced to Federal Prison for COVID-19 and Bankruptcy Schemes,"Sean Eric Thompson was sentenced to four years in prison after previously pleading guilty in federal court to five counts of wire fraud, three counts of making a false statement, six counts of money laundering, and three counts of bankruptcy fraud in connection with a scheme to defraud the Small Business Administration and the U.S. Bankruptcy Court for the Northern District of Florida.","Sean Eric Thompson was sentenced to four years in prison after previously pleading guilty in federal court to five counts of wire fraud, three counts of making a false statement, six counts of money laundering, and three counts of bankruptcy fraud in connection with a scheme to defraud the Small Business Administration and the U.S. Bankruptcy Court for the Northern District of Florida.",https://www.fbi.gov/contact-us/field-offices/jacksonville/news/fraudster-sentenced-to-federal-prison-for-covid--bankruptcy-schemes,388
2c4a8db8cd23c7,2026-03-10,2026,3,FBI - National,"[""other""]","{""urls"": [], ""domains"": [], ""emails"": [], ""phones"": [], ""ip_addresses"": [], ""crypto_wallets"": []}",South Florida Tax Preparer and Two Others Sentenced for Conspiring to Defraud COVID-19 Relief Program,"The final defendant in a scheme to fraudulently obtain Paycheck Protection Program loans under the Coronavirus Aid, Relief, and Economic Security (CARES) Act has been sentenced in federal court.","The final defendant in a scheme to fraudulently obtain Paycheck Protection Program loans under the Coronavirus Aid, Relief, and Economic Security (CARES) Act has been sentenced in federal court.",https://www.fbi.gov/contact-us/field-offices/miami/news/south-florida-tax-preparer-and-two-others-sentenced-for-conspiring-to-defraud-covid-19-relief-program,194
4b80c1126aa131,2026-03-10,2026,3,FBI - National,"[""other""]","{""urls"": [], ""domains"": [], ""emails"": [], ""phones"": [], ""ip_addresses"": [], ""crypto_wallets"": []}",Michigan Man Sentenced for Role in Cocaine Trafficking Organization,"Roy Brown, 57, a resident of Westland, Michigan, has been sentenced in federal court on his conviction of cocaine trafficking.","Roy Brown, 57, a resident of Westland, Michigan, has been sentenced in federal court on his conviction of cocaine trafficking.",https://www.fbi.gov/contact-us/field-offices/pittsburgh/news/michigan-man-sentenced-for-role-in-cocaine-trafficking-organization,126
4d4263427a6394,2026-03-10,2026,3,FBI - National,"[""other""]","{""urls"": [], ""domains"": [], ""emails"": [], ""phones"": [], ""ip_addresses"": [], ""crypto_wallets"": []}",Pittsburgh Felon Pleads Guilty to Failing to Surrender for 10-Year Term of Imprisonment and Distributing Fentanyl and Heroin While a Fugitive,"Julian Thompson, a resident of Pittsburgh, pleaded guilty in federal court to failure to surrender for a term of imprisonment and to violating a federal narcotics law,","Julian Thompson, a resident of Pittsburgh, pleaded guilty in federal court to failure to surrender for a term of imprisonment and to violating a federal narcotics law,",https://www.fbi.gov/contact-us/field-offices/pittsburgh/news/pittsburgh-felon-pleads-guilty-failing-surrender-10-year-term-imprisonment-and,167
968387dd0dcacf,2026-03-10,2026,3,FBI - National,"[""other""]","{""urls"": [], ""domains"": [], ""emails"": [], ""phones"": [], ""ip_addresses"": [], ""crypto_wallets"": []}",Green Township Man Sentenced to Two Years in Prison for Constructing Pipe Bombs,"Robert Gilb, 51, of Green Township, has been sentenced in federal court to 24 months in prison for constructing three pipe bombs.","Robert Gilb, 51, of Green Township, has been sentenced in federal court to 24 months in prison for constructing three pipe bombs.",https://www.fbi.gov/contact-us/field-offices/cincinnati/news/green-township-man-sentenced-to-two-years-in-prison-for-constructing-pipe-bombs,129
c3d4f71b7e7334,2026-03-10,2026,3,FBI - National,"[""other""]","{""urls"": [], ""domains"": [], ""emails"": [], ""phones"": [], ""ip_addresses"": [], ""crypto_wallets"": []}",Former Gastonia Police Officer Sentenced to Prison for Straw Purchasing a Firearm,A former Gastonia police officer was sentenced to prison for straw purchasing a firearm.,A former Gastonia police officer was sentenced to prison for straw purchasing a firearm.,https://www.fbi.gov/contact-us/field-offices/charlotte/news/former-gastonia-police-officer-sentenced-to-prison-for-straw-purchasing-a-firearm,88
86317237bbae1f,2026-03-10,2026,3,FBI - National,"[""other""]","{""urls"": [], ""domains"": [], ""emails"": [], ""phones"": [], ""ip_addresses"": [], ""crypto_wallets"": []}",Zuni Man Pleads Guilty to Manslaughter,A Zuni man pleaded guilty to the shooting death of an individual in the heat of passion.,A Zuni man pleaded guilty to the shooting death of an individual in the heat of passion.,https://www.fbi.gov/contact-us/field-offices/albuquerque/news/zuni-man-pleads-guilty-manslaughter,88
9e6effa5c117cb,2026-03-10,2026,3,FBI - National,"[""other""]","{""urls"": [], ""domains"": [], ""emails"": [], ""phones"": [], ""ip_addresses"": [], ""crypto_wallets"": []}",Reward Increases to $1 Million for FBI’s Ten Most Wanted Fugitive Bhadreshkumar Patel,The FBI is increasing the reward for information leading to the arrest of Bhadreshkumar Chetanbhai Patel.,The FBI is increasing the reward for information leading to the arrest of Bhadreshkumar Chetanbhai Patel.,https://www.fbi.gov/contact-us/field-offices/baltimore/news/reward-increases-to-1-million-for-fbis-ten-most-wanted-fugitive-bhadreshkumar-patel,105
464f1c689077f3,2026-03-10,2026,3,FBI - National,"[""other""]","{""urls"": [], ""domains"": [], ""emails"": [], ""phones"": [], ""ip_addresses"": [], ""crypto_wallets"": []}",Raleigh Man Arrested for Child Sexual Exploitation,"The FBI arrested Andrew Swenson, 42, of Raleigh, on a federal warrant in downtown Raleigh on charges of sexually soliciting one minor online and traveling to sexually abuse another minor.","The FBI arrested Andrew Swenson, 42, of Raleigh, on a federal warrant in downtown Raleigh on charges of sexually soliciting one minor online and traveling to sexually abuse another minor.",https://www.fbi.gov/contact-us/field-offices/charlotte/news/raleigh-man-arrested-for-child-sexual-exploitation,187
5a6454fb4aeb64,2026-03-10,2026,3,FBI - National,"[""other""]","{""urls"": [], ""domains"": [], ""emails"": [], ""phones"": [], ""ip_addresses"": [], ""crypto_wallets"": []}","Binghamton Man Charged for Threats to President, ICE Agents","Jeffrey Scott Hamm, Jr., age 32, of Binghamton, appeared in court for an initial appearance on a charge of making threats to the President and federal agents.","Jeffrey Scott Hamm, Jr., age 32, of Binghamton, appeared in court for an initial appearance on a charge of making threats to the President and federal agents.",https://www.fbi.gov/contact-us/field-offices/albany/news/binghamton-man-charged-for-threats-to-president-ice-agents,158
f1076ebd2c3f78,2026-03-10,2026,3,FBI - National,"[""other""]","{""urls"": [], ""domains"": [], ""emails"": [], ""phones"": [], ""ip_addresses"": [], ""crypto_wallets"": []}",Two Former NYPD Officers Charged with Federal Civil Rights Violations,"A three-count indictment was unsealed charging Justin McMillan and Justin Colon, two former New York City Police Department officers, with felony conspiracy.","A three-count indictment was unsealed charging Justin McMillan and Justin Colon, two former New York City Police Department officers, with felony conspiracy.",https://www.fbi.gov/contact-us/field-offices/newyork/news/two-former-nypd-officers-charged-with-federal-civil-rights-violations,157
478a1cf0995a8b,2026-03-10,2026,3,FBI - National,"[""other""]","{""urls"": [], ""domains"": [], ""emails"": [], ""phones"": [], ""ip_addresses"": [], ""crypto_wallets"": []}",Swiss Businessman Extradited to the United States Pleads Guilty to International Securities Fraud Scheme,A Swiss executive pleaded guilty to participating in a multimillion-dollar securities fraud scheme after living abroad as a fugitive for nearly 11 years.,A Swiss executive pleaded guilty to participating in a multimillion-dollar securities fraud scheme after living abroad as a fugitive for nearly 11 years.,https://www.fbi.gov/contact-us/field-offices/lasvegas/news/swiss-businessman-extradited-to-the-united-states-pleads-guilty-to-international-securities-fraud-scheme,153
e7b0b6cc162ad7,2026-03-10,2026,3,FBI - National,"[""other""]","{""urls"": [], ""domains"": [], ""emails"": [], ""phones"": [], ""ip_addresses"": [], ""crypto_wallets"": []}","Samuel Ramirez Jr. Wanted for 2023 Double Murder in Federal Way, Washington, Added to FBI's Ten Most Wanted Fugitives List","Samuel Ramirez Jr., 33, of Federal Way, is now the 538th addition to the FBI’s Ten Most Wanted Fugitives list.","Samuel Ramirez Jr., 33, of Federal Way, is now the 538th addition to the FBI’s Ten Most Wanted Fugitives list.",https://www.fbi.gov/contact-us/field-offices/seattle/news/samuel-ramirez-jr-wanted-for-2023-double-murder-in-federal-way-wa-added-to-fbis-ten-most-wanted-fugitives-list,110
7d94742e60ef86,2026-03-09,2026,3,FBI - National,"[""other""]","{""urls"": [], ""domains"": [], ""emails"": [], ""phones"": [], ""ip_addresses"": [], ""crypto_wallets"": []}",Four Houston Gang Members Guilty of Conspiracy to Commit Bank Robberies and Juggings,Four Houston criminal street gang members have been convicted of conspiracy and bank robbery in connection with a string of ATM robberies and 'juggings' in the Eastern District of Texas.,Four Houston criminal street gang members have been convicted of conspiracy and bank robbery in connection with a string of ATM robberies and 'juggings' in the Eastern District of Texas.,https://www.fbi.gov/contact-us/field-offices/houston/news/four-houston-gang-members-guilty-conspiracy-commit-bank-robberies-and-juggings,186
bf9946bf66bf92,2026-03-09,2026,3,FBI - National,"[""other""]","{""urls"": [], ""domains"": [], ""emails"": [], ""phones"": [], ""ip_addresses"": [], ""crypto_wallets"": []}",DC Solar Attorney Sentenced to Over 11 Years in Prison for His Involvement in the DC Solar Billion Dollar Ponzi Scheme,Ari J. Lauer of Lafayette was sentenced to 11 years and five months in prison for his role in the biggest criminal fraud scheme in the history of the Eastern District of California.,Ari J. Lauer of Lafayette was sentenced to 11 years and five months in prison for his role in the biggest criminal fraud scheme in the history of the Eastern District of California.,https://www.fbi.gov/contact-us/field-offices/sacramento/news/dc-solar-attorney-sentenced-to-over-11-years-in-prison-for-his-involvement-in-the-dc-solar-billion-dollar-ponzi-scheme,181
979fb6cfb007aa,2026-03-09,2026,3,FBI - National,"[""other""]","{""urls"": [], ""domains"": [], ""emails"": [], ""phones"": [], ""ip_addresses"": [], ""crypto_wallets"": []}",Lancaster County Felons Sentenced to Federal Prison in Separate Cases,Two felons in Lancaster County have been sentenced to federal prison for drug and firearm offenses in two separate cases.,Two felons in Lancaster County have been sentenced to federal prison for drug and firearm offenses in two separate cases.,https://www.fbi.gov/contact-us/field-offices/columbia/news/lancaster-county-felons-sentenced-to-federal-prison-in-separate-cases,121
e938c18dd70418,2026-03-09,2026,3,FBI - National,"[""other""]","{""urls"": [], ""domains"": [], ""emails"": [], ""phones"": [], ""ip_addresses"": [], ""crypto_wallets"": []}",Chinese Telecommunications Company Fined $50 Million for Conspiring to Steal Technology from Motorola Solutions,"A federal judge in Chicago has fined a Chinese telecommunications company $50 million for criminally conspiring to steal proprietary technology from Illinois-based Motorola Solutions, Inc.","A federal judge in Chicago has fined a Chinese telecommunications company $50 million for criminally conspiring to steal proprietary technology from Illinois-based Motorola Solutions, Inc.",https://www.fbi.gov/contact-us/field-offices/chicago/news/chinese-telecommunications-company-fined-50-million-for-conspiring-to-steal-technology-from-motorola-solutions,188
7c5c087138f825,2026-03-09,2026,3,FBI - National,"[""other""]","{""urls"": [], ""domains"": [], ""emails"": [], ""phones"": [], ""ip_addresses"": [], ""crypto_wallets"": []}",Savani Group Owners and Associate Convicted of Racketeering Conspiracy,Three individuals have been convicted at trial in connection with a racketeering conspiracy encompassing multiple fraud schemes.,Three individuals have been convicted at trial in connection with a racketeering conspiracy encompassing multiple fraud schemes.,https://www.fbi.gov/contact-us/field-offices/philadelphia/news/savani-group-owners-and-associate-convicted-of-racketeering-conspiracy,128
3df9141b25d144,2026-03-09,2026,3,FBI - National,"[""other""]","{""urls"": [], ""domains"": [], ""emails"": [], ""phones"": [], ""ip_addresses"": [], ""crypto_wallets"": []}",South Charleston Woman Sentenced to Prison for Role in Kanawha County Drug Trafficking Organization,"Amanda Marie Mace, 43, of South Charleston, was sentenced to five years and 10 months in prison for conspiracy to distribute 500 grams or more of methamphetamine.","Amanda Marie Mace, 43, of South Charleston, was sentenced to five years and 10 months in prison for conspiracy to distribute 500 grams or more of methamphetamine.",https://www.fbi.gov/contact-us/field-offices/pittsburgh/news/south-charleston-woman-sentenced-to-prison-for-role-in-kanawha-county-drug-trafficking-organization,162
6b6771ba5363de,2026-03-09,2026,3,FBI - National,"[""other""]","{""urls"": [], ""domains"": [], ""emails"": [], ""phones"": [], ""ip_addresses"": [], ""crypto_wallets"": []}",Par Funding Pleads Guilty to Defrauding Investors,"U.S. Attorney David Metcalf announced that Complete Business Solutions Group, Inc., doing business as Par Funding, entered a plea of guilty before U.S. District Court Judge Mark A. Kearney to conspiracy to commit wire fraud and securities fraud arising from a wide‑ranging scheme that defrauded investors out of hundreds of millions of dollars.","U.S. Attorney David Metcalf announced that Complete Business Solutions Group, Inc., doing business as Par Funding, entered a plea of guilty before U.S. District Court Judge Mark A. Kearney to conspiracy to commit wire fraud and securities fraud arising from a wide‑ranging scheme that defrauded investors out of hundreds of millions of dollars.",https://www.fbi.gov/contact-us/field-offices/philadelphia/news/par-funding-pleads-guilty-to-defrauding-investors,344
48ad158b9cfa6f,2026-03-09,2026,3,FBI - National,"[""other""]","{""urls"": [], ""domains"": [], ""emails"": [], ""phones"": [], ""ip_addresses"": [], ""crypto_wallets"": []}",FBI’s Operation No Escape Leads to Arrest of Violent Fugitive,"Angel Roman-Hipolito, 37, who had been on the run since the spring of 2025, has been arrested in central Indiana.","Angel Roman-Hipolito, 37, who had been on the run since the spring of 2025, has been arrested in central Indiana.",https://www.fbi.gov/contact-us/field-offices/indianapolis/news/fbis-operation-no-escape-leads-to-arrest-of-violent-fugitive-1,113
1f9964597b3bc6,2026-03-09,2026,3,FBI - National,"[""other""]","{""urls"": [], ""domains"": [], ""emails"": [], ""phones"": [], ""ip_addresses"": [], ""crypto_wallets"": []}",Owner of Durable Medical Equipment Company Sentenced for $59M Medicare Fraud,"Patrick Cassells, 65, of Fulshear, Texas, was sentenced for his role in a $59.9 million conspiracy to pay kickbacks and submit claims for medically unnecessary DME to Medicare.","Patrick Cassells, 65, of Fulshear, Texas, was sentenced for his role in a $59.9 million conspiracy to pay kickbacks and submit claims for medically unnecessary DME to Medicare.",https://www.fbi.gov/contact-us/field-offices/houston/news/owner-of-durable-medical-equipment-company-sentenced-for-59m-medicare-fraud,176
0834c493bf6178,2026-03-09,2026,3,FBI - National,"[""other""]","{""urls"": [], ""domains"": [], ""emails"": [], ""phones"": [], ""ip_addresses"": [], ""crypto_wallets"": []}","Former St. Louis Lawyer Sentenced to 21 Months in Prison for $379,900 Pandemic Fraud","A former St. Louis lawyer who committed $379,900 in pandemic fraud was sentenced to 21 months in prison and fined $50,000.","A former St. Louis lawyer who committed $379,900 in pandemic fraud was sentenced to 21 months in prison and fined $50,000.",https://www.fbi.gov/contact-us/field-offices/stlouis/news/former-st-louis-lawyer-sentenced-to-21-months-in-prison-for-379900-pandemic-fraud,122
d4e191bae16881,2026-03-09,2026,3,FBI - National,"[""other""]","{""urls"": [], ""domains"": [], ""emails"": [], ""phones"": [], ""ip_addresses"": [], ""crypto_wallets"": []}","Psychiatrist Reaches Civil Settlement of $360,000 to Resolve Allegations of False Claims to Federal Health Care Programs",The U.S. Attorney’s Office for the Eastern District of Missouri and a Missouri psychiatrist have reached a civil settlement that will resolve False Claims Act allegations.,The U.S. Attorney’s Office for the Eastern District of Missouri and a Missouri psychiatrist have reached a civil settlement that will resolve False Claims Act allegations.,https://www.fbi.gov/contact-us/field-offices/stlouis/news/psychiatrist-reaches-civil-settlement-of-360000-to-resolve-allegations-of-false-claims-to-federal-health-care-programs,171
0cc57dc90db051,2026-03-09,2026,3,FBI - National,"[""other""]","{""urls"": [], ""domains"": [], ""emails"": [], ""phones"": [], ""ip_addresses"": [], ""crypto_wallets"": []}",Georgia Man Charged with Transmitting Threat to South Florida Victim,A Georgia man made his initial appearance in federal court after allegedly leaving a threatening voicemail for a victim in the Southern District of Florida.,A Georgia man made his initial appearance in federal court after allegedly leaving a threatening voicemail for a victim in the Southern District of Florida.,https://www.fbi.gov/contact-us/field-offices/miami/news/georgia-man-charged-with-transmitting-threat-to-south-florida-victim,156
3c218734b6b9b4,2026-03-09,2026,3,FBI - National,"[""other""]","{""urls"": [], ""domains"": [], ""emails"": [], ""phones"": [], ""ip_addresses"": [], ""crypto_wallets"": []}",Bristol Man Sentenced to More Than 11 Years in Federal Prison for Trafficking Narcotics From New Britain Car Dealership,"Wilfredo Ortiz, 45, of Bristol, was sentenced to 135 months in prison for trafficking narcotics from a car dealership in New Britain.","Wilfredo Ortiz, 45, of Bristol, was sentenced to 135 months in prison for trafficking narcotics from a car dealership in New Britain.",https://www.fbi.gov/contact-us/field-offices/newhaven/news/bristol-man-sentenced-to-more-than-11-years-in-federal-prison-for-trafficking-narcotics-from-new-britain-car-dealership,133
84629dd9d3baf1,2026-03-09,2026,3,FBI - National,"[""other""]","{""urls"": [], ""domains"": [], ""emails"": [], ""phones"": [], ""ip_addresses"": [], ""crypto_wallets"": []}",March Federal Grand Jury 2026-A Indictments Announced,United States Attorney Clint Johnson announced the results of the March Federal Grand Jury 2026-A Indictments.,United States Attorney Clint Johnson announced the results of the March Federal Grand Jury 2026-A Indictments.,https://www.fbi.gov/contact-us/field-offices/oklahomacity/news/march-federal-grand-jury-2026-a-indictments-announced,110
3519ac7b76db85,2026-03-09,2026,3,FBI - National,"[""other""]","{""urls"": [], ""domains"": [], ""emails"": [], ""phones"": [], ""ip_addresses"": [], ""crypto_wallets"": []}","Ohio Man Charged with Stalking, Making Threatening Communications, and Submitting False Reports to the FBI","A 44-year-old Hancock County man has been charged for allegedly harassing, intimidating, and threatening two men and their families over the course of four months.","A 44-year-old Hancock County man has been charged for allegedly harassing, intimidating, and threatening two men and their families over the course of four months.",https://www.fbi.gov/contact-us/field-offices/cleveland/news/ohio-man-charged-with-stalking-making-threatening-communications-and-submitting-false-reports-to-the-fbi,163
856bdf9a196aca,2026-03-09,2026,3,FBI - National,"[""other""]","{""urls"": [], ""domains"": [], ""emails"": [], ""phones"": [], ""ip_addresses"": [], ""crypto_wallets"": []}",Iranian Intelligence Agent Convicted of Terrorism and Murder for Hire in Connection with Foiled Plot to Assassinate U.S. Politicians and Government Officials,Asif Merchant has been convicted of murder for hire and attempting to commit an act of terrorism transcending national boundaries.,Asif Merchant has been convicted of murder for hire and attempting to commit an act of terrorism transcending national boundaries.,https://www.fbi.gov/news/press-releases/iranian-intelligence-agent-convicted-of-terrorism-and-murder-for-hire-in-connection-with-foiled-plot-to-assassinate-us-politicians-and-government-officials,130
5dcf19f1a4ce3c,2026-03-09,2026,3,FBI - National,"[""other""]","{""urls"": [], ""domains"": [], ""emails"": [], ""phones"": [], ""ip_addresses"": [], ""crypto_wallets"": []}",FBI Releases New Guidance to Help Health Care Organizations Prevent Targeted Violence,"The Federal Bureau of Investigation announces the release of two new resources designed to help health care organizations identify, assess, and prevent targeted violence.","The Federal Bureau of Investigation announces the release of two new resources designed to help health care organizations identify, assess, and prevent targeted violence.",https://www.fbi.gov/news/press-releases/fbi-releases-new-guidance-to-help-health-care-organizations-prevent-targeted-violence,170
af64ac81376fe8,2026-03-09,2026,3,FBI - National,"[""other""]","{""urls"": [], ""domains"": [], ""emails"": [], ""phones"": [], ""ip_addresses"": [], ""crypto_wallets"": []}",FBI Washington Field Office Statement on the 19th Anniversary of the Abduction of Robert A. Levinson,"March 9, 2026 marks the 19th anniversary of the abduction of retired FBI Special Agent Robert A. “Bob” Levinson from Kish Island, Iran. Bob, who served as an FBI agent for 22 years, vanished during a business trip in 2007.","March 9, 2026 marks the 19th anniversary of the abduction of retired FBI Special Agent Robert A. “Bob” Levinson from Kish Island, Iran. Bob, who served as an FBI agent for 22 years, vanished during a business trip in 2007.",https://www.fbi.gov/contact-us/field-offices/washingtondc/news/fbi-washington-field-office-statement-on-the-19th-anniversary-of-the-abduction-of-robert-a-levinson,222
2c898cc5dbfe6e,2026-03-09,2026,3,FBI - National,"[""terrorist_financing""]","{""urls"": [], ""domains"": [], ""emails"": [], ""phones"": [], ""ip_addresses"": [], ""crypto_wallets"": []}",Two ISIS Supporters Charged with Attempting to Detonate Explosive Devices During Protests Outside Gracie Mansion,"Emir Balat and Ibrahim Kayumi have been charged with attempting to detonate two explosive devices in the vicinity of Gracie Mansion, and acting in support of ISIS, a designated foreign terrorist organization.","Emir Balat and Ibrahim Kayumi have been charged with attempting to detonate two explosive devices in the vicinity of Gracie Mansion, and acting in support of ISIS, a designated foreign terrorist organization.",https://www.fbi.gov/news/press-releases/two-isis-supporters-charged-with-attempting-to-detonate-explosive-devices-during-protests-outside-gracie-mansion,208
a8bca49ce7d83a,2026-03-09,2026,3,FBI - National,"[""other""]","{""urls"": [], ""domains"": [], ""emails"": [], ""phones"": [], ""ip_addresses"": [], ""crypto_wallets"": []}","Jalen Smith Pleads Guilty to Bribery and Point-Shaving Scheme to Fix NCAA, CBA Men’s Basketball Games",Jalen Smith entered a plea of guilty on charges in connection with a bribery and point-shaving scheme.,Jalen Smith entered a plea of guilty on charges in connection with a bribery and point-shaving scheme.,https://www.fbi.gov/contact-us/field-offices/philadelphia/news/jalen-smith-pleads-guilty-to-bribery-and-point-shaving-scheme-to-fix-ncaa-cba-mens-basketball-games-1,102
c19c7a3cc1306e,2026-03-09,2026,3,FBI - National,"[""other""]","{""urls"": [], ""domains"": [], ""emails"": [], ""phones"": [], ""ip_addresses"": [], ""crypto_wallets"": []}",U.S. Attorney’s Office Begins March with 187 New Immigration Cases in Western District of Texas,"Federal prosecutors in the Western District of Texas filed 187 new immigration and immigration-related criminal cases from February 27 to March 5, announced U.S. Attorney Justin R. Simmons.","Federal prosecutors in the Western District of Texas filed 187 new immigration and immigration-related criminal cases from February 27 to March 5, announced U.S. Attorney Justin R. Simmons.",https://www.fbi.gov/contact-us/field-offices/sanantonio/news/us-attorneys-office-begins-march-with-187-new-immigration-cases-in-western-district-of-texas,189
0930802f67b734,2026-03-09,2026,3,FBI - National,"[""other""]","{""urls"": [], ""domains"": [], ""emails"": [], ""phones"": [], ""ip_addresses"": [], ""crypto_wallets"": []}",Nantucket Gang Associate Sentenced to Prison for Dealing Fentanyl and Cocaine in Nantucket and Elsewhere,"John Angel, 32, of Nantucket, who is an associate of the transnational criminal organization 18th Street Gang, was sentenced for drug distribution charges.","John Angel, 32, of Nantucket, who is an associate of the transnational criminal organization 18th Street Gang, was sentenced for drug distribution charges.",https://www.fbi.gov/contact-us/field-offices/boston/news/nantucket-gang-associate-sentenced-to-prison-for-dealing-fentanyl-and-cocaine-in-nantucket-and-elsewhere,155
5f7aaf86c6907d,2026-03-09,2026,3,FBI - National,"[""other""]","{""urls"": [], ""domains"": [], ""emails"": [], ""phones"": [], ""ip_addresses"": [], ""crypto_wallets"": []}",Arlington Man Pleads Guilty to Drug Conspiracy,"Jonathan Perry of Arlington, Massachusetts, pleaded guilty in federal court in Boston to a drug conspiracy.","Jonathan Perry of Arlington, Massachusetts, pleaded guilty in federal court in Boston to a drug conspiracy.",https://www.fbi.gov/contact-us/field-offices/boston/news/arlington-man-pleads-guilty-to-drug-conspiracy,107
199714fbc3132d,2026-03-09,2026,3,FBI - National,"[""other""]","{""urls"": [], ""domains"": [], ""emails"": [], ""phones"": [], ""ip_addresses"": [], ""crypto_wallets"": []}",Former Quincy Official Pleads Guilty to Embezzling City Funds,"Thomas F. Clasby, Jr., 61, of Fitchburg, and former Quincy official, pleaded guilty in federal court in Boston to a scheme to embezzle funds from the City of Quincy, Massachusetts.","Thomas F. Clasby, Jr., 61, of Fitchburg, and former Quincy official, pleaded guilty in federal court in Boston to a scheme to embezzle funds from the City of Quincy, Massachusetts.",https://www.fbi.gov/contact-us/field-offices/boston/news/former-quincy-official-pleads-guilty-to-embezzling-city-funds,180
b82b1393b285a1,2026-03-09,2026,3,FBI - National,"[""other""]","{""urls"": [], ""domains"": [], ""emails"": [], ""phones"": [], ""ip_addresses"": [], ""crypto_wallets"": []}","Statement of U.S. Attorney Jay Clayton on the Convictions of Alon, Oren, and Tal Alexander","A unanimous Manhattan jury found three brothers, Alon, Oren, and Tal Alexander guilty of multiple federal sex offenses.","A unanimous Manhattan jury found three brothers, Alon, Oren, and Tal Alexander guilty of multiple federal sex offenses.",https://www.fbi.gov/contact-us/field-offices/newyork/news/statement-of-us-attorney-jay-clayton-on-the-convictions-of-alon-oren-and-tal-alexander,119
1a0f4656d4e8ea,2026-03-09,2026,3,FBI - National,"[""other""]","{""urls"": [], ""domains"": [], ""emails"": [], ""phones"": [], ""ip_addresses"": [], ""crypto_wallets"": []}",Chiropractor Sentenced to 43 Months in Prison for $14.9 Million Health Care Fraud and Kickback Scheme Related to Durable Medical Equipment and Cancer Genetic Testing,A Georgia chiropractor was sentenced to 43 months in prison for her role in a $14.9 million health care fraud and illegal kickback conspiracy.,A Georgia chiropractor was sentenced to 43 months in prison for her role in a $14.9 million health care fraud and illegal kickback conspiracy.,https://www.fbi.gov/contact-us/field-offices/newark/news/chiropractor-sentenced-to-43-months-in-prison-for-149-million-health-care-fraud-and-kickback-scheme-related-to-durable-medical-equipment-and-cancer-genetic-testing,142
2e59405bb258cb,2026-03-09,2026,3,FBI - National,"[""other""]","{""urls"": [], ""domains"": [], ""emails"": [], ""phones"": [], ""ip_addresses"": [], ""crypto_wallets"": []}",Final Defendant Sentenced to Federal Prison for Methamphetamine Trafficking Operation,The last of four defendants charged in a methamphetamine trafficking conspiracy was sentenced to 10 months in federal prison.,The last of four defendants charged in a methamphetamine trafficking conspiracy was sentenced to 10 months in federal prison.,https://www.fbi.gov/contact-us/field-offices/louisville/news/final-defendant-sentenced-to-federal-prison-for-methamphetamine-trafficking-operation,125
46d4c0737f9ec7,2026-03-06,2026,3,FBI - National,"[""other""]","{""urls"": [], ""domains"": [], ""emails"": [], ""phones"": [], ""ip_addresses"": [], ""crypto_wallets"": []}",Memphis Man Pleads Guilty to Possessing Waterpiks Stolen From Interstate Shipment,Gregory Luss is scheduled to be sentenced on June 3 and faces up to 10 years in federal prison.,Gregory Luss is scheduled to be sentenced on June 3 and faces up to 10 years in federal prison.,https://www.fbi.gov/contact-us/field-offices/nashville/news/memphis-man-pleads-guilty-to-possessing-waterpiks-stolen-from-interstate-shipment,95
33d51011f8b0ae,2026-03-06,2026,3,FBI - National,"[""other""]","{""urls"": [], ""domains"": [], ""emails"": [], ""phones"": [], ""ip_addresses"": [], ""crypto_wallets"": []}","Tampa Man Indicted for Attempted Production, Receipt, and Transfer of Obscene Material to a Minor",Tavaris Marvidis Johnson has been charged by indictment with attempted production and receipt of child sex abuse material and transfer of obscene material to a minor.,Tavaris Marvidis Johnson has been charged by indictment with attempted production and receipt of child sex abuse material and transfer of obscene material to a minor.,https://www.fbi.gov/contact-us/field-offices/tampa/news/tampa-man-indicted-for-attempted-production-receipt-and-transfer-of-obscene-material-to-a-minor,166
30fd9959d65256,2026-03-06,2026,3,FBI - National,"[""other""]","{""urls"": [], ""domains"": [], ""emails"": [], ""phones"": [], ""ip_addresses"": [], ""crypto_wallets"": []}",Three Individuals Sentenced for Attempted Armed Robbery,"The third and last defendant was sentenced for the attempted armed robbery of an employee of JC Jewelers Inc.,","The third and last defendant was sentenced for the attempted armed robbery of an employee of JC Jewelers Inc.,",https://www.fbi.gov/contact-us/field-offices/sanjuan/news/three-individuals-sentenced-for-attempted-armed-robbery,110
1b05a23063e5d0,2026-03-06,2026,3,FBI - National,"[""other""]","{""urls"": [], ""domains"": [], ""emails"": [], ""phones"": [], ""ip_addresses"": [], ""crypto_wallets"": []}",Harrisburg Man Sentenced to Prison for Selling Cocaine,"Xavier Melendez-Hernandez of Harrisburg, Pennsylvania, was sentenced to two years in prison to be followed by one year of supervised release for conspiring with others to distribute cocaine.","Xavier Melendez-Hernandez of Harrisburg, Pennsylvania, was sentenced to two years in prison to be followed by one year of supervised release for conspiring with others to distribute cocaine.",https://www.fbi.gov/contact-us/field-offices/philadelphia/news/harrisburg-man-sentenced-to-prison-for-selling-cocaine,190
fd2d6471c8b015,2026-03-06,2026,3,FBI - National,"[""other""]","{""urls"": [], ""domains"": [], ""emails"": [], ""phones"": [], ""ip_addresses"": [], ""crypto_wallets"": []}",Monroe County Man Sentenced to 15 Years’ Imprisonment for Drug Trafficking,"Jackie A. Johnson of East Stroudsburg, Pennsylvania, was sentenced to 180 months’ imprisonment for distribution of methamphetamine.","Jackie A. Johnson of East Stroudsburg, Pennsylvania, was sentenced to 180 months’ imprisonment for distribution of methamphetamine.",https://www.fbi.gov/contact-us/field-offices/philadelphia/news/monroe-county-man-sentenced-to-15-years-imprisonment-for-drug-trafficking,131
1bef6a4674af21,2026-03-06,2026,3,FBI - National,"[""other""]","{""urls"": [], ""domains"": [], ""emails"": [], ""phones"": [], ""ip_addresses"": [], ""crypto_wallets"": []}",Kansas Doctor Sentenced to Three Years in Prison for $8 Million Medicare Fraud,A Kansas anesthesiologist was sentenced to three years in prison for accepting hundreds of thousands of dollars in kickbacks to order medically unnecessary health care.,A Kansas anesthesiologist was sentenced to three years in prison for accepting hundreds of thousands of dollars in kickbacks to order medically unnecessary health care.,https://www.fbi.gov/contact-us/field-offices/stlouis/news/kansas-doctor-sentenced-to-three-years-in-prison-for-8-million-medicare-fraud,168
ddbcd9051982a1,2026-03-06,2026,3,FBI - National,"[""other""]","{""urls"": [], ""domains"": [], ""emails"": [], ""phones"": [], ""ip_addresses"": [], ""crypto_wallets"": []}",Indiana Youth Minister Linked to Imprisoned Kentucky School Superintendent Sentenced to Nine Years in Federal Prison for Child Exploitation,"Aaron Paul Lockman, 24, of Corydon, has been sentenced to nine years in federal prison for nine counts of possessing sexually explicit material involving minors.","Aaron Paul Lockman, 24, of Corydon, has been sentenced to nine years in federal prison for nine counts of possessing sexually explicit material involving minors.",https://www.fbi.gov/contact-us/field-offices/indianapolis/news/indiana-youth-minister-linked-to-imprisoned-kentucky-school-superintendent-sentenced-to-nine-years-in-federal-prison-for-child-exploitation,161
f81cfec6848283,2026-03-06,2026,3,FBI - National,"[""other""]","{""urls"": [], ""domains"": [], ""emails"": [], ""phones"": [], ""ip_addresses"": [], ""crypto_wallets"": []}",Biloxi Man Sentenced to 10 Years in Prison and a Lifetime of Supervised Release for Possession of Images of Minors Engaging in Sexually Explicit Conduct,"A Biloxi, Mississippi, man was sentenced to 10 years in prison, followed by lifetime supervised release, for possessing images of minors engaging in sexually explicit conduct.","A Biloxi, Mississippi, man was sentenced to 10 years in prison, followed by lifetime supervised release, for possessing images of minors engaging in sexually explicit conduct.",https://www.fbi.gov/contact-us/field-offices/jackson/news/biloxi-man-sentenced-10-years-prison-and-lifetime-supervised-release-possession-images,175
3bedf72cdda126,2026-03-06,2026,3,FBI - National,"[""other""]","{""urls"": [], ""domains"": [], ""emails"": [], ""phones"": [], ""ip_addresses"": [], ""crypto_wallets"": []}",Miami Developer Charged with $85 Million Fraud Scheme Used to Fund Luxury Yacht and Lifestyle,A federal indictment unsealed charges a Miami real estate developer with orchestrating an $85 million fraud scheme.,A federal indictment unsealed charges a Miami real estate developer with orchestrating an $85 million fraud scheme.,https://www.fbi.gov/contact-us/field-offices/miami/news/miami-developer-charged-with-85-million-fraud-scheme-used-to-fund-luxury-yacht-and-lifestyle,115
af012368e51db6,2026-03-06,2026,3,FBI - National,"[""other""]","{""urls"": [], ""domains"": [], ""emails"": [], ""phones"": [], ""ip_addresses"": [], ""crypto_wallets"": []}",Leader of Colombian Drug Trafficking Organization Sentenced to More Than 17 Years in Prison for Conspiring to Traffic Cocaine Into the United States,"Rosbin Leonardo Duarte-Elvir, 43, of Honduras, has been sentenced for conspiring to import cocaine into the United States.","Rosbin Leonardo Duarte-Elvir, 43, of Honduras, has been sentenced for conspiring to import cocaine into the United States.",https://www.fbi.gov/contact-us/field-offices/tampa/news/leader-of-colombian-drug-trafficking-organization-sentenced-to-more-than-17-years-in-prison-for-conspiring-to-traffic-cocaine-into-the-united-states,122
4c0c2c79bd0555,2026-03-06,2026,3,FBI - National,"[""other""]","{""urls"": [], ""domains"": [], ""emails"": [], ""phones"": [], ""ip_addresses"": [], ""crypto_wallets"": []}",Kenosha Man Pleads Guilty to Threatening to Murder Federal Officer,"Andrew Stanton, age 38, of Kenosha, Wisconsin, was convicted of threatening to murder a U.S. Customs and Border Protection Officer who was serving on the Federal Bureau of Investigation’s Joint Terrorism Task Force.","Andrew Stanton, age 38, of Kenosha, Wisconsin, was convicted of threatening to murder a U.S. Customs and Border Protection Officer who was serving on the Federal Bureau of Investigation’s Joint Terrorism Task Force.",https://www.fbi.gov/contact-us/field-offices/milwaukee/news/kenosha-man-pleads-guilty-to-threatening-to-murder-federal-officer,215
5eee3943e4a000,2026-03-06,2026,3,FBI - National,"[""other""]","{""urls"": [], ""domains"": [], ""emails"": [], ""phones"": [], ""ip_addresses"": [], ""crypto_wallets"": []}",FBI Detroit Launches Operation Winter Shield Awareness Campaign,"The FBI Detroit Field Office is reminding Michigan residents, businesses, and organizations to review and strengthen their cybersecurity practices.","The FBI Detroit Field Office is reminding Michigan residents, businesses, and organizations to review and strengthen their cybersecurity practices.",https://www.fbi.gov/contact-us/field-offices/detroit/news/fbi-detroit-launches-operation-winter-shield-awareness-campaign,147
76ba58d45174a5,2026-03-06,2026,3,FBI - National,"[""other""]","{""urls"": [], ""domains"": [], ""emails"": [], ""phones"": [], ""ip_addresses"": [], ""crypto_wallets"": []}",Shreveport Man Indicted by Federal Grand Jury for Stalking and Threatening Speaker of the House of Representatives and Threatening President of the United States,"Chadwick Butler, a Shreveport resident, was charged with cyberstalking and threatening the Speaker of the House of Representatives and threatening the President of the United States.","Chadwick Butler, a Shreveport resident, was charged with cyberstalking and threatening the Speaker of the House of Representatives and threatening the President of the United States.",https://www.fbi.gov/contact-us/field-offices/neworleans/news/shreveport-man-indicted-by-federal-grand-jury-for-stalking-and-threatening-speaker-of-the-house-of-representatives-and-threatening-president-of-the-united-states,182
26e697f3173de0,2026-03-06,2026,3,FBI - National,"[""other""]","{""urls"": [], ""domains"": [], ""emails"": [], ""phones"": [""215-418-4000""], ""ip_addresses"": [], ""crypto_wallets"": []}","Jalen Smith Pleads Guilty to Bribery and Point-Shaving Scheme to Fix NCAA, CBA Men’s Basketball Games",Anyone who believes they may have information about these crimes and would like to report the information is asked to call the FBI Philadelphia Field Office at 215-418-4000 and reference NCAA point-shaving.,Anyone who believes they may have information about these crimes and would like to report the information is asked to call the FBI Philadelphia Field Office at 215-418-4000 and reference NCAA point-shaving.,https://www.fbi.gov/contact-us/field-offices/philadelphia/news/jalen-smith-pleads-guilty-to-bribery-and-point-shaving-scheme-to-fix-ncaa-cba-mens-basketball-games,206
dcb30fb5702f7a,2026-03-06,2026,3,FBI - National,"[""other""]","{""urls"": [], ""domains"": [], ""emails"": [], ""phones"": [], ""ip_addresses"": [], ""crypto_wallets"": []}",United States Files Civil Forfeiture Complaints Against $15M in Funds Allegedly Linked to Iranian Oil Shipping Network,"According to the complaints, the funds are subject to forfeiture because they afford a person a source of influence over the National Iranian Oil Company, the Islamic Revolutionary Guard Corps, and the IRGC Quds Force, and are intended to promote ongoing violations of U.S. sanctions imposed under the International Economic Emergency Powers Act.","According to the complaints, the funds are subject to forfeiture because they afford a person a source of influence over the National Iranian Oil Company, the Islamic Revolutionary Guard Corps, and the IRGC Quds Force, and are intended to promote ongoing violations of U.S. sanctions imposed under the International Economic Emergency Powers Act.",https://www.fbi.gov/news/press-releases/united-states-files-civil-forfeiture-complaints-against-15m-in-funds-allegedly-linked-to-iranian-oil-shipping-network,346
eb6f515333916c,2026-03-06,2026,3,FBI - National,"[""other""]","{""urls"": [], ""domains"": [], ""emails"": [], ""phones"": [], ""ip_addresses"": [], ""crypto_wallets"": []}",FBI Louisville Honors Children’s Advocacy Centers of Kentucky with National Award,Children’s Advocacy Centers (CAC) of Kentucky was selected as the Louisville Field Office’s recipient of the FBI Director’s Community Leadership Award (DCLA).,Children’s Advocacy Centers (CAC) of Kentucky was selected as the Louisville Field Office’s recipient of the FBI Director’s Community Leadership Award (DCLA).,https://www.fbi.gov/contact-us/field-offices/louisville/news/fbi-louisville-honors-childrens-advocacy-centers-of-kentucky-with-national-award,158
b59368a32c9213,2026-03-06,2026,3,FBI - National,"[""other""]","{""urls"": [], ""domains"": [], ""emails"": [], ""phones"": [], ""ip_addresses"": [], ""crypto_wallets"": []}",Previously Deported Mexican Drug Trafficker Sentenced in D.C. for Role in International Fentanyl Conspiracy,"Alfredo Rodriguez-Gonzalez, 27, a previously deported Mexican national, was sentenced to 235 months in prison for his role in a multinational drug trafficking conspiracy.","Alfredo Rodriguez-Gonzalez, 27, a previously deported Mexican national, was sentenced to 235 months in prison for his role in a multinational drug trafficking conspiracy.",https://www.fbi.gov/contact-us/field-offices/washingtondc/news/previously-deported-mexican-drug-trafficker-sentenced-in-dc-for-role-in-international-fentanyl-conspiracy,170
50284f10ed0111,2026-03-06,2026,3,FBI - National,"[""other""]","{""urls"": [], ""domains"": [], ""emails"": [], ""phones"": [], ""ip_addresses"": [], ""crypto_wallets"": []}",Mexican National Residing in Georgia Sentenced to 120 Months for Attempted Coercion and Enticement of a Minor,Victorino De La Cruz was sentenced to 120 months in federal prison following his conviction for attempted coercion and enticement of a minor.,Victorino De La Cruz was sentenced to 120 months in federal prison following his conviction for attempted coercion and enticement of a minor.,https://www.fbi.gov/contact-us/field-offices/neworleans/news/mexican-national-residing-in-georgia-sentenced-to-120-months-for-attempted-coercion-and-enticement-of-a-minor,141
f1c809f84fa20a,2026-03-06,2026,3,FBI - National,"[""other""]","{""urls"": [], ""domains"": [], ""emails"": [], ""phones"": [], ""ip_addresses"": [], ""crypto_wallets"": []}",Billings Woman Pleads Guilty to Carjacking Resulting in Death,A Billings woman accused of facilitating a carjacking resulting in death admitted to charges.,A Billings woman accused of facilitating a carjacking resulting in death admitted to charges.,https://www.fbi.gov/contact-us/field-offices/billings/news/billings-woman-pleads-guilty-to-carjacking-resulting-in-death,93
843521f2500abe,2026-03-06,2026,3,FBI - National,"[""other""]","{""urls"": [], ""domains"": [], ""emails"": [], ""phones"": [], ""ip_addresses"": [], ""crypto_wallets"": []}",Trumbull Man Admits Defrauding Amazon of More Than $3.5 Million,"Ameer Nasir, 25, of Trumbull, pleaded guilty to an offense related to his defrauding Amazon.com, Inc. of more than $3.5 million.","Ameer Nasir, 25, of Trumbull, pleaded guilty to an offense related to his defrauding Amazon.com, Inc. of more than $3.5 million.",https://www.fbi.gov/contact-us/field-offices/newhaven/news/trumbull-man-admits-defrauding-amazon-of-more-than-35-million,128
2cde96a0595cac,2026-03-06,2026,3,FBI - National,"[""other""]","{""urls"": [], ""domains"": [], ""emails"": [], ""phones"": [], ""ip_addresses"": [], ""crypto_wallets"": []}",Ghanaian National Sentenced to Four Years in Federal Prison for Defrauding UConn,"Dickson Alorwornu, a citizen of Ghana residing in Greenwich, was sentenced for operating a tuition refund scheme using stolen identities.","Dickson Alorwornu, a citizen of Ghana residing in Greenwich, was sentenced for operating a tuition refund scheme using stolen identities.",https://www.fbi.gov/contact-us/field-offices/newhaven/news/ghanaian-national-sentenced-to-four-years-in-federal-prison-for-defrauding-uconn,137
974b113dd77771,2026-03-06,2026,3,FBI - National,"[""other""]","{""urls"": [], ""domains"": [], ""emails"": [], ""phones"": [], ""ip_addresses"": [], ""crypto_wallets"": []}",FBI Provides Update on March 1 Austin Shooting Investigation,"The FBI and the Austin Police Department (APD) continue to investigate the act of targeted violence in Austin, Texas, on March 1, 2026, which tragically resulted in the loss of three innocent lives, and injury to 15 others.","The FBI and the Austin Police Department (APD) continue to investigate the act of targeted violence in Austin, Texas, on March 1, 2026, which tragically resulted in the loss of three innocent lives, and injury to 15 others.",https://www.fbi.gov/contact-us/field-offices/sanantonio/news/fbi-provides-update-on-march-1-austin-shooting-investigation,223
77f7176a44c60f,2026-03-06,2026,3,FBI - National,"[""other""]","{""urls"": [], ""domains"": [], ""emails"": [], ""phones"": [], ""ip_addresses"": [], ""crypto_wallets"": []}",Venezuelan Nationals Charged with ‘Jackpotting’ Scheme to Steal Cash From Bank ATMs,"Ender Enrique Munoz Perez, 30, and Angel Raphael Medina-Taguaripano, 24, both Venezuelan nationals, have been charged with conspiracy to commit bank theft and bank theft.","Ender Enrique Munoz Perez, 30, and Angel Raphael Medina-Taguaripano, 24, both Venezuelan nationals, have been charged with conspiracy to commit bank theft and bank theft.",https://www.fbi.gov/contact-us/field-offices/oklahomacity/news/venezuelan-nationals-charged-with-jackpotting-scheme-to-steal-cash-from-bank-atms,170
1a1ce98efd2cc0,2026-03-06,2026,3,FBI - National,"[""other""]","{""urls"": [], ""domains"": [], ""emails"": [], ""phones"": [], ""ip_addresses"": [], ""crypto_wallets"": []}",Leader of Violent Jewelry Theft Ring Pleads Guilty Mid-Trial,The leader of an organized and violent theft ring that carried out armed robberies of jewelry stores in multiple states has pleaded guilty mid-trial.,The leader of an organized and violent theft ring that carried out armed robberies of jewelry stores in multiple states has pleaded guilty mid-trial.,https://www.fbi.gov/contact-us/field-offices/charlotte/news/leader-of-violent-jewelry-theft-ring-pleads-guilty-mid-trial,149
698004fc013f61,2026-03-06,2026,3,FBI - National,"[""other""]","{""urls"": [], ""domains"": [], ""emails"": [], ""phones"": [], ""ip_addresses"": [], ""crypto_wallets"": []}","Repeat Sex Offender Sentenced to 10 Years in Prison for Receipt, Distribution, and Possession of Child Sexual Abuse Materials",A 35-year-old repeat sex offender has been sentenced to prison for downloading and uploading images and videos of the sexual abuse of children to a social media platform.,A 35-year-old repeat sex offender has been sentenced to prison for downloading and uploading images and videos of the sexual abuse of children to a social media platform.,https://www.fbi.gov/contact-us/field-offices/cleveland/news/repeat-sex-offender-sentenced-to-10-years-in-prison-for-receipt-distribution-and-possession-of-child-sexual-abuse-materials,170
d4a2f00a310af2,2026-03-06,2026,3,FBI - National,"[""other""]","{""urls"": [], ""domains"": [], ""emails"": [], ""phones"": [], ""ip_addresses"": [], ""crypto_wallets"": []}",Providence Man Pleads Guilty to Filing False Tax Returns Related to Multimillion-Dollar Catalytic Converter Theft Scheme,"Daniel Rivera, 36, of Providence, pleaded guilty to filing false tax returns after failing to report hundreds of thousands of dollars in income.","Daniel Rivera, 36, of Providence, pleaded guilty to filing false tax returns after failing to report hundreds of thousands of dollars in income.",https://www.fbi.gov/contact-us/field-offices/boston/news/providence-man-pleads-guilty-to-filing-false-tax-returns-related-to-multi-million-dollar-catalytic-converter-theft-scheme,144
59bc08f314436f,2026-03-06,2026,3,FBI - National,"[""other""]","{""urls"": [], ""domains"": [], ""emails"": [], ""phones"": [], ""ip_addresses"": [], ""crypto_wallets"": []}",Violent Wake County Felon Gets 15 Years in Federal Prison for Armed Bank Robbery,"A federal judge sentenced Christopher Antonio Gilmore, 34, to 15 years in prison for committing an armed bank robbery.","A federal judge sentenced Christopher Antonio Gilmore, 34, to 15 years in prison for committing an armed bank robbery.",https://www.fbi.gov/contact-us/field-offices/charlotte/news/violent-wake-county-felon-gets-15-years-in-federal-prison-for-armed-bank-robbery,118
48c90ebec01362,2026-03-06,2026,3,FBI - National,"[""other""]","{""urls"": [], ""domains"": [], ""emails"": [], ""phones"": [], ""ip_addresses"": [], ""crypto_wallets"": []}",Alien Guilty of Using False Claim of Citizenship to Illegally Vote,A Canadian alien pleaded guilty to two counts of making false claims certifying that he was a United States citizen on North Carolina voter registration applications.,A Canadian alien pleaded guilty to two counts of making false claims certifying that he was a United States citizen on North Carolina voter registration applications.,https://www.fbi.gov/contact-us/field-offices/charlotte/news/alien-guilty-of-using-false-claim-of-citizenship-to-illegally-vote,166
448d16f2af98aa,2026-03-06,2026,3,FBI - National,"[""other""]","{""urls"": [], ""domains"": [], ""emails"": [], ""phones"": [], ""ip_addresses"": [], ""crypto_wallets"": []}","FBI Offers Reward of Up To $10,000 for Information About the Homicide of Yunique Puckett","FBI San Diego's Imperial County Resident Agency, in coordination with our law enforcement partners at the Imperial Police Department and the Bureau of Alcohol, Tobacco, Firearms and Explosives (ATF) Los Angeles Field Division, is offering a reward of up to $10,000 for information leading to the identification, arrest and conviction of persons responsible for the homicide of Yunique Marie Puckett in Imperial, California.","FBI San Diego's Imperial County Resident Agency, in coordination with our law enforcement partners at the Imperial Police Department and the Bureau of Alcohol, Tobacco, Firearms and Explosives (ATF) Los Angeles Field Division, is offering a reward of up to $10,000 for information leading to the identification, arrest and conviction of persons responsible for the homicide of Yunique Marie Puckett in Imperial, California.",https://www.fbi.gov/contact-us/field-offices/sandiego/news/fbi-offers-reward-of-up-to-10000-for-information-about-the-homicide-of-yunique-puckett,423
92673a426c4f1f,2026-03-06,2026,3,FBI - National,"[""consumer_fraud""]","{""urls"": [], ""domains"": [], ""emails"": [], ""phones"": [], ""ip_addresses"": [], ""crypto_wallets"": []}",Ghanaian National Sentenced to Prison for Two Years for $1M Romance Scam,"According to court documents, from no later than March 2022 until at least July 2022, Emmanuel Gyasi and his co-conspirators ran a romance scam to induce a victim to send money by wire transfers.","According to court documents, from no later than March 2022 until at least July 2022, Emmanuel Gyasi and his co-conspirators ran a romance scam to induce a victim to send money by wire transfers.",https://www.fbi.gov/contact-us/field-offices/washingtondc/news/ghanaian-national-sentenced-to-prison-for-two-years-for-1m-romance-scam,195
9fbe14c89d971b,2026-03-06,2026,3,FBI - National,"[""other""]","{""urls"": [], ""domains"": [], ""emails"": [], ""phones"": [], ""ip_addresses"": [], ""crypto_wallets"": []}",Illinois Man Sentenced to Two Years in Prison for Durable Medical Equipment Scheme,"Kartik Bhatia, 36, of Geneva, Illinois, has been sentenced in federal court in Boston for a fraud scheme to defraud Medicare of over $2 million.","Kartik Bhatia, 36, of Geneva, Illinois, has been sentenced in federal court in Boston for a fraud scheme to defraud Medicare of over $2 million.",https://www.fbi.gov/contact-us/field-offices/boston/news/illinois-man-sentenced-to-two-years-in-prison-for-durable-medical-equipment-scheme,144
bb4e4fbbf9c05b,2026-03-06,2026,3,FBI - National,"[""other""]","{""urls"": [], ""domains"": [], ""emails"": [], ""phones"": [], ""ip_addresses"": [], ""crypto_wallets"": []}",U.S. Attorney’s Office Filed 126 Border-Related Cases This Week,"Federal prosecutors in the Southern District of California filed 126 border-related cases this week, including charges of bringing in aliens for financial gain.","Federal prosecutors in the Southern District of California filed 126 border-related cases this week, including charges of bringing in aliens for financial gain.",https://www.fbi.gov/contact-us/field-offices/sandiego/news/us-attorneys-office-filed-126-border-related-cases-this-week,160
f78d0e128dd2da,2026-03-06,2026,3,FBI - National,"[""other""]","{""urls"": [], ""domains"": [], ""emails"": [], ""phones"": [], ""ip_addresses"": [], ""crypto_wallets"": []}","Another Week, Another Nearly 400 More Charged in SDTX’s Relentless Border-Enforcement Efforts","A total of 395 cases have been filed against 396 people in immigration and related matters from February 27 to March 5 in continuing enforcement actions to protect the southern border, announced U.S. Attorney Nicholas J. Ganjei.","A total of 395 cases have been filed against 396 people in immigration and related matters from February 27 to March 5 in continuing enforcement actions to protect the southern border, announced U.S. Attorney Nicholas J. Ganjei.",https://www.fbi.gov/contact-us/field-offices/houston/news/another-week-another-nearly-400-more-charged-in-sdtxs-relentless-border-enforcement-efforts,228
a0843dace4b199,2026-03-06,2026,3,FBI - National,"[""other""]","{""urls"": [], ""domains"": [], ""emails"": [], ""phones"": [], ""ip_addresses"": [], ""crypto_wallets"": []}",Illegal Alien Sentenced to 70 Months for Money Laundering and Firearms Offenses,A foreign national was sentenced to 70 months in federal prison after being convicted of multiple money laundering offenses.,A foreign national was sentenced to 70 months in federal prison after being convicted of multiple money laundering offenses.,https://www.fbi.gov/contact-us/field-offices/louisville/news/illegal-alien-sentenced-to-70-months-for-money-laundering-and-firearms-offenses,124
b3f973e90d542f,2026-03-06,2026,3,FBI - National,"[""other""]","{""urls"": [], ""domains"": [], ""emails"": [], ""phones"": [], ""ip_addresses"": [], ""crypto_wallets"": []}",Kenton County Man Sentenced for Methamphetamine Trafficking,"A Covington man, Lamar Crawley, 42, was sentenced to 60 months in prison for the distribution of five grams or more of methamphetamine.","A Covington man, Lamar Crawley, 42, was sentenced to 60 months in prison for the distribution of five grams or more of methamphetamine.",https://www.fbi.gov/contact-us/field-offices/louisville/news/kenton-county-man-sentenced-for-methamphetamine-trafficking,135
d97289aa98a332,2026-03-06,2026,3,FBI - National,"[""other""]","{""urls"": [], ""domains"": [], ""emails"": [], ""phones"": [], ""ip_addresses"": [], ""crypto_wallets"": []}",Convicted Felon Who Opened Fire on Abilene Police Officers Sentenced to 15 Years in Federal Prison,A convicted felon who opened fire on Abilene Police Department officers after leading them on a high speed chase was sentenced to 15 years in federal prison.,A convicted felon who opened fire on Abilene Police Department officers after leading them on a high speed chase was sentenced to 15 years in federal prison.,https://www.fbi.gov/contact-us/field-offices/dallas/news/convicted-felon-who-opened-fire-on-abilene-police-officers-sentenced-to-15-years-in-federal-prison,157
1967512674b1db,2026-03-06,2026,3,FBI - National,"[""other""]","{""urls"": [], ""domains"": [], ""emails"": [], ""phones"": [], ""ip_addresses"": [], ""crypto_wallets"": []}",District of Arizona Charges 177 Individuals for Immigration-Related Criminal Conduct this Week,The U.S. Attorney’s Office for the District of Arizona brought immigration-related criminal charges against 177 individuals.,The U.S. Attorney’s Office for the District of Arizona brought immigration-related criminal charges against 177 individuals.,https://www.fbi.gov/contact-us/field-offices/phoenix/news/district-of-arizona-charges-177-individuals-for-immigration-related-criminal-conduct-this-week-1,124
887f94c6cf323d,2026-03-06,2026,3,FBI - National,"[""other""]","{""urls"": [], ""domains"": [], ""emails"": [], ""phones"": [], ""ip_addresses"": [], ""crypto_wallets"": []}","Bookkeeper Sentenced to 33 Months in Prison for Embezzling $580,000 From Church","The former parish secretary and bookkeeper who embezzled from a DeSoto, Missouri, church has been sentenced to 33 months in prison.","The former parish secretary and bookkeeper who embezzled from a DeSoto, Missouri, church has been sentenced to 33 months in prison.",https://www.fbi.gov/contact-us/field-offices/stlouis/news/bookkeeper-sentenced-to-33-months-in-prison-for-embezzling-580000-from-church,131
2d7d4846df5510,2026-03-05,2026,3,FBI - National,"[""other""]","{""urls"": [], ""domains"": [], ""emails"": [], ""phones"": [], ""ip_addresses"": [], ""crypto_wallets"": []}",Vance Woman Charged with Embezzling More Than $10 Million From Former Employer,A Vance woman has been charged in connection with her embezzlement of more than $10 million from her former employer.,A Vance woman has been charged in connection with her embezzlement of more than $10 million from her former employer.,https://www.fbi.gov/contact-us/field-offices/birmingham/vance-woman-charged-with-embezzling-more-than-10-million-from-former-employer,117
4755d19c30aaf6,2026-03-05,2026,3,FBI - National,"[""other""]","{""urls"": [], ""domains"": [], ""emails"": [], ""phones"": [], ""ip_addresses"": [], ""crypto_wallets"": []}",Man Pleads Guilty for Conspiracy to Distribute 900 Pounds of Methamphetamine and Illegal Reentry,A Mexican national who was in the country illegally has pleaded guilty to one count of conspiracy to distribute methamphetamine.,A Mexican national who was in the country illegally has pleaded guilty to one count of conspiracy to distribute methamphetamine.,https://www.fbi.gov/contact-us/field-offices/minneapolis/news/man-pleads-guilty-for-conspiracy-to-distribute-900-pounds-of-methamphetamine-and-illegal-reentry,128
3efe61d409bd1e,2026-03-05,2026,3,FBI - National,"[""other""]","{""urls"": [], ""domains"": [], ""emails"": [], ""phones"": [], ""ip_addresses"": [], ""crypto_wallets"": []}",Valparaiso Man Sentenced to 87 Months in Prison,"Vernon R. Tate II, of Valparaiso, was sentenced to 87 months in prison after pleading guilty to distribution of child pornography,","Vernon R. Tate II, of Valparaiso, was sentenced to 87 months in prison after pleading guilty to distribution of child pornography,",https://www.fbi.gov/contact-us/field-offices/indianapolis/news/valparaiso-man-sentenced-to-87-months-in-prison,130
7eaa76cde9e787,2026-03-05,2026,3,FBI - National,"[""other""]","{""urls"": [], ""domains"": [], ""emails"": [], ""phones"": [], ""ip_addresses"": [], ""crypto_wallets"": []}",Convicted Felon Discharges Gun Inside Apartment Building,A federal grand jury has indicted Antonio Jones for possessing a firearm as a convicted felon.,A federal grand jury has indicted Antonio Jones for possessing a firearm as a convicted felon.,https://www.fbi.gov/contact-us/field-offices/nashville/news/convicted-felon-discharges-gun-inside-apartment-building,94
fd9a0220721796,2026-03-05,2026,3,FBI - National,"[""other""]","{""urls"": [], ""domains"": [], ""emails"": [], ""phones"": [], ""ip_addresses"": [], ""crypto_wallets"": []}",California Attorney Guilty of Federal Contempt Charge for Failing to Ensure Distribution of Settlement Funds to Relatives of Victims of Lion Air Flight 610,"Keith Griffin, a California attorney, pleaded guilty in Chicago to a criminal contempt of court charge.","Keith Griffin, a California attorney, pleaded guilty in Chicago to a criminal contempt of court charge.",https://www.fbi.gov/contact-us/field-offices/chicago/news/california-attorney-guilty-of-federal-contempt-charge-for-failing-to-ensure-distribution-of-settlement-funds-to-relatives-of-victims-of-lion-air-flight-610-1,103
47338ae0aa5b64,2026-03-05,2026,3,FBI - National,"[""other""]","{""urls"": [], ""domains"": [], ""emails"": [], ""phones"": [], ""ip_addresses"": [], ""crypto_wallets"": []}",Repeat Offender Guilty of Armed Drug Trafficking in Columbus,A Georgia man with a violent criminal past whose supervised release was revoked for a prior federal conviction for assaulting a law enforcement officer was found guilty.,A Georgia man with a violent criminal past whose supervised release was revoked for a prior federal conviction for assaulting a law enforcement officer was found guilty.,https://www.fbi.gov/contact-us/field-offices/atlanta/news/repeat-offender-guilty-of-armed-drug-trafficking-in-columbus,169
9feb73738edad4,2026-03-05,2026,3,FBI - National,"[""other""]","{""urls"": [], ""domains"": [], ""emails"": [], ""phones"": [], ""ip_addresses"": [], ""crypto_wallets"": []}",“Operation Pick-Off” Expands to Houston with Arrests of Foreign Nationals Who Committed Crimes While Unlawfully Living in the U.S.,Several people who unlawfully resided in the greater Houston area are now in custody for illegal reentry into the United States after removal.,Several people who unlawfully resided in the greater Houston area are now in custody for illegal reentry into the United States after removal.,https://www.fbi.gov/contact-us/field-offices/houston/news/operation-pick-off-expands-to-houston-with-arrests-of-foreign-nationals-who-committed-crimes-while-unlawfully-living-in-the-us,142
3301da267d36a3,2026-03-05,2026,3,FBI - National,"[""other""]","{""urls"": [], ""domains"": [], ""emails"": [], ""phones"": [], ""ip_addresses"": [], ""crypto_wallets"": []}",Placerville Man Pleads Guilty to Interstate Theft Conspiracy,"Stephan James Evanovich, 46, of Placerville, pleaded guilty to conspiracy to transport stolen property and to interstate transportation of stolen property.","Stephan James Evanovich, 46, of Placerville, pleaded guilty to conspiracy to transport stolen property and to interstate transportation of stolen property.",https://www.fbi.gov/contact-us/field-offices/sacramento/news/placerville-man-pleads-guilty-to-interstate-theft-conspiracy,155
1db2aeb8b7a867,2026-03-05,2026,3,FBI - National,"[""other""]","{""urls"": [], ""domains"": [], ""emails"": [], ""phones"": [], ""ip_addresses"": [], ""crypto_wallets"": []}",St. Louis County Woman Who Had Her Fiancé Murdered Sentenced to 225 Months in Prison,"Victoria Rena Williams, who secretly took out insurance on her fiancé before having him killed, was sentenced to 225 months in prison.","Victoria Rena Williams, who secretly took out insurance on her fiancé before having him killed, was sentenced to 225 months in prison.",https://www.fbi.gov/contact-us/field-offices/stlouis/news/st-louis-county-woman-who-had-her-fianc-murdered-sentenced-to-225-months-in-prison,134
89c31049ed3127,2026-03-05,2026,3,FBI - National,"[""other""]","{""urls"": [], ""domains"": [], ""emails"": [], ""phones"": [], ""ip_addresses"": [], ""crypto_wallets"": []}",FBI Houston Seeks ‘Coverall Crook’ for Multiple Bank Robberies,The FBI Violent Crime Task Force is asking for the public’s help identifying and locating a man dubbed the 'Coverall Crook' who robbed three banks in the last two weeks.,The FBI Violent Crime Task Force is asking for the public’s help identifying and locating a man dubbed the 'Coverall Crook' who robbed three banks in the last two weeks.,https://www.fbi.gov/contact-us/field-offices/houston/news/fbi-houston-seeks-coverall-crook-for-multiple-bank-robberies,169
bc1b2d784f2f79,2026-03-05,2026,3,FBI - National,"[""other""]","{""urls"": [], ""domains"": [], ""emails"": [], ""phones"": [], ""ip_addresses"": [], ""crypto_wallets"": []}",Waukesha Medical Equipment Company Agrees to Pay Nearly $7 Million to Resolve Allegations of False Billings to Federal Health Care Programs,"Kinex Medical Company, LLC, agreed to pay $6,925,000 to resolve allegations that it violated the False Claims Act by submitting false claims to Medicare, TRICARE, and other federal programs.","Kinex Medical Company, LLC, agreed to pay $6,925,000 to resolve allegations that it violated the False Claims Act by submitting false claims to Medicare, TRICARE, and other federal programs.",https://www.fbi.gov/contact-us/field-offices/milwaukee/news/waukesha-medical-equipment-company-agrees-pay-nearly-7-million-resolve-allegations,190
a89caf8b5c1107,2026-03-05,2026,3,FBI - National,"[""other""]","{""urls"": [], ""domains"": [], ""emails"": [], ""phones"": [], ""ip_addresses"": [], ""crypto_wallets"": []}",Two Wild 100s Gang Members Convicted of Murder-for-Hire Resulting in Death,"Ronnell Bowman of Milwaukee, Wisconsin, and Houston, Texas, and Lawrence Turner, of Milwaukee, were convicted of murder for hire resulting in death, and other related offenses.","Ronnell Bowman of Milwaukee, Wisconsin, and Houston, Texas, and Lawrence Turner, of Milwaukee, were convicted of murder for hire resulting in death, and other related offenses.",https://www.fbi.gov/contact-us/field-offices/milwaukee/news/two-wild-100s-gang-members-convicted-murder-hire-resulting-death,176
da92242b665dac,2026-03-05,2026,3,FBI - National,"[""other""]","{""urls"": [], ""domains"": [], ""emails"": [], ""phones"": [], ""ip_addresses"": [], ""crypto_wallets"": []}",Bryant Man Sentenced to 30 Years in Federal Prison for Production of Child Pornography,Tyler Dane Wooten of Bryant will spend 360 months in federal prison for production of child pornography.,Tyler Dane Wooten of Bryant will spend 360 months in federal prison for production of child pornography.,https://www.fbi.gov/contact-us/field-offices/littlerock/news/bryant-man-sentenced-to-30-years-in-federal-prison-for-production-of-child-pornography,104
b5d69c34fefc1d,2026-03-05,2026,3,FBI - National,"[""other""]","{""urls"": [], ""domains"": [], ""emails"": [], ""phones"": [], ""ip_addresses"": [], ""crypto_wallets"": []}",Mescalero Man Sentenced for Sexual Abuse of a Minor,"John Albert Carrillo, Jr., 36, of Mescalero, was sentenced to 11 years in prison for sexual abuse of a minor.","John Albert Carrillo, Jr., 36, of Mescalero, was sentenced to 11 years in prison for sexual abuse of a minor.",https://www.fbi.gov/contact-us/field-offices/albuquerque/news/mescalero-man-sentenced-for-sexual-abuse-of-a-minor-2,109
53c86258f0ad4a,2026-03-05,2026,3,FBI - National,"[""other""]","{""urls"": [], ""domains"": [], ""emails"": [], ""phones"": [], ""ip_addresses"": [], ""crypto_wallets"": []}",Kansas Man Indicted on Meth Trafficking and Firearms Charges,A federal grand jury in Topeka returned an indictment charging a Kansas man with offenses related to drug trafficking and illegal firearms.,A federal grand jury in Topeka returned an indictment charging a Kansas man with offenses related to drug trafficking and illegal firearms.,https://www.fbi.gov/contact-us/field-offices/kansascity/news/kansas-man-indicted-on-meth-trafficking-and-firearms-charges,139
503f8880a3c288,2026-03-05,2026,3,FBI - National,"[""other""]","{""urls"": [], ""domains"": [], ""emails"": [], ""phones"": [], ""ip_addresses"": [], ""crypto_wallets"": []}",Portsmouth Man Sentenced to Over Two Years in Prison for Auto Loan Fraud Scheme,"Deviyon Nichols, 33, of Portsmouth, has been sentenced to two years and six months in prison for bank fraud.","Deviyon Nichols, 33, of Portsmouth, has been sentenced to two years and six months in prison for bank fraud.",https://www.fbi.gov/contact-us/field-offices/norfolk/news/portsmouth-man-sentenced-to-over-two-years-in-prison-for-auto-loan-fraud-scheme,108
c1ada858ce2c2a,2026-03-05,2026,3,FBI - National,"[""identity_fraud""]","{""urls"": [], ""domains"": [], ""emails"": [], ""phones"": [], ""ip_addresses"": [], ""crypto_wallets"": []}",Daytona Beach Man Sentenced to Over Four Years for Conspiracy and Aggravated Identity Theft,"Craig Stevens, 34, of Daytona Beach, has been sentenced to four years and six months in federal prison for conspiracy and aggravated identity theft.","Craig Stevens, 34, of Daytona Beach, has been sentenced to four years and six months in federal prison for conspiracy and aggravated identity theft.",https://www.fbi.gov/contact-us/field-offices/tampa/news/daytona-beach-man-sentenced-to-over-four-years-for-conspiracy-and-aggravated-identity-theft,148
bb5ffbb28fa258,2026-03-05,2026,3,FBI - National,"[""other""]","{""urls"": [], ""domains"": [], ""emails"": [], ""phones"": [], ""ip_addresses"": [], ""crypto_wallets"": []}",Ramah Man Sentenced for Federal Assault and Firearm Charges After Shooting Into Vehicle,A Ramah man was sentenced to nine years in prison for shooting into a vehicle occupied by three people after a near-collision.,A Ramah man was sentenced to nine years in prison for shooting into a vehicle occupied by three people after a near-collision.,https://www.fbi.gov/contact-us/field-offices/albuquerque/news/ramah-man-sentenced-for-federal-assault-and-firearm-charges-after-shooting-into-vehicle,126
206fb169c8c16b,2026-03-05,2026,3,FBI - National,"[""other""]","{""urls"": [], ""domains"": [], ""emails"": [], ""phones"": [], ""ip_addresses"": [], ""crypto_wallets"": []}",First Defendant Sentenced for Scheme to Bribe Feeding Our Future Juror,"Abdulkarim Farah, a Minneapolis man, was sentenced to 57 months in prison followed by one year of supervised release for his role in providing a cash bribe to a juror.","Abdulkarim Farah, a Minneapolis man, was sentenced to 57 months in prison followed by one year of supervised release for his role in providing a cash bribe to a juror.",https://www.fbi.gov/contact-us/field-offices/minneapolis/news/first-defendant-sentenced-for-scheme-to-bribe-feeding-our-future-juror,167
68b22293540aab,2026-03-05,2026,3,FBI - National,"[""other""]","{""urls"": [], ""domains"": [], ""emails"": [], ""phones"": [], ""ip_addresses"": [], ""crypto_wallets"": []}",New Jersey Man Pleads Guilty in Threatening Red Mass Attendees at St. Matthews Cathedral,Louis Geri of Vineland pleaded guilty in connection with threatening to detonate more than 100 homemade explosive devices on the steps of St. Matthew's Cathedral.,Louis Geri of Vineland pleaded guilty in connection with threatening to detonate more than 100 homemade explosive devices on the steps of St. Matthew's Cathedral.,https://www.fbi.gov/contact-us/field-offices/washingtondc/news/new-jersey-man-pleads-guilty-in-threatening-red-mass-attendees-at-st-matthews-cathedral,162
b885f2ab1e3fcd,2026-03-05,2026,3,FBI - National,"[""other""]","{""urls"": [], ""domains"": [], ""emails"": [], ""phones"": [], ""ip_addresses"": [], ""crypto_wallets"": []}",Baltimore County Man Pleads Guilty to Bribing Former Baltimore City Finance Official,"James Carroll Erny Jr., who is charged with bribery, admitted to paying at least $25,000 in bribes to a former Baltimore City Department of Finance employee.","James Carroll Erny Jr., who is charged with bribery, admitted to paying at least $25,000 in bribes to a former Baltimore City Department of Finance employee.",https://www.fbi.gov/contact-us/field-offices/baltimore/news/baltimore-county-man-pleads-guilty-to-bribing-former-baltimore-city-finance-official,157
7f53320eb0c7e5,2026-03-05,2026,3,FBI - National,"[""other""]","{""urls"": [], ""domains"": [], ""emails"": [], ""phones"": [], ""ip_addresses"": [], ""crypto_wallets"": []}",Bangladeshi National Returned to the United States in International Sextortion Case,A Bangladeshi national is scheduled to make his initial court appearance to face charges that he operated an international child sexual exploitation enterprise.,A Bangladeshi national is scheduled to make his initial court appearance to face charges that he operated an international child sexual exploitation enterprise.,https://www.fbi.gov/news/press-releases/bangladeshi-national-returned-to-the-united-states-in-international-sextortion-case,160
96d0712efeb532,2026-03-05,2026,3,FBI - National,"[""other""]","{""urls"": [], ""domains"": [], ""emails"": [], ""phones"": [], ""ip_addresses"": [], ""crypto_wallets"": []}",California Siblings Convicted of Drug Conspiracy Charges,"Lorenzo A. Marquez, 32, and Adam A. Marquez, 27, were convicted for their role in a large-scale conspiracy to distribute significant quantities of drugs.","Lorenzo A. Marquez, 32, and Adam A. Marquez, 27, were convicted for their role in a large-scale conspiracy to distribute significant quantities of drugs.",https://www.fbi.gov/contact-us/field-offices/stlouis/news/california-siblings-convicted-of-drug-conspiracy-charges,153
5e5df9d9b6a434,2026-03-05,2026,3,FBI - National,"[""other""]","{""urls"": [], ""domains"": [], ""emails"": [], ""phones"": [], ""ip_addresses"": [], ""crypto_wallets"": []}",New Orleans Tax Preparer Indicted for $2 Million COVID Fraud Conspiracy and Making False Statements to Agents,"Denise Dixon, age 52, has been indicted on multiple counts for conspiracy to commit wire fraud, wire fraud, and false statements to federal agents.","Denise Dixon, age 52, has been indicted on multiple counts for conspiracy to commit wire fraud, wire fraud, and false statements to federal agents.",https://www.fbi.gov/contact-us/field-offices/neworleans/news/new-orleans-tax-preparer-indicted-for-2-million-covid-fraud-conspiracy-and-making-false-statements-to-agents,147
e6c3413f74348a,2026-03-05,2026,3,FBI - National,"[""other""]","{""urls"": [], ""domains"": [], ""emails"": [], ""phones"": [], ""ip_addresses"": [], ""crypto_wallets"": []}",Slidell Man Charged with Cares Act Fraud,"Marcel Gross, age 51, of Slidell, has been charged with conspiracy to commit wire fraud.","Marcel Gross, age 51, of Slidell, has been charged with conspiracy to commit wire fraud.",https://www.fbi.gov/contact-us/field-offices/neworleans/news/slidell-man-charged-with-cares-act-fraud,88
e90fa0cd915933,2026-03-05,2026,3,FBI - National,"[""other""]","{""urls"": [], ""domains"": [], ""emails"": [], ""phones"": [], ""ip_addresses"": [], ""crypto_wallets"": []}",Illegal Alien Charged with Fraudulently Voting in 2024 Federal Election,"If convicted, the defendant faces a maximum possible sentence of five years in prison.","If convicted, the defendant faces a maximum possible sentence of five years in prison.",https://www.fbi.gov/contact-us/field-offices/philadelphia/news/illegal-alien-charged-with-fraudulently-voting-in-2024-federal-election,86
ea7a734c465a6f,2026-03-05,2026,3,FBI - National,"[""other""]","{""urls"": [], ""domains"": [], ""emails"": [], ""phones"": [], ""ip_addresses"": [], ""crypto_wallets"": []}",Woodbridge Drug Trafficker Sentenced to Over 21 Years in Prison for His Role in Fentanyl and Cocaine Conspiracy,"The FBI Washington Field Office’s Criminal Division investigated this case with assistance from the Bureau of Alcohol, Tobacco, Firearms, and Explosives' Washington Field Division; the Virginia State Police; and the Prince William County Police Department. The Washington/Baltimore High Intensity Drug Trafficking Area (HIDTA) Task Force provided additional assistance.","The FBI Washington Field Office’s Criminal Division investigated this case with assistance from the Bureau of Alcohol, Tobacco, Firearms, and Explosives' Washington Field Division; the Virginia State Police; and the Prince William County Police Department. The Washington/Baltimore High Intensity Drug Trafficking Area (HIDTA) Task Force provided additional assistance.",https://www.fbi.gov/contact-us/field-offices/washingtondc/news/woodbridge-drug-trafficker-sentenced-to-over-21-years-in-prison-for-his-role-in-fentanyl-and-cocaine-conspiracy,369
58304c723835eb,2026-03-05,2026,3,FBI - National,"[""other""]","{""urls"": [], ""domains"": [], ""emails"": [], ""phones"": [], ""ip_addresses"": [], ""crypto_wallets"": []}",Carter County Resident Sentenced for Robbery and Felony Assault,"Timmy Lynn Tatum, 18, was sentenced for one count of robbery in Indian Country, one count of assault with a dangerous weapon with intent to cause bodily harm in Indian Country.","Timmy Lynn Tatum, 18, was sentenced for one count of robbery in Indian Country, one count of assault with a dangerous weapon with intent to cause bodily harm in Indian Country.",https://www.fbi.gov/contact-us/field-offices/oklahomacity/news/carter-county-resident-sentenced-for-robbery-and-felony-assault,176
093e3daa67d2be,2026-03-05,2026,3,FBI - National,"[""other""]","{""urls"": [], ""domains"": [], ""emails"": [], ""phones"": [], ""ip_addresses"": [], ""crypto_wallets"": []}",Colombian National Sentenced to 42 Months in Federal Prison for Role in Nationwide Jewelry Theft Ring,"Edixon Rincon Puentes, 45, a citizen of Colombia last residing in Los Angeles, California, was sentenced for his involvement in an organized jewelry theft ring.","Edixon Rincon Puentes, 45, a citizen of Colombia last residing in Los Angeles, California, was sentenced for his involvement in an organized jewelry theft ring.",https://www.fbi.gov/contact-us/field-offices/newhaven/news/colombian-national-sentenced-to-42-months-in-federal-prison-for-role-in-nationwide-jewelry-theft-ring,160
bb68af527752bc,2026-03-05,2026,3,FBI - National,"[""other""]","{""urls"": [], ""domains"": [], ""emails"": [], ""phones"": [], ""ip_addresses"": [], ""crypto_wallets"": []}",Former OSBI Investigator Sentenced for Multiple Counts of Sexual Abuse of a Minor,"Jordan Francis Toyne, age 37, of Broken Arrow, Oklahoma, was sentenced to 109 months in prison for each of three counts of sexual abuse of a minor in Indian Country.","Jordan Francis Toyne, age 37, of Broken Arrow, Oklahoma, was sentenced to 109 months in prison for each of three counts of sexual abuse of a minor in Indian Country.",https://www.fbi.gov/contact-us/field-offices/oklahomacity/news/former-osbi-investigator-sentenced-for-multiple-counts-of-sexual-abuse-of-a-minor,165
c2852e731cd84c,2026-03-05,2026,3,FBI - National,"[""benefits_fraud""]","{""urls"": [], ""domains"": [], ""emails"": [], ""phones"": [], ""ip_addresses"": [], ""crypto_wallets"": []}","Over $12 Million Medicaid Fraud Scheme Leads to 14 Years of Prison for Substance Abuse Facility, Owner, Compliance Officer, and Office Manager",A federal judge has handed down more than 14 years in federal prison to participants in a $12.7 million Medicaid fraud scheme.,A federal judge has handed down more than 14 years in federal prison to participants in a $12.7 million Medicaid fraud scheme.,https://www.fbi.gov/contact-us/field-offices/charlotte/news/over-12-million-medicaid-fraud-scheme-leads-to-14-years-of-prison-for-substance-abuse-facility-owner-compliance-officer-and-office-manager,126
c230c34113752e,2026-03-05,2026,3,FBI - National,"[""other""]","{""urls"": [], ""domains"": [], ""emails"": [], ""phones"": [], ""ip_addresses"": [], ""crypto_wallets"": []}",Third Man Pleads Guilty for Role in $10 Million International Fraudulent Market Survey Conspiracy,"Ryan Stoudt, 39, of Texas, pleaded guilty for participating in an international scheme to sell fabricated market survey data.","Ryan Stoudt, 39, of Texas, pleaded guilty for participating in an international scheme to sell fabricated market survey data.",https://www.fbi.gov/contact-us/field-offices/boston/news/third-man-pleads-guilty-for-role-in-10-million-international-fraudulent-market-survey-conspiracy,125
d94200f2176f22,2026-03-05,2026,3,FBI - National,"[""other""]","{""urls"": [], ""domains"": [], ""emails"": [], ""phones"": [], ""ip_addresses"": [], ""crypto_wallets"": []}",Lieutenant in Large-Scale Drug Trafficking Operation Sentenced to Over Four Years in Federal Prison,"Flemin Soto Baez, 48, of Boston, was sentenced in Concord for his key role in a large-scale drug trafficking conspiracy to distribute fentanyl and cocaine in New Hampshire.","Flemin Soto Baez, 48, of Boston, was sentenced in Concord for his key role in a large-scale drug trafficking conspiracy to distribute fentanyl and cocaine in New Hampshire.",https://www.fbi.gov/contact-us/field-offices/boston/news/lieutenant-in-large-scale-drug-trafficking-operation-sentenced-to-over-four-years-in-federal-prison,172
1e26ae6cb97abd,2026-03-05,2026,3,FBI - National,"[""other""]","{""urls"": [], ""domains"": [], ""emails"": [], ""phones"": [], ""ip_addresses"": [], ""crypto_wallets"": []}","Chief Regulatory Officer for ExThera Medical Charged with Concealing Adverse Events, Including Deaths, From FDA; ExThera Medical Corporation Resolves Investigation",A California woman was charged and has agreed to plead guilty for failing to report adverse events with the intent to defraud or mislead the FDA.,A California woman was charged and has agreed to plead guilty for failing to report adverse events with the intent to defraud or mislead the FDA.,https://www.fbi.gov/contact-us/field-offices/boston/news/chief-regulatory-officer-for-exthera-medical-charged-with-concealing-adverse-events-including-deaths-from-fda-exthera-medical-corporation-resolves-investigation,145
bfb332e626def0,2026-03-05,2026,3,FBI - National,"[""other""]","{""urls"": [], ""domains"": [], ""emails"": [], ""phones"": [], ""ip_addresses"": [], ""crypto_wallets"": []}","Brockton Man Sentenced to 12 Years in Prison for Selling Fentanyl, Multiple Machineguns, and Kilograms of Fentanyl Recovered During Searches","Joshua Tavares, associated with Brockton-based Harvard Street Gang, was sentenced to 12 years in prison for selling fentanyl to a cooperating witness during multiple controlled purchases.","Joshua Tavares, associated with Brockton-based Harvard Street Gang, was sentenced to 12 years in prison for selling fentanyl to a cooperating witness during multiple controlled purchases.",https://www.fbi.gov/contact-us/field-offices/boston/news/brockton-man-sentenced-to-12-years-in-prison-for-selling-fentanyl-multiple-machineguns-and-kilograms-of-fentanyl-recovered-during-searches,187
868764ac198440,2026-03-05,2026,3,FBI - National,"[""other""]","{""urls"": [], ""domains"": [], ""emails"": [], ""phones"": [], ""ip_addresses"": [], ""crypto_wallets"": []}",Ghanaian National Pleads Guilty to Stealing More Than $10 Million Via Romance Scams,U.S. Attorney for the Southern District of New York announced the guilty plea of Derrick Van Yeboah for his role in an international criminal organization.,U.S. Attorney for the Southern District of New York announced the guilty plea of Derrick Van Yeboah for his role in an international criminal organization.,https://www.fbi.gov/contact-us/field-offices/newyork/news/ghanaian-national-pleads-guilty-to-stealing-more-than-10-million-via-romance-scams,155
7aec65e756f184,2026-03-05,2026,3,FBI - National,"[""other""]","{""urls"": [], ""domains"": [], ""emails"": [], ""phones"": [], ""ip_addresses"": [], ""crypto_wallets"": []}",Las Vegas Woman Sentenced to 10 Years for Threats Against Two Federal Judges and Probation Officer,Latonia Smith of Las Vegas was sentenced in federal court to 10 years in prison for threatening two federal judges and a probation officer.,Latonia Smith of Las Vegas was sentenced in federal court to 10 years in prison for threatening two federal judges and a probation officer.,https://www.fbi.gov/contact-us/field-offices/sandiego/news/las-vegas-woman-sentenced-to-10-years-for-threats-against-two-federal-judges-and-probation-officer,139
cd3ebe00469c7e,2026-03-05,2026,3,FBI - National,"[""other""]","{""urls"": [], ""domains"": [], ""emails"": [], ""phones"": [], ""ip_addresses"": [], ""crypto_wallets"": []}",Former Laguna Niguel Resident Sentenced to Seven Years in Federal Prison for Threatening to Kill Judge Who Presided Over His Family Law Case,A former Orange County resident was sentenced to 84 months in prison for threatening to kill a superior court judge who had presided over his family law case.,A former Orange County resident was sentenced to 84 months in prison for threatening to kill a superior court judge who had presided over his family law case.,https://www.fbi.gov/contact-us/field-offices/losangeles/news/former-laguna-niguel-resident-sentenced-to-seven-years-in-federal-prison-for-threatening-to-kill-judge-who-presided-over-his-family-law-case,158
d769f12afc2f25,2026-03-05,2026,3,FBI - National,"[""other""]","{""urls"": [], ""domains"": [], ""emails"": [], ""phones"": [], ""ip_addresses"": [], ""crypto_wallets"": []}","Eighteenth Street Gangsters, Associates Arrested on Indictments Alleging Murder, Extortion, Drug Trafficking in Los Angeles' MacArthur Park Area",Twelve members and associates of 18th Street – Los Angeles’s largest street gang – were arrested on criminal charges.,Twelve members and associates of 18th Street – Los Angeles’s largest street gang – were arrested on criminal charges.,https://www.fbi.gov/contact-us/field-offices/losangeles/news/eighteenth-street-gangsters-associates-arrested-on-indictments-alleging-murder-extortion-drug-trafficking-in-los-angeles-macarthur-park-area,117
bdaf67018c6402,2026-03-05,2026,3,FBI - National,"[""other""]","{""urls"": [], ""domains"": [], ""emails"": [], ""phones"": [], ""ip_addresses"": [], ""crypto_wallets"": []}",Former CFO Sentenced to Two Years in Prison for $35 Million Theft From Start-Up Tech Firm,"A Mercer Island, Washington, man was sentenced to two years in prison for four counts of wire fraud for taking and misusing $35 million from his former employer.","A Mercer Island, Washington, man was sentenced to two years in prison for four counts of wire fraud for taking and misusing $35 million from his former employer.",https://www.fbi.gov/contact-us/field-offices/seattle/news/former-cfo-sentenced-to-two-years-in-prison-for-35-million-theft-from-start-up-tech-firm,161
7bd45c2f1fdde9,2026-03-05,2026,3,FBI - National,"[""cybercrime""]","{""urls"": [], ""domains"": [], ""emails"": [], ""phones"": [], ""ip_addresses"": [], ""crypto_wallets"": []}",Dark Web Fentanyl Distributor Sentenced to 42 Months in Prison,"Trevor Stephen Haahr, 34, of Puyallup, Washington, was sentenced to 42 months in prison for operating a ‘dark web’ marketplace selling fentanyl tainted pills.","Trevor Stephen Haahr, 34, of Puyallup, Washington, was sentenced to 42 months in prison for operating a ‘dark web’ marketplace selling fentanyl tainted pills.",https://www.fbi.gov/contact-us/field-offices/seattle/news/dark-web-fentanyl-distributor-sentenced-to-42-months-in-prison,158
255f0dbe7895e1,2026-03-05,2026,3,FBI - National,"[""other""]","{""urls"": [], ""domains"": [], ""emails"": [], ""phones"": [], ""ip_addresses"": [], ""crypto_wallets"": []}",Bryan Resident Sentenced to 14 Years for Sadistic Exploitation of Children,Reuben Waller Boyer has been ordered to federal prison after coercing and enticing minors and possession of child sexual abuse material.,Reuben Waller Boyer has been ordered to federal prison after coercing and enticing minors and possession of child sexual abuse material.,https://www.fbi.gov/contact-us/field-offices/houston/news/bryan-resident-sentenced-to-14-years-for-sadistic-exploitation-of-children,136
0ac371ca65b83f,2026-03-05,2026,3,FBI - National,"[""other""]","{""urls"": [], ""domains"": [], ""emails"": [], ""phones"": [], ""ip_addresses"": [], ""crypto_wallets"": []}",Russian Citizen Charged with Laundering Over $1.2M Connected to $400M in Fraudulent Medicare Claims,"A Russian national made his initial appearance in Houston, Texas, on a charge that he laundered over $1.2 million derived from a health care fraud scheme.","A Russian national made his initial appearance in Houston, Texas, on a charge that he laundered over $1.2 million derived from a health care fraud scheme.",https://www.fbi.gov/contact-us/field-offices/houston/news/russian-citizen-charged-with-laundering-over-12m-connected-to-400m-in-fraudulent-medicare-claims,154
7a8d73dbd55804,2026-03-04,2026,3,FBI - National,"[""other""]","{""urls"": [], ""domains"": [], ""emails"": [], ""phones"": [], ""ip_addresses"": [], ""crypto_wallets"": []}","Former Carlyle Police Chief Accused of Embezzling More Than $100,000","The former police chief of the Carlyle Police Department is facing several federal charges for allegedly embezzling more than $100,000 for his personal benefit.","The former police chief of the Carlyle Police Department is facing several federal charges for allegedly embezzling more than $100,000 for his personal benefit.",https://www.fbi.gov/contact-us/field-offices/springfield/news/former-carlyle-police-chief-accused-of-embezzling-more-than-100000,160
9ee128db41883a,2026-03-04,2026,3,FBI - National,"[""other""]","{""urls"": [], ""domains"": [], ""emails"": [], ""phones"": [], ""ip_addresses"": [], ""crypto_wallets"": []}",Owner of Chicago-Area Convenience Stores Sentenced to Four Years in Prison for Defrauding Low-Income Food Program,A federal judge has sentenced the owner of several Chicago-area convenience stores to four years in prison for scheming to defraud a low-income food program.,A federal judge has sentenced the owner of several Chicago-area convenience stores to four years in prison for scheming to defraud a low-income food program.,https://www.fbi.gov/contact-us/field-offices/chicago/news/owner-of-chicago-area-convenience-stores-sentenced-to-four-years-in-prison-for-defrauding-low-income-food-program,157
d35b990e79f7c9,2026-03-04,2026,3,FBI - National,"[""other""]","{""urls"": [], ""domains"": [], ""emails"": [], ""phones"": [], ""ip_addresses"": [], ""crypto_wallets"": []}",Schenectady Man Pleads Guilty to Distribution and Possession of Child Pornography,"Gregory Magin, age 45, of Glenville, New York, pleaded guilty to one count each of distribution of child pornography and possession of child pornography.","Gregory Magin, age 45, of Glenville, New York, pleaded guilty to one count each of distribution of child pornography and possession of child pornography.",https://www.fbi.gov/contact-us/field-offices/albany/news/schenectady-man-pleads-guilty-to-distribution-and-possession-of-child-pornography,153
8954bc24a5793b,2026-03-04,2026,3,FBI - National,"[""other""]","{""urls"": [], ""domains"": [], ""emails"": [], ""phones"": [], ""ip_addresses"": [], ""crypto_wallets"": []}",Caastle Founder Pleads Guilty to $300 Million Fraud Scheme,"Christine Hunsicker, the founder and former CEO of CaaStle Inc., pleaded guilty to one count of securities fraud.","Christine Hunsicker, the founder and former CEO of CaaStle Inc., pleaded guilty to one count of securities fraud.",https://www.fbi.gov/contact-us/field-offices/newyork/news/caastle-founder-pleads-guilty-to-300-million-fraud-scheme,113
e77938665bff4c,2026-03-04,2026,3,FBI - National,"[""other""]","{""urls"": [], ""domains"": [], ""emails"": [], ""phones"": [], ""ip_addresses"": [], ""crypto_wallets"": []}",Maryland Man Indicted for Sexual Exploitation of Children,"Donald Bernard Mewhort, Sr., 42, of Lexington Park, Maryland, has been indicted on child-exploitation charges.","Donald Bernard Mewhort, Sr., 42, of Lexington Park, Maryland, has been indicted on child-exploitation charges.",https://www.fbi.gov/contact-us/field-offices/birmingham/maryland-man-indicted-for-sexual-exploitation-of-children,110
17265e9db0a25d,2026-03-04,2026,3,FBI - National,"[""other""]","{""urls"": [], ""domains"": [], ""emails"": [], ""phones"": [], ""ip_addresses"": [], ""crypto_wallets"": []}",FCI Aliceville Correctional Officer Indicted for Sexual Assault of Inmates,A correctional officer at FCI Aliceville was charged in an indictment with eight counts of deprivation of rights under color law arising out of his sexual assault of seven female inmates.,A correctional officer at FCI Aliceville was charged in an indictment with eight counts of deprivation of rights under color law arising out of his sexual assault of seven female inmates.,https://www.fbi.gov/contact-us/field-offices/birmingham/fci-aliceville-correctional-officer-indicted-for-sexual-assault-of-inmates,187
e0bcfa807ef583,2026-03-04,2026,3,FBI - National,"[""other""]","{""urls"": [], ""domains"": [], ""emails"": [], ""phones"": [], ""ip_addresses"": [], ""crypto_wallets"": []}",D.C. Dentist and Hygienist Found Guilty in Scheme to Defraud D.C. Medicaid of $4 Million,"Steven A. Price, 69, of the District of Columbia, and Keidi C. Moore, 39, of Temple Hills, Maryland, were found guilty of conspiring to defraud D.C. Medicaid of $4 million.","Steven A. Price, 69, of the District of Columbia, and Keidi C. Moore, 39, of Temple Hills, Maryland, were found guilty of conspiring to defraud D.C. Medicaid of $4 million.",https://www.fbi.gov/contact-us/field-offices/washingtondc/news/dc-dentist-and-hygienist-found-guilty-in-scheme-to-defraud-dc-medicaid-of-4-million,172
82690d779e6d48,2026-03-04,2026,3,FBI - National,"[""other""]","{""urls"": [], ""domains"": [], ""emails"": [], ""phones"": [], ""ip_addresses"": [], ""crypto_wallets"": []}",Maryland Man Charged with Distributing Child Pornography,"A complaint was unsealed in U.S. District Court charging Frank Olivarria, 35, of Maryland, with distribution of child pornography.","A complaint was unsealed in U.S. District Court charging Frank Olivarria, 35, of Maryland, with distribution of child pornography.",https://www.fbi.gov/contact-us/field-offices/washingtondc/news/maryland-man-charged-with-distributing-child-pornography-1,130
20f42288ad4b9f,2026-03-04,2026,3,FBI - National,"[""other""]","{""urls"": [], ""domains"": [], ""emails"": [], ""phones"": [], ""ip_addresses"": [], ""crypto_wallets"": []}",Serial Robber Sentenced to Over 32 Years for Terrorizing More Than a Dozen Victims in Philadelphia Between 2022 and 2023,Montez Moore was sentenced for robbing several cellphone stores and individuals who sold high-end merchandise on Facebook Marketplace.,Montez Moore was sentenced for robbing several cellphone stores and individuals who sold high-end merchandise on Facebook Marketplace.,https://www.fbi.gov/contact-us/field-offices/philadelphia/news/serial-robber-sentenced-to-over-32-years-for-terrorizing-more-than-a-dozen-victims-in-philadelphia-between-2022-and-2023,134
bf6d5363ea6936,2026-03-04,2026,3,FBI - National,"[""cybercrime""]","{""urls"": [], ""domains"": [], ""emails"": [], ""phones"": [], ""ip_addresses"": [], ""crypto_wallets"": []}",Russian Ransomware Administrator Pleads Guilty to Wire Fraud Conspiracy,A Russian national pled guilty in federal court to a charge connected to a ransomware conspiracy.,A Russian national pled guilty in federal court to a charge connected to a ransomware conspiracy.,https://www.fbi.gov/contact-us/field-offices/baltimore/news/russian-ransomware-administrator-pleads-guilty-to-wire-fraud-conspiracy,97
54b7c55529c8bf,2026-03-04,2026,3,FBI - National,"[""other""]","{""urls"": [], ""domains"": [], ""emails"": [], ""phones"": [], ""ip_addresses"": [], ""crypto_wallets"": []}",Maryland Man Sentenced for Laundering Fraud Money,A Maryland man has been sentenced to one year and one day in prison and ordered to repay $5.45 million to victims of a series of frauds.,A Maryland man has been sentenced to one year and one day in prison and ordered to repay $5.45 million to victims of a series of frauds.,https://www.fbi.gov/contact-us/field-offices/stlouis/news/maryland-man-sentenced-for-laundering-fraud-money,136
0530f062be1f41,2026-03-04,2026,3,FBI - National,"[""other""]","{""urls"": [], ""domains"": [], ""emails"": [], ""phones"": [], ""ip_addresses"": [], ""crypto_wallets"": []}","Illegal Alien From Mexico Sentenced to More Than 16 Years in Prison for Drug Trafficking, Sexually Exploiting Teenager",An illegal alien from Mexico was sentenced in U.S. District Court to 200 months in prison for drug trafficking and child exploitation crimes.,An illegal alien from Mexico was sentenced in U.S. District Court to 200 months in prison for drug trafficking and child exploitation crimes.,https://www.fbi.gov/contact-us/field-offices/cincinnati/news/illegal-alien-from-mexico-sentenced-to-more-than-16-years-in-prison-for-drug-trafficking-sexually-exploiting-teenager,141
4395e712ea5f59,2026-03-04,2026,3,FBI - National,"[""other""]","{""urls"": [], ""domains"": [], ""emails"": [], ""phones"": [], ""ip_addresses"": [], ""crypto_wallets"": []}",Former Gladwyne Entrepreneur Who Bilked Investors Out of Millions of Dollars Sentenced to Over Nine Years in Prison,"Josh S. Verne was sentenced for a series of schemes through which he defrauded dozens of investors, prospective investors, employees, and business partners out of millions of dollars.","Josh S. Verne was sentenced for a series of schemes through which he defrauded dozens of investors, prospective investors, employees, and business partners out of millions of dollars.",https://www.fbi.gov/contact-us/field-offices/philadelphia/news/former-gladwyne-entrepreneur-who-bilked-investors-out-of-millions-of-dollars-sentenced-to-over-nine-years-in-prison,183
c859d43944f8da,2026-03-04,2026,3,FBI - National,"[""other""]","{""urls"": [], ""domains"": [], ""emails"": [], ""phones"": [], ""ip_addresses"": [], ""crypto_wallets"": []}",Philadelphia Correctional Officer and His Former Supervisor Convicted at Trial in Connection with Violation of Inmate’s Constitutional Rights,A correctional officer and his former supervisor were convicted at trial in connection with the violation of an inmate’s constitutional rights and an attempt to cover it up.,A correctional officer and his former supervisor were convicted at trial in connection with the violation of an inmate’s constitutional rights and an attempt to cover it up.,https://www.fbi.gov/contact-us/field-offices/philadelphia/news/philadelphia-correctional-officer-and-his-former-supervisor-convicted-at-trial-in-connection-with-violation-of-inmates-constitutional-rights,173
692a1a6d33e17a,2026-03-04,2026,3,FBI - National,"[""other""]","{""urls"": [], ""domains"": [], ""emails"": [], ""phones"": [], ""ip_addresses"": [], ""crypto_wallets"": []}",Bethlehem Man Convicted at Trial of Election Fraud Offenses,"Matthew Laiss, 32, of Bethlehem, Pennsylvania, was convicted at trial of election fraud offenses in connection with the 2020 presidential election.","Matthew Laiss, 32, of Bethlehem, Pennsylvania, was convicted at trial of election fraud offenses in connection with the 2020 presidential election.",https://www.fbi.gov/contact-us/field-offices/philadelphia/news/bethlehem-man-convicted-at-trial-of-election-fraud-offenses,147
44b9bf83fa22a7,2026-03-04,2026,3,FBI - National,"[""other""]","{""urls"": [], ""domains"": [], ""emails"": [], ""phones"": [], ""ip_addresses"": [], ""crypto_wallets"": []}",Turtle Creek Resident Pleads Guilty to Sexual Exploitation of Minors,"A resident of Turtle Creek, Pennsylvania, pleaded guilty in federal court to charges related to the sexual exploitation of minors.","A resident of Turtle Creek, Pennsylvania, pleaded guilty in federal court to charges related to the sexual exploitation of minors.",https://www.fbi.gov/contact-us/field-offices/pittsburgh/news/turtle-creek-resident-pleads-guilty-to-sexual-exploitation-of-minors,130
2c7cde98d66137,2026-03-04,2026,3,FBI - National,"[""other""]","{""urls"": [], ""domains"": [], ""emails"": [], ""phones"": [], ""ip_addresses"": [], ""crypto_wallets"": []}",Wagoner Resident Sentenced for Assault Resulting in Serious Bodily Injury,"Mark Justin Hall of Wagoner was sentenced for one count of assault resulting in substantial bodily injury to a spouse, intimate partner, and dating partner in Indian Country.","Mark Justin Hall of Wagoner was sentenced for one count of assault resulting in substantial bodily injury to a spouse, intimate partner, and dating partner in Indian Country.",https://www.fbi.gov/contact-us/field-offices/oklahomacity/news/wagoner-resident-sentenced-for-assault-resulting-in-serious-bodily-injury,174
91c31ad5f639ad,2026-03-04,2026,3,FBI - National,"[""other""]","{""urls"": [], ""domains"": [], ""emails"": [], ""phones"": [], ""ip_addresses"": [], ""crypto_wallets"": []}",Three Drug Dealers Sentenced to Federal Prison for Trafficking More Than 69 Kilograms of Illegal Substances,Three Ohio men have been sentenced to prison for their roles in a conspiracy to traffic dangerous and illegal drugs throughout Greater Cleveland.,Three Ohio men have been sentenced to prison for their roles in a conspiracy to traffic dangerous and illegal drugs throughout Greater Cleveland.,https://www.fbi.gov/contact-us/field-offices/cleveland/news/three-drug-dealers-sentenced-to-federal-prison-for-trafficking-more-than-69-kilograms-of-illegal-substances,145
afbfc27f8c8908,2026-03-04,2026,3,FBI - National,"[""other""]","{""urls"": [], ""domains"": [], ""emails"": [], ""phones"": [], ""ip_addresses"": [], ""crypto_wallets"": []}",York County Man Sentenced to 30 Years in Prison for Production of Child Pornography and Enticement of a Minor to Engage in Illegal Sexual Activity,Jonah Allen Sassam Watt was sentenced to 30 years in federal prison for charges related to the production of child pornography and for his online enticement of minors.,Jonah Allen Sassam Watt was sentenced to 30 years in federal prison for charges related to the production of child pornography and for his online enticement of minors.,https://www.fbi.gov/contact-us/field-offices/philadelphia/news/york-county-man-sentenced-to-30-years-in-prison-for-production-of-child-pornography-and-enticement-of-a-minor-to-engage-in-illegal-sexual-activity,167
9771794edf8103,2026-03-04,2026,3,FBI - National,"[""other""]","{""urls"": [], ""domains"": [], ""emails"": [], ""phones"": [], ""ip_addresses"": [], ""crypto_wallets"": []}",Luzerne County Woman Sentenced to 15 Months in Federal Prison for Wire Fraud Scheme,"Gail Nossavage, age 62, of Harding, Pennsylvania, was sentenced to 15 months in federal prison for one count of wire fraud.","Gail Nossavage, age 62, of Harding, Pennsylvania, was sentenced to 15 months in federal prison for one count of wire fraud.",https://www.fbi.gov/contact-us/field-offices/philadelphia/news/luzerne-county-woman-sentenced-to-15-months-in-federal-prison-for-wire-fraud-scheme,123
b2f7e72e829902,2026-03-04,2026,3,FBI - National,"[""other""]","{""urls"": [], ""domains"": [], ""emails"": [], ""phones"": [], ""ip_addresses"": [], ""crypto_wallets"": []}",Okmulgee County Resident Sentenced for Robbery,"Darin Treyvon Miles, 22, of Okmulgee, Oklahoma, was sentenced to 84 months in prison for one count of robbery in Indian Country.","Darin Treyvon Miles, 22, of Okmulgee, Oklahoma, was sentenced to 84 months in prison for one count of robbery in Indian Country.",https://www.fbi.gov/contact-us/field-offices/oklahomacity/news/okmulgee-county-resident-sentenced-for-robbery,128
0d7b028e69ac54,2026-03-04,2026,3,FBI - National,"[""other""]","{""urls"": [], ""domains"": [], ""emails"": [], ""phones"": [], ""ip_addresses"": [], ""crypto_wallets"": []}",Harrison County Man Indicted on Charges of Threatening the President and ICE,"A Clarksburg, West Virginia, man has been federally charged with making threats against President Donald J. Trump and Immigrations and Customs Enforcement (ICE) agents.","A Clarksburg, West Virginia, man has been federally charged with making threats against President Donald J. Trump and Immigrations and Customs Enforcement (ICE) agents.",https://www.fbi.gov/contact-us/field-offices/pittsburgh/news/harrison-county-man-indicted-on-charges-of-threatening-the-president-and-ice,168
930d048b2e8612,2026-03-04,2026,3,FBI - National,"[""other""]","{""urls"": [], ""domains"": [], ""emails"": [], ""phones"": [], ""ip_addresses"": [], ""crypto_wallets"": []}",Bangor Woman Pleads Guilty to Bank Fraud Conspiracy,"Nichole Kelley, 46, of Bangor, pleaded guilty in U.S. District Court in Bangor to conspiracy to commit bank fraud.","Nichole Kelley, 46, of Bangor, pleaded guilty in U.S. District Court in Bangor to conspiracy to commit bank fraud.",https://www.fbi.gov/contact-us/field-offices/boston/news/bangor-woman-pleads-guilty-to-bank-fraud-conspiracy,114
3e486cdcaa7c51,2026-03-04,2026,3,FBI - National,"[""other""]","{""urls"": [], ""domains"": [], ""emails"": [], ""phones"": [], ""ip_addresses"": [], ""crypto_wallets"": []}",Extradited Honduran Man Sentenced to Five Years in Federal Prison for Fentanyl Trafficking,A Honduran national who was extradited to the United States to face fentanyl trafficking charges has been sentenced to 60 months in federal prison.,A Honduran national who was extradited to the United States to face fentanyl trafficking charges has been sentenced to 60 months in federal prison.,https://www.fbi.gov/contact-us/field-offices/sanfrancisco/news/extradited-honduran-man-sentenced-to-five-years-in-federal-prison-for-fentanyl-trafficking,147
1e116b335da949,2026-03-04,2026,3,FBI - National,"[""other""]","{""urls"": [], ""domains"": [], ""emails"": [], ""phones"": [], ""ip_addresses"": [], ""crypto_wallets"": []}",Founder of Acton-Based Animal Welfare Organization Arrested on Federal Charge that He Plotted Former Employee’s Kidnapping,"Leo Grillo, 77, of Acton, is charged with attempted kidnapping, a felony that carries a statutory maximum sentence of 20 years in federal prison.","Leo Grillo, 77, of Acton, is charged with attempted kidnapping, a felony that carries a statutory maximum sentence of 20 years in federal prison.",https://www.fbi.gov/contact-us/field-offices/losangeles/news/founder-of-acton-based-animal-welfare-organization-arrested-on-federal-charge-that-he-plotted-former-employees-kidnapping,145
617afda1b1df65,2026-03-04,2026,3,FBI - National,"[""other""]","{""urls"": [], ""domains"": [], ""emails"": [], ""phones"": [], ""ip_addresses"": [], ""crypto_wallets"": []}",Hacienda Heights Man Arrested and Charged with Running Dog Fighting Venture and with Illegal Firearms Possession,A Hacienda Heights man was arrested on a federal criminal complaint charging him with hosting dog fights.,A Hacienda Heights man was arrested on a federal criminal complaint charging him with hosting dog fights.,https://www.fbi.gov/contact-us/field-offices/losangeles/news/hacienda-heights-man-arrested-and-charged-with-running-dog-fighting-venture-and-with-illegal-firearms-possession,105
f0023017bbe3bf,2026-03-04,2026,3,FBI - National,"[""other""]","{""urls"": [], ""domains"": [], ""emails"": [], ""phones"": [], ""ip_addresses"": [], ""crypto_wallets"": []}",Mother Sentenced to 17 Years in Federal Prison for Fraud Scheme Involving Quadriplegic Son,"A Lubbock woman was sentenced to 17 years in federal prison for fraudulently obtaining, forging, and cashing Texas Medicaid checks.","A Lubbock woman was sentenced to 17 years in federal prison for fraudulently obtaining, forging, and cashing Texas Medicaid checks.",https://www.fbi.gov/contact-us/field-offices/dallas/news/mother-sentenced-to-17-years-in-federal-prison-for-fraud-scheme-involving-quadriplegic-son,131
bb209ce8fc1f59,2026-03-04,2026,3,FBI - National,"[""other""]","{""urls"": [], ""domains"": [], ""emails"": [], ""phones"": [], ""ip_addresses"": [], ""crypto_wallets"": []}",Ex-Amazon Employee and Associates Sentenced in Multimillion-Dollar Fraud Scheme,Three Phoenix area men were recently sentenced for their roles in a sophisticated fraud scheme against Amazon.,Three Phoenix area men were recently sentenced for their roles in a sophisticated fraud scheme against Amazon.,https://www.fbi.gov/contact-us/field-offices/phoenix/news/ex-amazon-employee-and-associates-sentenced-in-multi-million-dollar-fraud-scheme,110
32614eb6823230,2026-03-04,2026,3,FBI - National,"[""other""]","{""urls"": [], ""domains"": [], ""emails"": [], ""phones"": [], ""ip_addresses"": [], ""crypto_wallets"": []}",Iowa Man Charged with Sex Abuse Occurring on the Meskwaki Settlement,"Johnathan Paul Creason, age 20, from Norwalk, Iowa, has been charged with one count of sex abuse occurring on the Meskwaki Settlement.­","Johnathan Paul Creason, age 20, from Norwalk, Iowa, has been charged with one count of sex abuse occurring on the Meskwaki Settlement.­",https://www.fbi.gov/contact-us/field-offices/omaha/news/iowa-man-charged-with-sex-abuse-occurring-on-the-meskwaki-settlement,135
2c544aa086d20b,2026-03-04,2026,3,FBI - National,"[""other""]","{""urls"": [], ""domains"": [], ""emails"": [], ""phones"": [], ""ip_addresses"": [], ""crypto_wallets"": []}",United States Leads Dismantlement of One of the World’s Largest Hacker Forums,"The Department of Justice announced the seizure of the LeakBase database, one of the world’s largest online forums for cybercriminals to sell stolen data.","The Department of Justice announced the seizure of the LeakBase database, one of the world’s largest online forums for cybercriminals to sell stolen data.",https://www.fbi.gov/contact-us/field-offices/saltlakecity/news/united-states-leads-dismantlement-of-one-of-the-worlds-largest-hacker-forums,154
daff153fb88244,2026-03-04,2026,3,FBI - National,"[""other""]","{""urls"": [], ""domains"": [], ""emails"": [], ""phones"": [], ""ip_addresses"": [], ""crypto_wallets"": []}",Lubbock Chapter President of the Bandidos Motorcycle Club Charged with Methamphetamine Distribution,"Steven Glenn Ryals, president of the Bandidos Motorcycle Club, was charged for his role in possessing large quantities of methamphetamine for distribution.","Steven Glenn Ryals, president of the Bandidos Motorcycle Club, was charged for his role in possessing large quantities of methamphetamine for distribution.",https://www.fbi.gov/contact-us/field-offices/dallas/news/lubbock-chapter-president-of-the-bandidos-motorcycle-club-charged-with-methamphetamine-distribution,155
edeb392aa54582,2026-03-03,2026,3,FBI - National,"[""other""]","{""urls"": [], ""domains"": [], ""emails"": [], ""phones"": [], ""ip_addresses"": [], ""crypto_wallets"": []}",Four Operation Mobile Order Defendants Sentenced to Prison,Four defendants were sentenced to prison after the FBI’s two-year Operation Mobile Order investigation uncovered their Macon-based armed drug trafficking network.,Four defendants were sentenced to prison after the FBI’s two-year Operation Mobile Order investigation uncovered their Macon-based armed drug trafficking network.,https://www.fbi.gov/contact-us/field-offices/atlanta/news/four-operation-mobile-order-defendants-sentenced-to-prison,162
065c409a4152c2,2026-03-03,2026,3,FBI - National,"[""other""]","{""urls"": [], ""domains"": [], ""emails"": [], ""phones"": [], ""ip_addresses"": [], ""crypto_wallets"": []}",Farmington Resident Pleads Guilty to Distributing and Possessing Child Sexual Abuse Material,"Nathan Fike, a resident of Farmington, Pennsylvania, pleaded guilty in federal court to charges of violating federal laws regarding the sexual exploitation of a minor.","Nathan Fike, a resident of Farmington, Pennsylvania, pleaded guilty in federal court to charges of violating federal laws regarding the sexual exploitation of a minor.",https://www.fbi.gov/contact-us/field-offices/pittsburgh/news/farmington-resident-pleads-guilty-to-distributing-and-possessing-child-sexual-abuse-material,167
5d37445c0abde6,2026-03-03,2026,3,FBI - National,"[""other""]","{""urls"": [], ""domains"": [], ""emails"": [], ""phones"": [], ""ip_addresses"": [], ""crypto_wallets"": []}",Operation Winter SHIELD: FBI Philadelphia on Protecting the Transportation and Logistics,FBI Philadelphia is highlighting a different industry and the vital cybersecurity defenses they can utilize to protect themselves and the critical systems our communities rely on.,FBI Philadelphia is highlighting a different industry and the vital cybersecurity defenses they can utilize to protect themselves and the critical systems our communities rely on.,https://www.fbi.gov/contact-us/field-offices/philadelphia/news/operation-winter-shield-fbi-philadelphia-on-protecting-the-transportation-and-logistics,179
7331a79ec1a0f4,2026-03-03,2026,3,FBI - National,"[""other""]","{""urls"": [], ""domains"": [], ""emails"": [], ""phones"": [], ""ip_addresses"": [], ""crypto_wallets"": []}",Kentucky Man Sentenced to Prison for Fentanyl Crime,"Kody D. Harless, 28, of Tomahawk, Kentucky, was sentenced to eight years and 10 months in prison for possession with intent to distribute a quantity of fentanyl.","Kody D. Harless, 28, of Tomahawk, Kentucky, was sentenced to eight years and 10 months in prison for possession with intent to distribute a quantity of fentanyl.",https://www.fbi.gov/contact-us/field-offices/pittsburgh/news/kentucky-man-sentenced-to-prison-for-fentanyl-crime,161
33a9efa712a041,2026-03-03,2026,3,FBI - National,"[""other""]","{""urls"": [], ""domains"": [], ""emails"": [], ""phones"": [], ""ip_addresses"": [], ""crypto_wallets"": []}",Jacksonville Marketing Company Owner Pleads Guilty to Conspiring to Defraud Medicare and Medicaid in the Provision of HIV Prophylactic Medications,"Jonathan Simeon Gholston, 35, of Jacksonville, has pleaded guilty to conspiring to receive kickbacks in return for the referral of Medicare and Medicaid beneficiaries.","Jonathan Simeon Gholston, 35, of Jacksonville, has pleaded guilty to conspiring to receive kickbacks in return for the referral of Medicare and Medicaid beneficiaries.",https://www.fbi.gov/contact-us/field-offices/jacksonville/news/jacksonville-marketing-company-owner-pleads-guilty-to-conspiring-to-defraud-medicare-and-medicaid-in-the-provision-of-hiv-prophylactic-medications,167
c9ad29caa1c242,2026-03-03,2026,3,FBI - National,"[""other""]","{""urls"": [], ""domains"": [], ""emails"": [], ""phones"": [], ""ip_addresses"": [], ""crypto_wallets"": []}",Ohio Man Pleads Guilty to Cocaine and Methamphetamine Trafficking,"A former resident of Youngstown, Ohio, pleaded guilty in federal court on March 2, 2026, to a charge of cocaine and methamphetamine trafficking.","A former resident of Youngstown, Ohio, pleaded guilty in federal court on March 2, 2026, to a charge of cocaine and methamphetamine trafficking.",https://www.fbi.gov/contact-us/field-offices/pittsburgh/news/ohio-man-pleads-guilty-to-cocaine-and-methamphetamine-trafficking,144
42cb05fc1606a5,2026-03-03,2026,3,FBI - National,"[""other""]","{""urls"": [], ""domains"": [], ""emails"": [], ""phones"": [], ""ip_addresses"": [], ""crypto_wallets"": []}",Indiana Man Who Targeted a Local Christian Church for Vandalism Sentenced to Federal Prison,"Steven James Perkinson, 21, of Plainfield, has been sentenced to 10 months in federal prison for the intentional damage to religious property and making a false statement to an agency of the United States.","Steven James Perkinson, 21, of Plainfield, has been sentenced to 10 months in federal prison for the intentional damage to religious property and making a false statement to an agency of the United States.",https://www.fbi.gov/contact-us/field-offices/indianapolis/news/indiana-man-who-targeted-a-local-christian-church-for-vandalism-sentenced-to-federal-prison,205
fdea61e79b853f,2026-03-03,2026,3,FBI - National,"[""other""]","{""urls"": [], ""domains"": [], ""emails"": [], ""phones"": [], ""ip_addresses"": [], ""crypto_wallets"": []}","Texas Man Sentenced for Monopolizing International Transit Industry, Fixing Prices, and Extorting Competitors",Roberto Garcia Villarreal of San Benito has been sentenced to prison and must pay a substantial fine for his role in a violent conspiracy to monopolize the transmigrante forwarding agency industry in the Los Indios border region near Harlingen and Brownsville.,Roberto Garcia Villarreal of San Benito has been sentenced to prison and must pay a substantial fine for his role in a violent conspiracy to monopolize the transmigrante forwarding agency industry in the Los Indios border region near Harlingen and Brownsville.,https://www.fbi.gov/contact-us/field-offices/sanantonio/news/another-sentenced-monopolizing-international-transit-industry-fixing-prices-and,260
0966fcc814eb61,2026-03-03,2026,3,FBI - National,"[""other""]","{""urls"": [], ""domains"": [], ""emails"": [], ""phones"": [], ""ip_addresses"": [], ""crypto_wallets"": []}",Former Passaic County Correctional Officer Sentenced to 17 Months in Prison for Civil Rights Violation and Conspiracy to Obstruct Justice in Connection with Assault of Pretrial Detainee,A former Passaic County Correctional Officer was sentenced for his role in assaulting a pretrial detainee and conspiring to obstruct justice.,A former Passaic County Correctional Officer was sentenced for his role in assaulting a pretrial detainee and conspiring to obstruct justice.,https://www.fbi.gov/contact-us/field-offices/newark/news/former-passaic-county-correctional-officer-sentenced-to-17-months-in-prison-for-civil-rights-violation-and-conspiracy-to-obstruct-justice-in-connection-with-assault-of-pretrial-detainee,141
490741058245f5,2026-03-03,2026,3,FBI - National,"[""other""]","{""urls"": [], ""domains"": [], ""emails"": [], ""phones"": [], ""ip_addresses"": [], ""crypto_wallets"": []}",Lynchburg Store Owner Pleads Guilty to Federal Food Stamp Fraud,"The owner of Taste of India, a medium-sized grocery store in Lynchburg, pleaded guilty to federal food stamp fraud and other charges.","The owner of Taste of India, a medium-sized grocery store in Lynchburg, pleaded guilty to federal food stamp fraud and other charges.",https://www.fbi.gov/contact-us/field-offices/richmond/news/lynchburg-store-owner-pleads-guilty-to-federal-food-stamp-fraud,133
d08f5c331b96eb,2026-03-03,2026,3,FBI - National,"[""other""]","{""urls"": [], ""domains"": [], ""emails"": [], ""phones"": [], ""ip_addresses"": [], ""crypto_wallets"": []}",Huntington Man Sentenced to Prison for Child Pornography Crime,"Konnor Wolfe Lyons, 35, of Huntington, was sentenced to five years in prison for receipt or attempted receipt of child pornography.","Konnor Wolfe Lyons, 35, of Huntington, was sentenced to five years in prison for receipt or attempted receipt of child pornography.",https://www.fbi.gov/contact-us/field-offices/pittsburgh/news/huntington-man-sentenced-to-prison-for-child-pornography-crime-2,131
84db0feecfc0aa,2026-03-03,2026,3,FBI - National,"[""other""]","{""urls"": [], ""domains"": [], ""emails"": [], ""phones"": [], ""ip_addresses"": [], ""crypto_wallets"": []}",Alleged Tren de Aragua Gang Members Charged in Connection with ATM Jackpotting Scheme,"Two Venezuelan nationals, alleged to be members of the violent transnational criminal organization Tren De Aragua, have been charged in connection with an ATM jackpotting conspiracy.","Two Venezuelan nationals, alleged to be members of the violent transnational criminal organization Tren De Aragua, have been charged in connection with an ATM jackpotting conspiracy.",https://www.fbi.gov/contact-us/field-offices/boston/news/alleged-tren-de-aragua-gang-members-charged-in-connection-with-atm-jackpotting-scheme,182
c0c22881912e50,2026-03-03,2026,3,FBI - National,"[""other""]","{""urls"": [], ""domains"": [], ""emails"": [], ""phones"": [], ""ip_addresses"": [], ""crypto_wallets"": []}",Indictment Charges Investment Advisor with Defrauding Financial Services Companies of $3.3 Million,"Andrew M. Komarow, 36, of Avon, was charged with offenses related to his alleged defrauding of three financial services companies of approximately $3.3 million.","Andrew M. Komarow, 36, of Avon, was charged with offenses related to his alleged defrauding of three financial services companies of approximately $3.3 million.",https://www.fbi.gov/contact-us/field-offices/newhaven/news/indictment-charges-investment-advisor-with-defrauding-financial-services-companies-of-33-million,160
8082257232271c,2026-03-03,2026,3,FBI - National,"[""other""]","{""urls"": [], ""domains"": [], ""emails"": [], ""phones"": [], ""ip_addresses"": [], ""crypto_wallets"": []}",Federal Jury Finds Former San Diego County Sheriff’s Deputy Guilty in Fatal Shooting of Unarmed Fleeing Arrestee,Former San Diego County Sheriff’s Deputy Aaron Richard Russell was convicted in the fatal shooting of a 36-year-old unarmed man who was shot four times.,Former San Diego County Sheriff’s Deputy Aaron Richard Russell was convicted in the fatal shooting of a 36-year-old unarmed man who was shot four times.,https://www.fbi.gov/contact-us/field-offices/sandiego/news/federal-jury-finds-former-san-diego-county-sheriffs-deputy-guilty-in-fatal-shooting-of-unarmed-fleeing-arrestee,152
8123ace894a043,2026-03-03,2026,3,FBI - National,"[""other""]","{""urls"": [], ""domains"": [], ""emails"": [], ""phones"": [], ""ip_addresses"": [], ""crypto_wallets"": []}","Alleged Boss of Violent Sinaloa Cartel Indicted on Drug, Firearm, and Material Support of Terrorism Charges","A federal grand jury in Chicago has indicted an alleged boss of the violent Sinaloa Cartel in Mexico on drug, firearm, and material support of terrorism charges.","A federal grand jury in Chicago has indicted an alleged boss of the violent Sinaloa Cartel in Mexico on drug, firearm, and material support of terrorism charges.",https://www.fbi.gov/contact-us/field-offices/sandiego/news/alleged-boss-of-violent-sinaloa-cartel-indicted-on-drug-firearm-and-material-support-of-terrorism-charges,161
bca0bd54c0b828,2026-03-03,2026,3,FBI - National,"[""other""]","{""urls"": [], ""domains"": [], ""emails"": [], ""phones"": [], ""ip_addresses"": [], ""crypto_wallets"": []}",Tucson Man Who Shot at Air and Marine Operations Helicopter Indicted for Attempted Murder of a Federal Officer,"A federal grand jury in Tucson returned a five-count indictment against Patrick Gary Schlegel, 34, of Tucson, Arizona, for violent crimes against a federal officer.","A federal grand jury in Tucson returned a five-count indictment against Patrick Gary Schlegel, 34, of Tucson, Arizona, for violent crimes against a federal officer.",https://www.fbi.gov/contact-us/field-offices/phoenix/news/tucson-man-who-shot-at-air-and-marine-operations-helicopter-indicted-for-attempted-murder-of-a-federal-officer,164
d163c29041d27f,2026-03-03,2026,3,FBI - National,"[""other""]","{""urls"": [], ""domains"": [], ""emails"": [], ""phones"": [], ""ip_addresses"": [], ""crypto_wallets"": []}",Two Cincinnati Men Involved in Mass Shooting Now Face Federal Charges,Two Cincinnati men previously arrested on local charges related to a shooting on March 1 at Riverfront Live now face federal charges.,Two Cincinnati men previously arrested on local charges related to a shooting on March 1 at Riverfront Live now face federal charges.,https://www.fbi.gov/contact-us/field-offices/cincinnati/news/two-cincinnati-men-involved-in-mass-shooting-now-face-federal-charges,133
889f9cf122662d,2026-03-03,2026,3,FBI - National,"[""other""]","{""urls"": [], ""domains"": [], ""emails"": [], ""phones"": [], ""ip_addresses"": [], ""crypto_wallets"": []}",Former Navy Petty Officer Sentenced to Over Eight Years in Federal Prison for Possession of Violent Child Pornography,"Rumaldo Valdez, 22, a former Navy Petty Officer Third Class stationed on Oahu, was sentenced 97 months in prison for possessing child pornography.","Rumaldo Valdez, 22, a former Navy Petty Officer Third Class stationed on Oahu, was sentenced 97 months in prison for possessing child pornography.",https://www.fbi.gov/contact-us/field-offices/honolulu/news/former-navy-petty-officer-sentenced-to-over-eight-years-in-federal-prison-for-possession-of-violent-child-pornography,146
ffa875229bbce8,2026-03-03,2026,3,FBI - National,"[""other""]","{""urls"": [], ""domains"": [], ""emails"": [], ""phones"": [], ""ip_addresses"": [], ""crypto_wallets"": []}","Dover Man Sentenced to Federal Prison After Defrauding Bank Out of More Than $800,000","Timothy Abercrombie, 43, of Dover, Oklahoma, has been sentenced to serve 18 months in federal prison for committing bank fraud.","Timothy Abercrombie, 43, of Dover, Oklahoma, has been sentenced to serve 18 months in federal prison for committing bank fraud.",https://www.fbi.gov/contact-us/field-offices/oklahomacity/news/dover-man-sentenced-to-federal-prison-after-defrauding-bank-out-of-more-than-800000,127
862a1f37e44b46,2026-03-03,2026,3,FBI - National,"[""other""]","{""urls"": [], ""domains"": [], ""emails"": [], ""phones"": [], ""ip_addresses"": [], ""crypto_wallets"": []}",Pearl River Man Pleads Guilty to Distribution of Methamphetamine on the Choctaw Indian Reservation,A tribal member pleaded guilty to the charge of possession of methamphetamine with the intent to distribute on the Choctaw Indian Reservation.,A tribal member pleaded guilty to the charge of possession of methamphetamine with the intent to distribute on the Choctaw Indian Reservation.,https://www.fbi.gov/contact-us/field-offices/jackson/news/pearl-river-man-pleads-guilty-to-distribution-of-methamphetamine-on-the-choctaw-indian-reservation,142
aa3451ecea3164,2026-03-03,2026,3,FBI - National,"[""other""]","{""urls"": [], ""domains"": [], ""emails"": [], ""phones"": [], ""ip_addresses"": [], ""crypto_wallets"": []}",Springfield Man Sentenced to Over 12 Years in Prison for Federal Hate Crime Violation,"A Springfield, Oregon, man was sentenced to federal prison for a federal hate crime after assaulting a victim on the basis of their sexual orientation.","A Springfield, Oregon, man was sentenced to federal prison for a federal hate crime after assaulting a victim on the basis of their sexual orientation.",https://www.fbi.gov/contact-us/field-offices/portland/news/springfield-man-sentenced-to-over-12-years-in-prison-for-federal-hate-crime-violation,151
9343d8da9d0eb6,2026-03-03,2026,3,FBI - National,"[""other""]","{""urls"": [], ""domains"": [], ""emails"": [], ""phones"": [], ""ip_addresses"": [], ""crypto_wallets"": []}",Illegal Alien Sentenced to Serve More Than Six Years in Federal Prison After Injuring ICE Officer While Fleeing From Traffic Stop,"Jose Melgar-Rivas, 35, of Honduras, has been sentenced to serve 78 months in federal prison for assaulting, resisting, or impeding a U.S. ICE officer.","Jose Melgar-Rivas, 35, of Honduras, has been sentenced to serve 78 months in federal prison for assaulting, resisting, or impeding a U.S. ICE officer.",https://www.fbi.gov/contact-us/field-offices/oklahomacity/news/illegal-alien-sentenced-to-serve-more-than-six-years-in-federal-prison-after-injuring-ice-officer-while-fleeing-from-traffic-stop,150
2e7433c9799f5b,2026-03-03,2026,3,FBI - National,"[""other""]","{""urls"": [], ""domains"": [], ""emails"": [], ""phones"": [], ""ip_addresses"": [], ""crypto_wallets"": []}",Former Philadelphia Nonprofit Executive Pleads Guilty to Fraud and Money Laundering Charges Involving $1.6 Million,John A. Miller pleaded guilty to one count of wire fraud and one count of engaging in a monetary transaction involving criminally derived property.,John A. Miller pleaded guilty to one count of wire fraud and one count of engaging in a monetary transaction involving criminally derived property.,https://www.fbi.gov/contact-us/field-offices/philadelphia/news/former-philadelphia-nonprofit-executive-pleads-guilty-to-fraud-and-money-laundering-charges-involving-16-million,147
30a719ed91edb9,2026-03-03,2026,3,FBI - National,"[""other""]","{""urls"": [], ""domains"": [], ""emails"": [], ""phones"": [], ""ip_addresses"": [], ""crypto_wallets"": []}",Roanoke Man Sentenced for Possessing Child Sexual Exploitation Material,"Christopher Allan Johnson of Roanoke, who used the Kik social media app to send three videos containing child sexual exploitation material, was sentenced to 40 months in prison.","Christopher Allan Johnson of Roanoke, who used the Kik social media app to send three videos containing child sexual exploitation material, was sentenced to 40 months in prison.",https://www.fbi.gov/contact-us/field-offices/richmond/news/roanoke-man-sentenced-for-possessing-child-sexual-exploitation-material,177
9502afbbcdacb3,2026-03-03,2026,3,FBI - National,"[""other""]","{""urls"": [], ""domains"": [], ""emails"": [], ""phones"": [], ""ip_addresses"": [], ""crypto_wallets"": []}","Byrd Gang Leader Sentenced to 360 Months for RICO Conspiracy, Heroin, Fentanyl Distribution Conspiracy, and Firearms Possession Conspiracy","Tim Jackson of New Orleans has been sentenced to 360 months in prison for a RICO conspiracy, drug trafficking conspiracy, and firearms conspiracy.","Tim Jackson of New Orleans has been sentenced to 360 months in prison for a RICO conspiracy, drug trafficking conspiracy, and firearms conspiracy.",https://www.fbi.gov/contact-us/field-offices/neworleans/news/byrd-gang-leader-sentenced-to-360-months-for-rico-conspiracy-heroin-fentanyl-distribution-conspiracy-and-firearms-possession-conspiracy,146
5db8e74d57522c,2026-03-03,2026,3,FBI - National,"[""other""]","{""urls"": [], ""domains"": [], ""emails"": [], ""phones"": [], ""ip_addresses"": [], ""crypto_wallets"": []}",Columbia Man Agrees to Plead Guilty to Hate Crime,"Jonathan Andrew Felkel, 34, of Columbia, has agreed to plead guilty to violating the housing rights of his black neighbor, J.M.","Jonathan Andrew Felkel, 34, of Columbia, has agreed to plead guilty to violating the housing rights of his black neighbor, J.M.",https://www.fbi.gov/contact-us/field-offices/columbia/news/columbia-man-agrees-to-plead-guilty-to-hate-crime,127
9d50b0160094b5,2026-03-03,2026,3,FBI - National,"[""other""]","{""urls"": [], ""domains"": [], ""emails"": [], ""phones"": [], ""ip_addresses"": [], ""crypto_wallets"": []}","One Fresno Resident Sentenced, One Pleads Guilty in Illegal Gun Possession Cases",U.S. Attorney Eric Grant announces a sentencing and a guilty plea in Fresno for two cases as part of Operation Take Back America.,U.S. Attorney Eric Grant announces a sentencing and a guilty plea in Fresno for two cases as part of Operation Take Back America.,https://www.fbi.gov/contact-us/field-offices/sacramento/news/one-fresno-resident-sentenced-one-pleads-guilty-in-illegal-gun-possession-cases,129
98ed55bc65e2eb,2026-03-03,2026,3,FBI - National,"[""other""]","{""urls"": [], ""domains"": [], ""emails"": [], ""phones"": [], ""ip_addresses"": [], ""crypto_wallets"": []}",Former Assistant Superintendent and Former IT Director of Patterson Joint Unified School District Sentenced to Prison for Stealing Approximately $1.5 Million in Embezzlement Scheme,"Jeffrey Menge, of Copperopolis, and Eric Drabert, of Modesto, were sentenced to 30 months and 18 months in prison, respectively, for theft concerning programs receiving federal funds","Jeffrey Menge, of Copperopolis, and Eric Drabert, of Modesto, were sentenced to 30 months and 18 months in prison, respectively, for theft concerning programs receiving federal funds",https://www.fbi.gov/contact-us/field-offices/sacramento/news/former-assistant-superintendent-and-former-it-director-of-patterson-joint-unified-school-district-sentenced-to-prison-for-stealing-approximately-15-million-in-embezzlement-scheme,182
b9121fd49a41d8,2026-03-02,2026,3,FBI - National,"[""other""]","{""urls"": [], ""domains"": [], ""emails"": [], ""phones"": [], ""ip_addresses"": [], ""crypto_wallets"": []}",Bond County Methamphetamine Dealer Sentenced to Federal Prison,A district court judge sentenced a Bond County man to 151 months in prison after he sold methamphetamine and engaged in a three-hour standoff with police.,A district court judge sentenced a Bond County man to 151 months in prison after he sold methamphetamine and engaged in a three-hour standoff with police.,https://www.fbi.gov/contact-us/field-offices/springfield/news/bond-county-meth-dealer-sentenced-to-federal-prison,154
722efd5da738eb,2026-03-02,2026,3,FBI - National,"[""other""]","{""urls"": [], ""domains"": [], ""emails"": [], ""phones"": [], ""ip_addresses"": [], ""crypto_wallets"": []}",Houston Man Gets 20 Years for Sex Trafficking Minor,Trevyeon Deshawn Prater of Houston has been ordered to federal prison after luring a minor away from her family and forcing her to engage in prostitution.,Trevyeon Deshawn Prater of Houston has been ordered to federal prison after luring a minor away from her family and forcing her to engage in prostitution.,https://www.fbi.gov/contact-us/field-offices/houston/news/houston-man-gets-20-years-for-sex-trafficking-minor,154
6311dd58f1447c,2026-03-02,2026,3,FBI - National,"[""other""]","{""urls"": [], ""domains"": [], ""emails"": [], ""phones"": [], ""ip_addresses"": [], ""crypto_wallets"": []}",Defendant Charged with Damaging the Brooklyn Headquarters of the Chabad-Lubavitch Movement,"Dan Sohail of Carteret, New Jersey, has been charged with intentionally damaging religious property, specifically the global headquarters for the Chabad-Lubavitch movement in Crown Heights, Brooklyn.","Dan Sohail of Carteret, New Jersey, has been charged with intentionally damaging religious property, specifically the global headquarters for the Chabad-Lubavitch movement in Crown Heights, Brooklyn.",https://www.fbi.gov/contact-us/field-offices/newyork/news/defendant-charged-damaging-brooklyn-headquarters-chabad-lubavitch-movement,199
