doc_id,date,published_year,published_month,source,fraud_tags,fraud_signals,title,url,body_1,body_short,body_length
0edf3435a639a2,2026-04-22,2026,4,FTC Consumer Advice - Consumer Alerts,"[""consumer_fraud"", ""identity_fraud""]","{""urls"": [], ""domains"": [], ""emails"": [], ""phones"": [], ""ip_addresses"": [], ""crypto_wallets"": []}","Say “no, thanks” to unexpected offers to lower your credit card interest rate",https://consumer.ftc.gov/consumer-alerts/2026/04/say-no-thanks-unexpected-offers-lower-your-credit-card-interest-rate,"If a company calls you unexpectedly and offers to help lower your credit card interest rate, say “no, thanks.” It’s probably a scammer hoping you’ll pay them for shortcuts that don’t really exist. Here’s how to spot and avoid scams that promise to help lower your credit card interest rate. Scammy debt relief companies promise to help reduce your debt, but what they really want is your money. They charge you an upfront fee before they help. But that’s illegal and along with getting little to no help, you could wind up in even more debt. Some scammers use information they already have — like the last four digits of your Social Security number, your zip code, or your exact credit card balance — to get you to trust them and share more information. Others say their rates are only available for a limited time, to rush you into deciding. This is all part of the scam. Follow these steps to avoid scams: Don’t share personal information with anyone who calls you unexpectedly. Once a scammer has your information , they might use it to commit other crimes. Never pay up front. It’s illegal for a debt relief company to charge you before they help you. That includes paying in advance for services to lower your credit card’s interest rate. Make a plan to avoid scams. Print this Action Plan and keep it nearby to help you spot the scams more easily and get real help if you need it. While there are no guarantees, you might be able to get a lower credit card interest rate by asking yourself. Contact your credit card company directly and ask how to qualify for a lower interest rate. Learn more about scams and identity theft at consumer.gov . If you spot a scam, tell the Federal Trade Commission at ReportFraud.ftc.gov .","If a company calls you unexpectedly and offers to help lower your credit card interest rate, say “no, thanks.” It’s probably a scammer hoping you’ll pay them for shortcuts that don’t really exist. Here’s how to spot and avoid scams that promise to help lower your credit card interest rate. Scammy debt relief companies promise to help reduce your debt, but what they really want is your money. They charge you an upfront fee before they help. But that’s illegal and along with getting little to no help, you could wind up in even more debt. Some scammers use information they already have — like the last four digits of your Social Security number, your zip code, or your exact credit card balance — to get you to trust them and share more information. Others say their rates are only available for a limited time, to rush you into deciding. This is all part of the scam. Follow these steps to avoid scams: Don’t share personal information with anyone who calls you unexpectedly. Once a scammer has ",1727
3eec08a585f798,2026-04-20,2026,4,FTC Consumer Advice - Consumer Alerts,"[""other""]","{""urls"": [], ""domains"": [], ""emails"": [], ""phones"": [], ""ip_addresses"": [], ""crypto_wallets"": []}",Did you buy tickets on StubHub between May 12-14 last year?,https://consumer.ftc.gov/consumer-alerts/2026/04/did-you-buy-tickets-stubhub-between-may-12-14-last-year,"If you bought tickets on StubHub between May 12 and 14, 2025, you may be getting some of your money back. The FTC recently sued the company for allegedly not displaying the total price (including mandatory fees) of live-event tickets it sold during those dates. And now, StubHub will pay $10 million in refunds to eligible customers. If you’re eligible, there’s no action you need to take. Eligible consumers will get an email notice from StubHub with additional information including a phone number and website. Within 90 days, StubHub will automatically refund certain fees to eligible consumers who bought tickets for live events in the U.S. between May 12 and 14, 2025. Anyone selling tickets to live events (or offering short-term lodging) has to be upfront and tell the truth about the fees they charge. If you think a company’s not playing by the rules, tell the FTC: ReportFraud.ftc.gov .","If you bought tickets on StubHub between May 12 and 14, 2025, you may be getting some of your money back. The FTC recently sued the company for allegedly not displaying the total price (including mandatory fees) of live-event tickets it sold during those dates. And now, StubHub will pay $10 million in refunds to eligible customers. If you’re eligible, there’s no action you need to take. Eligible consumers will get an email notice from StubHub with additional information including a phone number and website. Within 90 days, StubHub will automatically refund certain fees to eligible consumers who bought tickets for live events in the U.S. between May 12 and 14, 2025. Anyone selling tickets to live events (or offering short-term lodging) has to be upfront and tell the truth about the fees they charge. If you think a company’s not playing by the rules, tell the FTC: ReportFraud.ftc.gov .",896
35c3feb196131d,2026-04-16,2026,4,FTC Consumer Advice - Consumer Alerts,"[""consumer_fraud"", ""crypto_fraud""]","{""urls"": [], ""domains"": [], ""emails"": [], ""phones"": [], ""ip_addresses"": [], ""crypto_wallets"": []}","With people losing big to investment scams, learn how to spot and avoid them",https://consumer.ftc.gov/consumer-alerts/2026/04/people-losing-big-investment-scams-learn-how-spot-and-avoid-them,"You might be interested in making money through investments. Who isn’t? So offers that promise big returns might draw your attention…and scammers know this. They use those promises and clever schemes to lure you in and, unfortunately, people are losing big money on investment scams . In fact, FTC data shows reports of more than $7.9 billion in losses to investment scams, with a median individual loss of more than $10,000 in 2025. Do you know how to spot and avoid investment scams? Scammers might reach you through social media, WhatsApp, or through online ads, promising you’ll make a lot of money quickly. These messages might also come from a friend or love interest offering you “coaching” to learn how to make a fortune in stocks, forex, or cryptocurrency. After you invest, they’ll often say your investments are doing well, maybe even showing fake “proof” that you’re making money. The reality? The investment isn’t real and you end up losing all your money. To avoid an investment scam: Remember that investments always involve risk. If anyone plays down the risk of an investment or acts like risk disclosures are just a formality you don’t need to worry about, keep your money. Those are scammers who want you to think their opportunity is risk-free when it’s not. Check out the reputation of the investment company, its officials, and its promoters. Search online with their name plus words like “review,” “scam,” or “complaint.” Go through several pages of search results . Check for licenses and registrations. Many investment scams start with unlicensed people or unregistered firms, so use the free search tool on Investor.gov to check out anyone recommending or selling investments. For investments in precious metals or coins, check out the CFTC database . Report investment scams to the FTC at ReportFraud.ftc.gov .","You might be interested in making money through investments. Who isn’t? So offers that promise big returns might draw your attention…and scammers know this. They use those promises and clever schemes to lure you in and, unfortunately, people are losing big money on investment scams . In fact, FTC data shows reports of more than $7.9 billion in losses to investment scams, with a median individual loss of more than $10,000 in 2025. Do you know how to spot and avoid investment scams? Scammers might reach you through social media, WhatsApp, or through online ads, promising you’ll make a lot of money quickly. These messages might also come from a friend or love interest offering you “coaching” to learn how to make a fortune in stocks, forex, or cryptocurrency. After you invest, they’ll often say your investments are doing well, maybe even showing fake “proof” that you’re making money. The reality? The investment isn’t real and you end up losing all your money. To avoid an investment scam: R",1837
d977a725754187,2026-04-14,2026,4,FTC Consumer Advice - Consumer Alerts,"[""consumer_fraud"", ""cybercrime""]","{""urls"": [], ""domains"": [], ""emails"": [], ""phones"": [], ""ip_addresses"": [], ""crypto_wallets"": []}",That text about a traffic violation is probably a scam,https://consumer.ftc.gov/consumer-alerts/2026/04/text-about-traffic-violation-probably-scam,"Did you get a text with a picture of what looks like an official notice of a traffic hearing? You’re not alone. The FTC has seen a spike in reports about this text scam in the last month. It’s just the latest story of how scammers are trying to separate people from their money. Here’s how this scam works — and how to avoid it. It starts with a text message with a QR code. The message says you need to scan it to pay for a traffic violation to avoid court. The text might look official with a seal from whatever state it claims to be from and a (fake) case number. It’ll tell you when your (fake) hearing is scheduled — date and time — and will give you two options: go to the (fake) hearing, or pay the fine now. More on that in a minute. Scammers want you to act quickly, so the text will also list bad things that can happen if you don’t respond now: default judgements, fines, enforcement actions. All stuff to scare you into (supposedly) making it all go away by scanning the included QR code to settle your (fake) unpaid balance. If you scan it, they’ll try to steal personal information (like your Social Security or credit card number), download malware on your phone, and steal your money. If you get a text like this, don’t respond, and don’t scan the QR code. If you think the message might be real, check the court’s website for case information or call the court directly — but use a website or phone number you know is correct, not info from the text message. Already paid or gave your information to a scammer? Read What To Do if You Were Scammed to find out what to do next. And tell the FTC at ReportFraud.ftc.gov . Image","Did you get a text with a picture of what looks like an official notice of a traffic hearing? You’re not alone. The FTC has seen a spike in reports about this text scam in the last month. It’s just the latest story of how scammers are trying to separate people from their money. Here’s how this scam works — and how to avoid it. It starts with a text message with a QR code. The message says you need to scan it to pay for a traffic violation to avoid court. The text might look official with a seal from whatever state it claims to be from and a (fake) case number. It’ll tell you when your (fake) hearing is scheduled — date and time — and will give you two options: go to the (fake) hearing, or pay the fine now. More on that in a minute. Scammers want you to act quickly, so the text will also list bad things that can happen if you don’t respond now: default judgements, fines, enforcement actions. All stuff to scare you into (supposedly) making it all go away by scanning the included QR code ",1640
7bffc3ccacc9a9,2026-04-07,2026,4,FTC Consumer Advice - Consumer Alerts,"[""cybercrime""]","{""urls"": [], ""domains"": [], ""emails"": [], ""phones"": [], ""ip_addresses"": [], ""crypto_wallets"": []}",Got a text about expiring reward points? Look closer,https://consumer.ftc.gov/consumer-alerts/2026/04/got-text-about-expiring-reward-points-look-closer,"If you’re signed up for a rewards program, you may have gotten texts warning that your points are expiring soon. A message like that may catch your attention, but people are reporting to the FTC that some of those messages aren’t real — and come from scammers. So how can you tell which messages are real and which are phishing scams? Here’s how these scams work: Scammers say you need to click on a link to save your points or they’ll expire today. But if you click, they’ll try to steal your personal information (like your Social Security or credit card number) or download harmful software on your phone. If you get a text like this, resist the urge to click. Check it out first. Go to the company’s website or app, but find it yourself. Don’t use any links from the text. Then check your rewards points. Are they really expiring? Here are some other ways to protect yourself from phishing scams: Turn on filters on your phone . Adjust your settings, use carrier tools, or try a call-blocking app (some also help with texts) to limit how many unwanted texts you get. Update your phone’s software regularly . Updates often include critical patches and protections against security threats. These can come in handy if you accidentally do click on a phishing link. Report spam . Whether you have an Apple or Android phone, there are steps to report junk or spam.","If you’re signed up for a rewards program, you may have gotten texts warning that your points are expiring soon. A message like that may catch your attention, but people are reporting to the FTC that some of those messages aren’t real — and come from scammers. So how can you tell which messages are real and which are phishing scams? Here’s how these scams work: Scammers say you need to click on a link to save your points or they’ll expire today. But if you click, they’ll try to steal your personal information (like your Social Security or credit card number) or download harmful software on your phone. If you get a text like this, resist the urge to click. Check it out first. Go to the company’s website or app, but find it yourself. Don’t use any links from the text. Then check your rewards points. Are they really expiring? Here are some other ways to protect yourself from phishing scams: Turn on filters on your phone . Adjust your settings, use carrier tools, or try a call-blocking app",1363
ba77679d04bb8c,2026-04-02,2026,4,FTC Consumer Advice - Consumer Alerts,"[""consumer_fraud""]","{""urls"": [], ""domains"": [], ""emails"": [], ""phones"": [], ""ip_addresses"": [], ""crypto_wallets"": []}",Could that mortgage relief offer be a scam?,https://consumer.ftc.gov/consumer-alerts/2026/04/could-mortgage-relief-offer-be-scam,"Life happens and sometimes you end up with trouble paying your mortgage. Maybe you were affected by a natural disaster, lost your job, or got stuck with a bunch of medical bills after an illness. Then, suddenly, you get an unexpected call offering you mortgage relief. But could it be a scam? Mortgage assistance does exist, but scammers try to take advantage of homeowners looking to save their home. The scammers often call unexpectedly, promising to modify your mortgage or give you a way to avoid foreclosure — if you make a payment upfront. But don’t pay. It’s illegal for companies to charge a fee before you get any services. Anyone asking you to pay upfront is giving you a warning that you might be dealing with a mortgage relief scam . Here are more signs of that scam: Scammers tell you to stop communicating with your lender…but you always have the right to contact your lender directly to see if you have other options. Scammers want you to pay them only by cashier’s check, wire transfer , or a mobile payment app because it’s hard to get your money back. Scammers try to convince you to transfer the deed to your home to them. But if you do, you probably won’t get it back. Need help managing your debt? If you don’t have one already, start by making a budget . Use this worksheet to see if you can find ways to spend less money and put the savings towards paying off your debt. Call the companies you owe money to right away. Explain why you’re having trouble paying and ask for a payment plan. Find legitimate help from housing counselors if you’re having trouble paying your mortgage, or find a credit counselor to help make a plan to repay your debt. Tell the FTC about any mortgage relief scams you spot at ReportFraud.ftc.gov and your state attorney general .","Life happens and sometimes you end up with trouble paying your mortgage. Maybe you were affected by a natural disaster, lost your job, or got stuck with a bunch of medical bills after an illness. Then, suddenly, you get an unexpected call offering you mortgage relief. But could it be a scam? Mortgage assistance does exist, but scammers try to take advantage of homeowners looking to save their home. The scammers often call unexpectedly, promising to modify your mortgage or give you a way to avoid foreclosure — if you make a payment upfront. But don’t pay. It’s illegal for companies to charge a fee before you get any services. Anyone asking you to pay upfront is giving you a warning that you might be dealing with a mortgage relief scam . Here are more signs of that scam: Scammers tell you to stop communicating with your lender…but you always have the right to contact your lender directly to see if you have other options. Scammers want you to pay them only by cashier’s check, wire transfe",1780
c47c7e331650e4,2026-03-30,2026,3,FTC Consumer Advice - Consumer Alerts,"[""consumer_fraud"", ""cybercrime""]","{""urls"": [], ""domains"": [], ""emails"": [], ""phones"": [], ""ip_addresses"": [], ""crypto_wallets"": []}",How to handle unexpected calls about unclaimed funds,https://consumer.ftc.gov/consumer-alerts/2026/03/how-handle-unexpected-calls-about-unclaimed-funds,"Did you get a call or text saying you’re eligible for thousands of dollars in unclaimed property? Don’t get excited yet. It might be a scammer looking to steal your money or personal information. Here’s how to avoid that scam — and find out if a government agency has money, stocks, or another asset that belongs to you. When a scammer calls or texts you about unclaimed funds, they might use a real-sounding (but fake) government agency name. To get your attention, they might mention a specific amount you’re (supposedly) entitled to. But this is a phishing scam . If the caller says time is running out, or the text says they’ve extended the claim period just for you, that’s a scam. If the caller asks for personal information, or an upfront “processing” fee to release the funds, that’s a scam. The government won’t call or text and ask you to pay them to search for unclaimed funds. And they won’t pressure you to respond right away. Scammers play on your fear of missing out, hoping you’ll respond now and ask questions later. So, no matter what a call or text says about unclaimed funds: Don’t click links in unexpected texts. State unclaimed property programs won’t text you with alerts about unclaimed property — but a scammer will. Check out your state’s .gov website first. Every state has a process to search for unclaimed funds— for free. Go to unclaimed.org/search to find your state’s unclaimed property office. Report the scam. If you spot a phishing scam like this one, tell the FTC at ReportFraud.ftc.gov . Then, talk about it with a friend to help them spot the scam too. To stay up on the latest scams, get FTC’s Consumer Alerts delivered to your email inbox. Sign up at ftc.gov/ConsumerAlerts .","Did you get a call or text saying you’re eligible for thousands of dollars in unclaimed property? Don’t get excited yet. It might be a scammer looking to steal your money or personal information. Here’s how to avoid that scam — and find out if a government agency has money, stocks, or another asset that belongs to you. When a scammer calls or texts you about unclaimed funds, they might use a real-sounding (but fake) government agency name. To get your attention, they might mention a specific amount you’re (supposedly) entitled to. But this is a phishing scam . If the caller says time is running out, or the text says they’ve extended the claim period just for you, that’s a scam. If the caller asks for personal information, or an upfront “processing” fee to release the funds, that’s a scam. The government won’t call or text and ask you to pay them to search for unclaimed funds. And they won’t pressure you to respond right away. Scammers play on your fear of missing out, hoping you’ll res",1716
6914665190879b,2026-03-26,2026,3,FTC Consumer Advice - Consumer Alerts,"[""consumer_fraud""]","{""urls"": [], ""domains"": [], ""emails"": [], ""phones"": [], ""ip_addresses"": [], ""crypto_wallets"": []}",Looking for debt relief? Here’s how to avoid a scam,https://consumer.ftc.gov/consumer-alerts/2026/03/looking-debt-relief-heres-how-avoid-scam,"If you’re dealing with a lot of debt, you might be looking for help. Some companies oﬀer a range of free and paid services, like budget counseling and debt management classes. But others are dishonest and will take your money for the promise of getting rid of your debt — just to leave you even worse oﬀ. So, how can you avoid scams while you’re trying to pay off your debt? When it comes to debt relief services, only scammers will tell you to pay them upfront before they settle any of your debts or enter you into a debt management plan. And anyone that guarantees to settle all your debts or get you fast loan forgiveness is a scammer. So if you get an unexpected call or text oﬀering to settle your debts fast and asking you to share personal or financial information, that’s a sure sign of a scam. Don’t respond or share any information. If you’re in debt, there are ways to get real help. Here are some things to know: Reputable credit counseling organizations should send you free information about their services before you say anything about your situation. Look for an organization that will do a thorough review of your finances and won’t charge in advance for help it hasn’t given yet. Your local credit union, university, community college, or military personal financial manager might oﬀer low-cost credit counseling programs. Before you sign up, find out how much they’ll charge. Consumer.gov has information about steps to take yourself (like making a budget ) to help you get out of debt, get help when you’re in debt , and what to know if you’re getting calls from debt collectors . If you spot a debt relief scam, tell the FTC at ReportFraud.ftc.gov .","If you’re dealing with a lot of debt, you might be looking for help. Some companies oﬀer a range of free and paid services, like budget counseling and debt management classes. But others are dishonest and will take your money for the promise of getting rid of your debt — just to leave you even worse oﬀ. So, how can you avoid scams while you’re trying to pay off your debt? When it comes to debt relief services, only scammers will tell you to pay them upfront before they settle any of your debts or enter you into a debt management plan. And anyone that guarantees to settle all your debts or get you fast loan forgiveness is a scammer. So if you get an unexpected call or text oﬀering to settle your debts fast and asking you to share personal or financial information, that’s a sure sign of a scam. Don’t respond or share any information. If you’re in debt, there are ways to get real help. Here are some things to know: Reputable credit counseling organizations should send you free information",1671
c17a04aaf03086,2026-03-24,2026,3,FTC Consumer Advice - Consumer Alerts,"[""consumer_fraud"", ""crypto_fraud""]","{""urls"": [], ""domains"": [], ""emails"": [], ""phones"": [], ""ip_addresses"": [], ""crypto_wallets"": []}",How scammers are using the Iran conflict to try to steal your money and information,https://consumer.ftc.gov/consumer-alerts/2026/03/how-scammers-are-using-iran-conflict-try-steal-your-money-and-information,"With global attention focused on the conflict in Iran, it’s no surprise scammers have already added that situation to their story lines. Some recent reports to the FTC about imposter, romance, and fake charity scams include an Iran twist. The details change, but the scammer’s goal is always to trick you into paying or sharing your personal information. Here are some examples of these scams — and how to protect yourself. Scammers contact you unexpectedly about a fraudulent charge. The call or text appears to come from your bank or a company you know. They say they’ve detected charges from Iran on your account (a lie). They transfer you to someone who says they work for a government agency like the FTC (that’s another scammer) who convinces you to share your bank account information. But the truth is government agencies will never ask you to share financial information. Learn more at ftc.gov/imposters . Scammers pretending to be a friend or love interest in the military ask for money. Perhaps you’ve been chatting for a while with someone you met online. Now they tell you they’re deployed to Iran. Suddenly you get an urgent request to send them money — maybe because they can’t access their bank account or they have a medical emergency. But that’s when you know you’re likely dealing with a romance scam . Scammers create fake charities that sound and look official. They might claim to help people displaced or affected by the conflict in Iran and pressure you to donate in cash, gift cards , cryptocurrency , or wire transfers . Before you donate, go to ftc.gov/charity to learn how to research, what questions to ask, and how to spot a charity scam. Act right away if you think you’ve sent money or given your information to a scammer , and report them at ReportFraud.ftc.gov .","With global attention focused on the conflict in Iran, it’s no surprise scammers have already added that situation to their story lines. Some recent reports to the FTC about imposter, romance, and fake charity scams include an Iran twist. The details change, but the scammer’s goal is always to trick you into paying or sharing your personal information. Here are some examples of these scams — and how to protect yourself. Scammers contact you unexpectedly about a fraudulent charge. The call or text appears to come from your bank or a company you know. They say they’ve detected charges from Iran on your account (a lie). They transfer you to someone who says they work for a government agency like the FTC (that’s another scammer) who convinces you to share your bank account information. But the truth is government agencies will never ask you to share financial information. Learn more at ftc.gov/imposters . Scammers pretending to be a friend or love interest in the military ask for money. Pe",1796
c2a28a491677ea,2026-03-23,2026,3,FTC Consumer Advice - Consumer Alerts,"[""other""]","{""urls"": [], ""domains"": [], ""emails"": [], ""phones"": [], ""ip_addresses"": [], ""crypto_wallets"": []}",Do you have thoughts on rental fee-related regulations? Share them with the FTC,https://consumer.ftc.gov/consumer-alerts/2026/03/do-you-have-thoughts-rental-fee-related-regulations-share-them-ftc,"Many of us use or work with rental housing in some way. Maybe you have been — or are currently — a renter. Or maybe you own a rental property, operate a property management company, or otherwise work with or around rental housing. If any of that applies to you, the FTC wants to hear from you. The FTC is asking for public comments about whether a rule is needed to help prevent unfair or deceptive fee practices in rental housing. Have you ever had to pay an unexpected fee as a renter that wasn’t in the advertised rent? If you work in the rental housing industry, do you have experiences, information, or data to share about if or how a rule might make pricing more transparent, or level the playing field for competitors? Your comments will help the FTC identify unfair or deceptive rental fee practices, understand how common they are, analyze the potential costs or benefits of a rule, and evaluate alternatives to a rule or other potential actions to supplement the rulemaking. You have until April 13, 2026 to review and comment (online or in writing) on the proposed rule. Here’s the link to comment — we hope you’ll weigh in.","Many of us use or work with rental housing in some way. Maybe you have been — or are currently — a renter. Or maybe you own a rental property, operate a property management company, or otherwise work with or around rental housing. If any of that applies to you, the FTC wants to hear from you. The FTC is asking for public comments about whether a rule is needed to help prevent unfair or deceptive fee practices in rental housing. Have you ever had to pay an unexpected fee as a renter that wasn’t in the advertised rent? If you work in the rental housing industry, do you have experiences, information, or data to share about if or how a rule might make pricing more transparent, or level the playing field for competitors? Your comments will help the FTC identify unfair or deceptive rental fee practices, understand how common they are, analyze the potential costs or benefits of a rule, and evaluate alternatives to a rule or other potential actions to supplement the rulemaking. You have until ",1135
4ec62d1619d4ef,2026-03-18,2026,3,FTC Consumer Advice - Consumer Alerts,"[""other""]","{""urls"": [], ""domains"": [], ""emails"": [], ""phones"": [], ""ip_addresses"": [], ""crypto_wallets"": []}",Protecting franchisees: The FTC’s case against Xponential Fitness,https://consumer.ftc.gov/consumer-alerts/2026/03/protecting-franchisees-ftcs-case-against-xponential-fitness,"If you’re thinking about opening a franchise, you’re probably looking for things like name recognition, training, and support to help you grow your business. What you’re probably not looking for is for a franchisor to mislead you about the risks and costs of opening a franchise. That’s exactly what the FTC alleges Xponential Fitness (“Xponential”), one of the world’s largest franchisors of boutique fitness studios, did to prospective franchisees. Xponential sells franchises for several popular fitness studio brands including Club Pilates, Pure Barre, YogaSix, StretchLab, and BFT. The company has sold thousands of franchises globally and has approximately 2,500 studios currently operating in the U.S. With an initial fee averaging $45,000 — not to mention the tens of thousands of dollars required to build out and operate a studio — consumers who purchase a franchise from Xponential take on significant financial risk. In light of this risk, and to ensure that consumers looking to purchase a franchise can adequately compare potential investment opportunities, the FTC’s Franchise Rule requires sellers to provide clear and accurate information about the franchise opportunity, including information about the franchisor’s executives, the litigation and bankruptcy history for both the franchisor and its executives, and how long it takes for an Xponential franchise to get off the ground. In its complaint , the FTC alleges that over several years Xponential deceived potential franchisees by: Claiming that franchisees typically get their studios up and running within six months of signing the franchise agreement. In truth, the FTC alleges, it generally takes more than a year (if the franchise opens at all). Failing to disclose key details about Xponential’s executives and ongoing litigation (for example, that Xponential’s former CEO Anthony Geisler — who had been repeatedly sued for fraud — was involved in the sale or operation of franchises). Misreporting the names and contact information of franchisees whose studios had ceased operating within the past year. Failing to provide the legally required Franchise Disclosure Document at least 14 days before prospective franchisees sign the franchise agreement. As a result, prospective franchisees often agreed to expensive, long-term agreements — and to incur costs like rental payments on a studio, payroll, and more — without having received legally mandated, accurate, and complete information on the true risks and costs of opening an Xponential franchise. To settle allegations that Xponential violated the FTC Act and the FTC’s Franchise Rule, the company will pay $17 million to affected franchisees. Xponential is also prohibited from making misrepresentations to potential franchisees in the future. Do you franchise your business? Check out ftc.gov/franchise for everything you need to know about complying with the law and remember: Give potential franchisees accurate and complete information . Franchisors must provide prospective franchisees with a Franchise Disclosure Document that includes truthful information on, for example, the costs and risks of opening and operating a franchise. Provide disclosures on time . Franchisors must give prospective purchasers the accurate Franchise Disclosure Document at least 14 days before the prospect signs a contract or makes any payments to the franchisor. The FTC is monitoring the space . The agency will continue to act to protect American workers from those who disobey the law, in alignment with the FTC’s Labor Task Force launched by Chairman Andrew N. Ferguson in February 2025.","If you’re thinking about opening a franchise, you’re probably looking for things like name recognition, training, and support to help you grow your business. What you’re probably not looking for is for a franchisor to mislead you about the risks and costs of opening a franchise. That’s exactly what the FTC alleges Xponential Fitness (“Xponential”), one of the world’s largest franchisors of boutique fitness studios, did to prospective franchisees. Xponential sells franchises for several popular fitness studio brands including Club Pilates, Pure Barre, YogaSix, StretchLab, and BFT. The company has sold thousands of franchises globally and has approximately 2,500 studios currently operating in the U.S. With an initial fee averaging $45,000 — not to mention the tens of thousands of dollars required to build out and operate a studio — consumers who purchase a franchise from Xponential take on significant financial risk. In light of this risk, and to ensure that consumers looking to purchase",3617
361ed34a663a1d,2026-03-17,2026,3,FTC Consumer Advice - Consumer Alerts,"[""consumer_fraud""]","{""urls"": [], ""domains"": [], ""emails"": [], ""phones"": [], ""ip_addresses"": [], ""crypto_wallets"": []}",How to make your World Cup experience scam free,https://consumer.ftc.gov/consumer-alerts/2026/03/how-make-your-world-cup-experience-scam-free,"Excitement is reaching a fever pitch as the United States, Mexico, and Canada get ready to welcome thousands of fans for one of the most-watched sporting events on the planet — the FIFA World Cup! While die-hard fans are preparing to support their countrymen, scammers are looking to take advantage of the rush for tickets. Learn how to make your World Cup experience scam free. What to know about buying tickets FIFA’s random selection draw closed in January, but any remaining tickets will be for sale through FIFA.com/tickets and the FIFA app. Resale tickets are also for sale on FIFA's Resale/Exchange Marketplace and on third-party resale platforms. If you're considering buying from a third-party reseller, check out their policies to see what buyer protections or guarantees they offer. Look for answers to questions like: How will I get my tickets? When will I get my tickets? If something goes wrong with my tickets, will they help me get replacement tickets or give me a refund? How to avoid a scam Watch for copycat websites. Fraudsters use paid search results or social media to drive you to their scam websites. These hucksters may advertise fake tickets or sell the same seat to many people — an offense that definitely deserves a red card! Remember that most tickets will be delivered electronically through the FIFA app. Someone selling paper tickets or a screenshot is likely a scammer. If you’re a foreign traveler visiting the U.S., know where to get your travel documents. Scammers create websites that look like the U.S. State Department website and say they can help you get a visa, passport, or other travel documents. But they may charge high fees — or make you pay for services that are free. Check visa requirements on the official U.S. State Department website and learn to spot ESTA scams . And if you already bought tickets, consider using the FIFA Priority Appointment Scheduling System to expedite your visa interview. Report a scam If you see something you think could be a scam, report it to the FTC at ReportFraud.ftc.gov . Going to a match in Canada or Mexico? Learn more about attending the World Cup in Canada and in Mexico . And if you encounter a problem, report it to the Canadian Competition Bureau or to the Mexican consumer protection agency, PROFECO . Search Terms scam","Excitement is reaching a fever pitch as the United States, Mexico, and Canada get ready to welcome thousands of fans for one of the most-watched sporting events on the planet — the FIFA World Cup! While die-hard fans are preparing to support their countrymen, scammers are looking to take advantage of the rush for tickets. Learn how to make your World Cup experience scam free. What to know about buying tickets FIFA’s random selection draw closed in January, but any remaining tickets will be for sale through FIFA.com/tickets and the FIFA app. Resale tickets are also for sale on FIFA's Resale/Exchange Marketplace and on third-party resale platforms. If you're considering buying from a third-party reseller, check out their policies to see what buyer protections or guarantees they offer. Look for answers to questions like: How will I get my tickets? When will I get my tickets? If something goes wrong with my tickets, will they help me get replacement tickets or give me a refund? How to avoi",2313
2a10f3a0010e26,2026-03-12,2026,3,FTC Consumer Advice - Consumer Alerts,"[""other""]","{""urls"": [], ""domains"": [], ""emails"": [""info@nglrefund.com""], ""phones"": [""1-800-351-7161""], ""ip_addresses"": [], ""crypto_wallets"": []}",NGL Pro users charged without authorization can apply for a refund — deadline is April 6,https://consumer.ftc.gov/consumer-alerts/2026/03/ngl-pro-users-charged-without-authorization-can-apply-refund-deadline-april-6,"In July 2024, the company behind NGL, an anonymous messaging app, agreed to pay $4.5 million to settle charges that the company deceived its customers. The FTC urges affected NGL customers to apply for a refund before April 6, 2026. According to the FTC’s lawsuit, NGL told paid subscribers of the NGL Pro version of the app that they would pay a one-time fee. But the company instead charged many users a recurring weekly fee of up to $9.99 without their consent. If you paid for NGL Pro between January 2022 and July 2024 and were charged a recurring fee without authorization, you may be eligible for a refund. To apply online for a refund, visit the FTC’s NGL Settlement page at ftc.gov/ngl . You must be 18 to apply — if you’re not, ask a parent or guardian to apply for you. You must submit your claim by April 6, 2026 to be considered. Applying for a refund doesn’t guarantee you’ll get one. The FTC will review submitted claims to confirm eligibility. Individual refund amounts will depend on the total number of eligible claims submitted, among other factors. If you need help with your claim, contact the FTC’s claims administrator at 1-800-351-7161 or info@NGLRefund.com .","In July 2024, the company behind NGL, an anonymous messaging app, agreed to pay $4.5 million to settle charges that the company deceived its customers. The FTC urges affected NGL customers to apply for a refund before April 6, 2026. According to the FTC’s lawsuit, NGL told paid subscribers of the NGL Pro version of the app that they would pay a one-time fee. But the company instead charged many users a recurring weekly fee of up to $9.99 without their consent. If you paid for NGL Pro between January 2022 and July 2024 and were charged a recurring fee without authorization, you may be eligible for a refund. To apply online for a refund, visit the FTC’s NGL Settlement page at ftc.gov/ngl . You must be 18 to apply — if you’re not, ask a parent or guardian to apply for you. You must submit your claim by April 6, 2026 to be considered. Applying for a refund doesn’t guarantee you’ll get one. The FTC will review submitted claims to confirm eligibility. Individual refund amounts will depend on",1183
d838d3ba753c4a,2026-03-11,2026,3,FTC Consumer Advice - Consumer Alerts,"[""consumer_fraud""]","{""urls"": [], ""domains"": [], ""emails"": [], ""phones"": [""1-202-325-8000""], ""ip_addresses"": [], ""crypto_wallets"": []}",How to avoid scams while applying for ESTA,https://consumer.ftc.gov/consumer-alerts/2026/03/how-avoid-scams-while-applying-esta,"It’s that time of year when people start planning their spring and summer travels. If you have someone visiting you from another country (and they qualify for a visa waiver ), they’ll need to complete an Electronic System for Travel Authorization (ESTA) application through the official U.S. government website or app. To help them avoid a scam, be sure to let them know that they might come across ESTA lookalike sites trying to trick people into overpaying for the application. Here are some other things to share with visiting friends or family. The only place to apply is through the ESTA website or app . Scammers have copycat websites that will likely overcharge you and might not even submit your paperwork, leaving you without the travel documents you need to enter the United States. Apply through the official website: esta.cbp.dhs.gov . Lookalike sites often have similar names, so look closely at the URL. The ESTA application fee is nonrefundable. Applying for ESTA costs $10.27 and there are no refunds, whether you’re approved or not. Any website that charges you more to apply — or says you can get a refund — isn’t the real site. Know that, if your application is approved, you’ll pay an additional $30 fee…and the official ESTA website only accepts credit and debit cards or PayPal. If someone charges you more or asks you to pay a different way, that’s a scam. Application status information is online. Not sure if you used the right website? Confirm that ESTA has the right information and get your application status on the ESTA website status lookup page . For questions about your ESTA application, contact the U.S. Customs and Border Protection Traveler Communications Center at 1-202-325-8000. Spot an ESTA scam? Report it to the FTC at ReportFraud.ftc.gov .","It’s that time of year when people start planning their spring and summer travels. If you have someone visiting you from another country (and they qualify for a visa waiver ), they’ll need to complete an Electronic System for Travel Authorization (ESTA) application through the official U.S. government website or app. To help them avoid a scam, be sure to let them know that they might come across ESTA lookalike sites trying to trick people into overpaying for the application. Here are some other things to share with visiting friends or family. The only place to apply is through the ESTA website or app . Scammers have copycat websites that will likely overcharge you and might not even submit your paperwork, leaving you without the travel documents you need to enter the United States. Apply through the official website: esta.cbp.dhs.gov . Lookalike sites often have similar names, so look closely at the URL. The ESTA application fee is nonrefundable. Applying for ESTA costs $10.27 and ther",1783
61db1e63724126,2026-03-10,2026,3,FTC Consumer Advice - Consumer Alerts,"[""consumer_fraud""]","{""urls"": [], ""domains"": [], ""emails"": [], ""phones"": [], ""ip_addresses"": [], ""crypto_wallets"": []}",That random call saying “you’ve won a prize” is a scam,https://consumer.ftc.gov/consumer-alerts/2026/03/random-call-saying-youve-won-prize-scam,"If you get a call saying “you’ve won a prize,” you might be thinking, why not claim it? Unfortunately, it’s likely a scam to steal your money — especially if it’s for a contest you didn’t enter. So how can you spot and avoid a prize scam? Here’s how these scams often go. You get a call out of the blue saying you’ve won something — maybe a new car, a laptop, or money. The caller might even claim they’re with a well-known sweepstakes company like Publishers Clearing House, hoping to seem legitimate. (They’re not.) Before you can claim your prize, they say you need to pay “taxes,” “shipping and handling charges,” or “processing fees.” (You don’t.) Bottom line: if they say there’s a charge to get your prize, it’s a scam. If you pay, you’ll end up losing money instead of winning anything. To help you avoid a prize scam : Slow down. Scammers will say things like “it’s a limited time offer” to try to pressure you to act quickly. So, if anyone tries to rush you into paying, stop. Know that real prizes are free. Anyone who tells you to pay to get your prize — whether it’s for “taxes,” “shipping and handling charges,” or “processing fees” — is a scammer. Do some research. Search online for the name of the contest or the company with words like “complaint,” “review,” or “scam” to see what others are saying . And know that no real sweepstakes company will demand money for a prize. For more information on how to protect yourself and others from scammers — including an action plan you can start using today — check out Consumer.gov/scams . And if you spot a scam, tell the FTC at ReportFraud.ftc.gov . Search Terms prize Scams Prize and Grant Scams","If you get a call saying “you’ve won a prize,” you might be thinking, why not claim it? Unfortunately, it’s likely a scam to steal your money — especially if it’s for a contest you didn’t enter. So how can you spot and avoid a prize scam? Here’s how these scams often go. You get a call out of the blue saying you’ve won something — maybe a new car, a laptop, or money. The caller might even claim they’re with a well-known sweepstakes company like Publishers Clearing House, hoping to seem legitimate. (They’re not.) Before you can claim your prize, they say you need to pay “taxes,” “shipping and handling charges,” or “processing fees.” (You don’t.) Bottom line: if they say there’s a charge to get your prize, it’s a scam. If you pay, you’ll end up losing money instead of winning anything. To help you avoid a prize scam : Slow down. Scammers will say things like “it’s a limited time offer” to try to pressure you to act quickly. So, if anyone tries to rush you into paying, stop. Know that rea",1659
aedd10f7b1c368,2026-03-05,2026,3,FTC Consumer Advice - Consumer Alerts,"[""consumer_fraud"", ""crypto_fraud""]","{""urls"": [], ""domains"": [], ""emails"": [], ""phones"": [], ""ip_addresses"": [], ""crypto_wallets"": []}",How to avoid government grant scams that offer free money for personal expenses,https://consumer.ftc.gov/consumer-alerts/2026/03/how-avoid-government-grant-scams-offer-free-money-personal-expenses,"Scammers make up all kinds of bogus stories to steal your personal information, or your money. Some go negative and make up a problem that doesn’t really exist. Others try a positive spin and say you won something, like free money made available through a government grant or program. How do you know if these promises are legit — or a scam? Here are five common signs of a fake government grant scam: Scammers contact you out of the blue (by phone, email, text message, or social media) and say you qualify for free money from the government. Scammers claim you can use government grant money for personal needs, like paying bills, education expenses, home repairs, or paying off debts. Scammers ask for your personal information — like your Social Security number — to see if you qualify for a government grant. Scammers ask for your financial information — like your bank account number — to deposit money from the government grant. Scammers say you must pay processing or other fees to get your money — and insist you send them cash, gift cards, a wire transfer, or cryptocurrency. Knowing these truths about real government grants will help you avoid a scam: Government grants are typically awarded to organizations that applied for a grant and are for a very specific purpose. Government agencies won’t contact you by phone, text, social media, or email about a grant that you didn’t apply for. Government grants are not awarded for personal needs. (Learn about government programs that may help you pay for personal expenses, like food, housing, and health care, at usa.gov/benefit-finder .) Government agencies that award grants will not demand that you pay to get a grant. To learn more about real government grants and how to apply, go to grants.gov . Learn more about recognizing scams at consumer.gov and use this action plan to help protect yourself from scams. If you see a scam, report it to the Federal Trade Commission at ReportFraud.ftc.gov . Search Terms scam","Scammers make up all kinds of bogus stories to steal your personal information, or your money. Some go negative and make up a problem that doesn’t really exist. Others try a positive spin and say you won something, like free money made available through a government grant or program. How do you know if these promises are legit — or a scam? Here are five common signs of a fake government grant scam: Scammers contact you out of the blue (by phone, email, text message, or social media) and say you qualify for free money from the government. Scammers claim you can use government grant money for personal needs, like paying bills, education expenses, home repairs, or paying off debts. Scammers ask for your personal information — like your Social Security number — to see if you qualify for a government grant. Scammers ask for your financial information — like your bank account number — to deposit money from the government grant. Scammers say you must pay processing or other fees to get your m",1978
e166b9e7247800,2026-03-02,2026,3,FTC Consumer Advice - Consumer Alerts,"[""consumer_fraud""]","{""urls"": [], ""domains"": [], ""emails"": [], ""phones"": [], ""ip_addresses"": [], ""crypto_wallets"": []}",Welcome to NCPW 2026,https://consumer.ftc.gov/consumer-alerts/2026/03/welcome-ncpw-2026,"It’s National Consumer Protection Week (NCPW) 2026. Welcome! Today kicks off the 28 th year of the FTC joining with partner organizations to amplify the importance of consumer protection. This week, the FTC is focused on delivering messages and hosting events on how to avoid scams, how to report scams, and what to do to help recover from scams. Visit ftc.gov/ncpw to find those in-person and virtual events, as well as free tools to promote NCPW. Here are some other ways to participate in NCPW 2026. Learn to Avoid Scams Scammers have a playbook. Learn the signs of a scam to protect your wallet and personal information. Then talk about how you’ll avoid them with a family member, friend, or neighbor. Maybe invite them to complete How I'll Avoid a Scam: My Action Plan with you. Encourage them to spread the word about avoiding scams. Also consider sharing advice and joining the online conversation with the #NCPW2026 hashtag. Report Scams If you spot a scam, report it to the FTC at ReportFraud.ftc.gov . The FTC uses reports to investigate fraud and bring law enforcement cases. Reports also help the FTC know what scams to alert people about, so they can protect themselves, their friends, and their family. Recover from Scams Scammers can be very convincing and good at what they do. If you paid or sent money to someone you think is a scammer, it’s always worth asking the company you used to send the money if there’s a way to get it back. Try to cancel or reverse the transaction as soon as you can. Check out ftc.gov/ncpw for more.","It’s National Consumer Protection Week (NCPW) 2026. Welcome! Today kicks off the 28 th year of the FTC joining with partner organizations to amplify the importance of consumer protection. This week, the FTC is focused on delivering messages and hosting events on how to avoid scams, how to report scams, and what to do to help recover from scams. Visit ftc.gov/ncpw to find those in-person and virtual events, as well as free tools to promote NCPW. Here are some other ways to participate in NCPW 2026. Learn to Avoid Scams Scammers have a playbook. Learn the signs of a scam to protect your wallet and personal information. Then talk about how you’ll avoid them with a family member, friend, or neighbor. Maybe invite them to complete How I'll Avoid a Scam: My Action Plan with you. Encourage them to spread the word about avoiding scams. Also consider sharing advice and joining the online conversation with the #NCPW2026 hashtag. Report Scams If you spot a scam, report it to the FTC at ReportFrau",1545
893efc527235f9,2026-02-26,2026,2,FTC Consumer Advice - Consumer Alerts,"[""other""]","{""urls"": [], ""domains"": [], ""emails"": [], ""phones"": [], ""ip_addresses"": [], ""crypto_wallets"": []}",FTC helps Walmart Spark Drivers (and other gig workers): here’s how,https://consumer.ftc.gov/consumer-alerts/2026/02/ftc-helps-walmart-spark-drivers-and-other-gig-workers-heres-how,"If you’re thinking about taking on gig work — driving, fixing, delivering, or tasking — you’re probably thinking about pay. But what if a company promises they’ll pay you a certain amount and then ends up paying you less? The FTC alleges that’s what happened to drivers of Walmart’s delivery service, Spark Driver. The FTC’s lawsuit charged Walmart with misrepresenting how much drivers would earn through tips, base pay, and incentives — which caused drivers to lose millions of dollars in expected earnings. To settle the allegations, Walmart has agreed to pay $100 million, which includes payments it’s already begun to make to reimburse drivers and a fund Walmart will create for drivers who haven’t yet received the earnings and tips Walmart promised. When advertising gig work, companies (big and small) have to tell the truth about how much you’ll make. To evaluate whether a gig is worth your time and effort: Check earnings claims . Gig work opportunities often have different pay structures than traditional jobs. Will you get paid hourly or by gig? And if you accept the gig, get a breakdown of your earnings to see if you’re getting paid what was promised. Research the company . Search for the company name with words like “complaint” or “review” to spot issues other workers experienced. Talk with current and past workers about their time at the company . Learn about their experiences, income, and any out-of-pocket expenses. If you think a company is making misleading claims about how much you’ll earn, report it to the FTC: ReportFraud.ftc.gov .","If you’re thinking about taking on gig work — driving, fixing, delivering, or tasking — you’re probably thinking about pay. But what if a company promises they’ll pay you a certain amount and then ends up paying you less? The FTC alleges that’s what happened to drivers of Walmart’s delivery service, Spark Driver. The FTC’s lawsuit charged Walmart with misrepresenting how much drivers would earn through tips, base pay, and incentives — which caused drivers to lose millions of dollars in expected earnings. To settle the allegations, Walmart has agreed to pay $100 million, which includes payments it’s already begun to make to reimburse drivers and a fund Walmart will create for drivers who haven’t yet received the earnings and tips Walmart promised. When advertising gig work, companies (big and small) have to tell the truth about how much you’ll make. To evaluate whether a gig is worth your time and effort: Check earnings claims . Gig work opportunities often have different pay structures",1564
f1b26d96e2d8a6,2026-02-24,2026,2,FTC Consumer Advice - Consumer Alerts,"[""consumer_fraud""]","{""urls"": [], ""domains"": [], ""emails"": [], ""phones"": [], ""ip_addresses"": [], ""crypto_wallets"": []}",How to avoid a side hustle scam,https://consumer.ftc.gov/consumer-alerts/2026/02/how-avoid-side-hustle-scam,"As the holiday season becomes an ever more distant memory, the holiday bills might not be. If you’re looking to pick up a side gig to make extra cash, pay down debt, or catch up on some bills, know that scammers are looking to make money, too. One of their hustles is advertising fake jobs. So how do you tell a legit gig from a scam? Scammers might text, message you on social media, or email you out of the blue offering a gig — reshipping packages, doing data entry, or some other task you can do from home. They often try to lure you in by promising a flexible schedule or a high salary. But there’s no actual gig — what they really want is your bank account number to steal your money, or your Social Security number to steal your identity. To spot side hustle scams, look for these signs: Scammers promise big money for little effort. Be wary of ads promising ""fast cash"" for ""minimal work."" Scammers pressure you. If someone insists a gig will disappear if you don’t accept it immediately, walk away. Legit employers give people time to consider an offer. Scammers demand payment up front. No legitimate gig will make you pay for expenses, training, or anything else to get the job. Anyone who does is a scammer. And anytime you’re considering an offer for a side hustle that comes unexpectedly: Research the company. Search for the company name with words like “complaint,” “review,” or “scam” to see issues others might have had. Talk with current and past workers about their time at the company. Learn about their experiences, income, and any out-of-pocket expenses. Talk to someone you trust about the opportunity — before accepting a gig. What do they think? Learn more at ftc.gov/jobscams . Spot a job scam? Tell the FTC at ReportFraud.ftc.gov .","As the holiday season becomes an ever more distant memory, the holiday bills might not be. If you’re looking to pick up a side gig to make extra cash, pay down debt, or catch up on some bills, know that scammers are looking to make money, too. One of their hustles is advertising fake jobs. So how do you tell a legit gig from a scam? Scammers might text, message you on social media, or email you out of the blue offering a gig — reshipping packages, doing data entry, or some other task you can do from home. They often try to lure you in by promising a flexible schedule or a high salary. But there’s no actual gig — what they really want is your bank account number to steal your money, or your Social Security number to steal your identity. To spot side hustle scams, look for these signs: Scammers promise big money for little effort. Be wary of ads promising ""fast cash"" for ""minimal work."" Scammers pressure you. If someone insists a gig will disappear if you don’t accept it immediately, wal",1759
5a47bfd959181b,2026-02-20,2026,2,FTC Consumer Advice - Consumer Alerts,"[""other""]","{""urls"": [], ""domains"": [], ""emails"": [], ""phones"": [], ""ip_addresses"": [], ""crypto_wallets"": []}",Get ready for NCPW 2026,https://consumer.ftc.gov/consumer-alerts/2026/02/get-ready-ncpw-2026,"It’s almost time for National Consumer Protection Week (NCPW) 2026. Are you ready? We hope you’ll join in celebrating the Week! Find events — like a webinar on emerging scams, a roundtable discussion on the top scams affecting older adults, or one of the in-person events happening around the country, along with everything else — at ftc.gov/ncpw . The Week kicks off on Sunday, March 1 and goes through Saturday, March 7. During that time, the FTC and organizations across the country will host outreach events, highlighting advice to help people avoid frauds and scams and know their consumer rights. Looking to get involved in NCPW? Here are some ideas: Bookmark ftc.gov/ncpw and check back regularly for updates on virtual and in-person events and more. Follow the FTC on Facebook , Instagram , and X at @FTC for advice and resources on avoiding frauds and scams. Find NCPW-related information and events using the #NCPW2026 hashtag on social media.","It’s almost time for National Consumer Protection Week (NCPW) 2026. Are you ready? We hope you’ll join in celebrating the Week! Find events — like a webinar on emerging scams, a roundtable discussion on the top scams affecting older adults, or one of the in-person events happening around the country, along with everything else — at ftc.gov/ncpw . The Week kicks off on Sunday, March 1 and goes through Saturday, March 7. During that time, the FTC and organizations across the country will host outreach events, highlighting advice to help people avoid frauds and scams and know their consumer rights. Looking to get involved in NCPW? Here are some ideas: Bookmark ftc.gov/ncpw and check back regularly for updates on virtual and in-person events and more. Follow the FTC on Facebook , Instagram , and X at @FTC for advice and resources on avoiding frauds and scams. Find NCPW-related information and events using the #NCPW2026 hashtag on social media.",953
8d15df8db3e8ce,2026-02-17,2026,2,FTC Consumer Advice - Consumer Alerts,"[""identity_fraud""]","{""urls"": [], ""domains"": [], ""emails"": [], ""phones"": [], ""ip_addresses"": [], ""crypto_wallets"": []}",Got a letter about unemployment benefits you didn’t file? That’s identity theft,https://consumer.ftc.gov/consumer-alerts/2026/02/got-letter-about-unemployment-benefits-you-didnt-file-thats-identity-theft,"Unemployment benefits can be a life saver if you’re between jobs. But what happens if a scammer misuses your personal information, like your Social Security number (SSN) to file a fraudulent unemployment claim? That’s identity theft. You might find out someone stole your identity when your state’s unemployment agency or your employer contacts you about unemployment insurance benefits you didn’t file. Don’t ignore the letter, which could lead to problems like wage garnishment or tax identity theft. Instead, take action: focus on moving quickly to stop the damage and protect your personal information. Start by reporting the fraud to your employer. Then, tell your state workforce agency so they can investigate the identity theft. Finally, report it to the Federal Trade Commission at IdentityTheft.gov . There, you’ll get a free personal recovery plan with steps to take. For example: Freeze your credit. Contact each of the three nationwide credit bureaus — Equifax, Experian, and TransUnion — to place a freeze on each credit report . They’re free to place and make it harder for anyone to open accounts using your information. Get the links for each bureau at IdentityTheft.gov . Check your credit reports often. Visit AnnualCreditReport.com to get free weekly credit reports from the three credit bureaus. Regular checks help you spot new fraud quickly. And if you spot accounts you don’t recognize, dispute any errors with the credit bureau. Set up an IRS PIN. Most people don’t need one. But if unemployment identity theft happens, opting in for an IRS Identity Protection PIN can help you protect yourself from tax identity theft. This six-digit number helps keep thieves from using your SSN to claim a tax return. Share this advice with friends and family to help them protect against identity theft.","Unemployment benefits can be a life saver if you’re between jobs. But what happens if a scammer misuses your personal information, like your Social Security number (SSN) to file a fraudulent unemployment claim? That’s identity theft. You might find out someone stole your identity when your state’s unemployment agency or your employer contacts you about unemployment insurance benefits you didn’t file. Don’t ignore the letter, which could lead to problems like wage garnishment or tax identity theft. Instead, take action: focus on moving quickly to stop the damage and protect your personal information. Start by reporting the fraud to your employer. Then, tell your state workforce agency so they can investigate the identity theft. Finally, report it to the Federal Trade Commission at IdentityTheft.gov . There, you’ll get a free personal recovery plan with steps to take. For example: Freeze your credit. Contact each of the three nationwide credit bureaus — Equifax, Experian, and TransUnion ",1815
dfc3d5bf357974,2026-02-12,2026,2,FTC Consumer Advice - Consumer Alerts,"[""consumer_fraud"", ""crypto_fraud""]","{""urls"": [], ""domains"": [], ""emails"": [], ""phones"": [], ""ip_addresses"": [], ""crypto_wallets"": []}",Why can’t that new love interest meet in person?,https://consumer.ftc.gov/consumer-alerts/2026/02/why-cant-new-love-interest-meet-person,"Met someone new online…but you still haven’t met in person? With Valentine’s Day just around the corner, it’s a great time to make sure you know how to recognize a romance scam. Romance scams can happen to anyone. And with the help of AI and other tech, they might not be so easy to spot. AI or not, here are some signs you’re dealing with a scammer: Scammers say they can’t meet you in person . They might say they’re in the military, doing business overseas, or working on an oil rig. Or they might make plans to meet — but always need to cancel. Scammers ask you for money . They might contact you every day and talk about everything under the sun. But eventually, they’ll ask for money — maybe for a medical emergency, tickets to visit you, or some other issue. Scammers will tell you how to pay . Scammers ask you to send money in a way that makes it hard for you to get it back — wiring money through a company like Western Union or MoneyGram, putting money on a gift card and giving them the numbers on the back, sending money through a payment app , or transferring cryptocurrency . So, what can you do if you suspect a romance scam? Cut off contact and talk to someone you trust. Are they concerned, too? Search online for the person’s type of job, plus the word “scammer.” Have other people posted similar stories? Do a reverse image search of the person’s profile picture. Is it associated with another name, or with details that don’t match up? Those are signs of a scam. Read What You Need To Know About Romance Scams for more. Image","Met someone new online…but you still haven’t met in person? With Valentine’s Day just around the corner, it’s a great time to make sure you know how to recognize a romance scam. Romance scams can happen to anyone. And with the help of AI and other tech, they might not be so easy to spot. AI or not, here are some signs you’re dealing with a scammer: Scammers say they can’t meet you in person . They might say they’re in the military, doing business overseas, or working on an oil rig. Or they might make plans to meet — but always need to cancel. Scammers ask you for money . They might contact you every day and talk about everything under the sun. But eventually, they’ll ask for money — maybe for a medical emergency, tickets to visit you, or some other issue. Scammers will tell you how to pay . Scammers ask you to send money in a way that makes it hard for you to get it back — wiring money through a company like Western Union or MoneyGram, putting money on a gift card and giving them the n",1546
b5cce44f44aa13,2026-02-11,2026,2,FTC Consumer Advice - Consumer Alerts,"[""consumer_fraud""]","{""urls"": [], ""domains"": [], ""emails"": [], ""phones"": [], ""ip_addresses"": [], ""crypto_wallets"": []}","Debt collection: Know your rights, avoid scams",https://consumer.ftc.gov/consumer-alerts/2026/02/debt-collection-know-your-rights-avoid-scams,"If a debt collector calls, do you know what to do? You have rights . Debt collectors can’t harass, lie, or treat you unfairly — even if you owe the debt. Before you pay, confirm a debt is actually yours — not someone else’s or a scam to get your money. Consider talking to the collector at least once to find out, even if you don’t think you owe the money. To help you avoid a scam, here’s what to do next. Ask for “validation information” about the debt, which the collector has to give you, either when they first communicate with you or within five days of the first contact. That information includes: the collector’s name, the name of the creditor, the name and mailing address they have on file for the person they say owes the debt, how much money they claim you owe (including interest, fees, payments and credits), and your debt collection rights. Then review the validation information. Is it your debt? If no , or you don’t recognize the debt , send the debt collector a dispute letter within 30 days. Say you don’t owe some or all of the money. Ask for a written verification of the debt, like a copy of the original bill for the amount you owe. If yes, consider your options. See if you’re able to enroll in a payment plan. If you’re unable to pay the full amount, you may be able to settle the debt for a lower, negotiated amount , though paying less than you owe could negatively affect your credit score . Whatever you do, don’t ignore debt that might be yours. If you don’t pay, a debt collector might report your debt to a credit reporting agency, which can hurt your credit . They also may be able to sue you in court or garnish your wages . Spot a fake or abusive debt collector? Report it to your state attorney general’s office and the Federal Trade Commission .","If a debt collector calls, do you know what to do? You have rights . Debt collectors can’t harass, lie, or treat you unfairly — even if you owe the debt. Before you pay, confirm a debt is actually yours — not someone else’s or a scam to get your money. Consider talking to the collector at least once to find out, even if you don’t think you owe the money. To help you avoid a scam, here’s what to do next. Ask for “validation information” about the debt, which the collector has to give you, either when they first communicate with you or within five days of the first contact. That information includes: the collector’s name, the name of the creditor, the name and mailing address they have on file for the person they say owes the debt, how much money they claim you owe (including interest, fees, payments and credits), and your debt collection rights. Then review the validation information. Is it your debt? If no , or you don’t recognize the debt , send the debt collector a dispute letter wit",1784
c346ce7b77cf54,2026-02-09,2026,2,FTC Consumer Advice - Consumer Alerts,"[""identity_fraud""]","{""urls"": [], ""domains"": [], ""emails"": [], ""phones"": [], ""ip_addresses"": [], ""crypto_wallets"": []}",Planning your finances for the year to come? Here are some tools that can help,https://consumer.ftc.gov/consumer-alerts/2026/02/planning-your-finances-year-come-here-are-some-tools-can-help,"For many, the beginning of the year is often a time for taking stock and planning for the year to come. If you’re looking for ways to strengthen your financing footing in the new year, the FTC’s consumer.gov has tools that can help. Consumer.gov has the basics on things like managing your money , using credit , dealing with debt , and avoiding scams and identity theft . For example, are you: Wanting to save for something big like a car, tuition, or new appliance? Or just build more of a nest egg? Get step-by-step instructions on how to Make a Budget — along with a worksheet you can use to track how much you’re taking in and how much you’re spending. Looking to stay on top of your credit? Check your credit reports to make sure there’s nothing on there you don’t recognize. (If there is, it could be a sign of identity theft .) And if your credit’s not what you’d like it to be, take steps to improve it . Wanting to tackle your debt? Consumer.gov has information about steps to take yourself , how to get help , and what to know if you’re getting calls from debt collectors . Find these and other resources online , download them, or order them in print (for free) to share with your friends, family, and community. Image","For many, the beginning of the year is often a time for taking stock and planning for the year to come. If you’re looking for ways to strengthen your financing footing in the new year, the FTC’s consumer.gov has tools that can help. Consumer.gov has the basics on things like managing your money , using credit , dealing with debt , and avoiding scams and identity theft . For example, are you: Wanting to save for something big like a car, tuition, or new appliance? Or just build more of a nest egg? Get step-by-step instructions on how to Make a Budget — along with a worksheet you can use to track how much you’re taking in and how much you’re spending. Looking to stay on top of your credit? Check your credit reports to make sure there’s nothing on there you don’t recognize. (If there is, it could be a sign of identity theft .) And if your credit’s not what you’d like it to be, take steps to improve it . Wanting to tackle your debt? Consumer.gov has information about steps to take yourself",1230
2f035c1d8b1b69,2026-02-04,2026,2,FTC Consumer Advice - Consumer Alerts,"[""other""]","{""urls"": [], ""domains"": [], ""emails"": [], ""phones"": [], ""ip_addresses"": [], ""crypto_wallets"": []}",It’s time to start planning for NCPW 2026,https://consumer.ftc.gov/consumer-alerts/2026/02/its-time-start-planning-ncpw-2026,"February ramping up can only mean one thing: National Consumer Protection Week (NCPW) is right around the corner. And this year, NCPW is March 1 – 7, 2026. Here are some ways to start planning: Check out ftc.gov/ncpw — and keep coming back for updates. You’ll find social media graphics, messages, and ideas on how to up your NCPW game. Later in February you’ll also find in-person and virtual events that are open to the public. Order materials early. Hosting an event for NCPW and want to give out free resources on avoiding frauds and scams? Order print materials from Bulkorder.ftc.gov by February 6 th to ensure delivery in time for NCPW. They also ship free! Attend a webinar. Whether you’re new to NCPW or a seasoned veteran, come learn about outreach and program ideas to bring your events and messaging to the next level. February 5, 2026 at 2pm ET February 25, 2026 at 12pm ET (co-hosted by the New York Public Library) Sign up for Consumer Alerts. Subscribe to learn about the latest scams and get information about NCPW events and resources. Stay connected. Follow the FTC on Facebook , X , and Instagram . Check back for updates on NCPW events at ftc.gov/ncpw . Image","February ramping up can only mean one thing: National Consumer Protection Week (NCPW) is right around the corner. And this year, NCPW is March 1 – 7, 2026. Here are some ways to start planning: Check out ftc.gov/ncpw — and keep coming back for updates. You’ll find social media graphics, messages, and ideas on how to up your NCPW game. Later in February you’ll also find in-person and virtual events that are open to the public. Order materials early. Hosting an event for NCPW and want to give out free resources on avoiding frauds and scams? Order print materials from Bulkorder.ftc.gov by February 6 th to ensure delivery in time for NCPW. They also ship free! Attend a webinar. Whether you’re new to NCPW or a seasoned veteran, come learn about outreach and program ideas to bring your events and messaging to the next level. February 5, 2026 at 2pm ET February 25, 2026 at 12pm ET (co-hosted by the New York Public Library) Sign up for Consumer Alerts. Subscribe to learn about the latest scams",1180
7d49ee4f673e6f,2026-01-30,2026,1,FTC Consumer Advice - Consumer Alerts,"[""consumer_fraud""]","{""urls"": [], ""domains"": [], ""emails"": [], ""phones"": [], ""ip_addresses"": [], ""crypto_wallets"": []}",How to handle unexpected calls that claim your money is at risk,https://consumer.ftc.gov/consumer-alerts/2026/01/how-handle-unexpected-calls-claim-your-money-risk,"Your phone rings and what the caller says next sends you into a panic. They claim there’s fraud on your credit card, someone hacked your bank account, you owe a tax debt, or your benefits will end today. Your adrenaline is pumping, and your mind races a hundred miles an hour. They sense this—and they say they can help. Should you trust them? No. Pump the brakes. The caller might know things about you—like your full name or address—or your accounts. But that doesn’t mean they’re trustworthy. Scammers buy or steal this information to make their lies seem believable. So, what should you do if you get a call like this? Get some basic details, then hang up . What company or bank are they calling from? What’s the problem? Then hang up. Yes, hang up. Verify the story by contacting the company or bank yourself. Do you have an account with the company or bank the caller says they represent? Contact the company directly to find out what’s going on: Do use the official app or website to get in touch with the fraud department Do call the phone number on a recent statement or the back of your card Do not rely on top search results to find a company’s contact information—scammers often buy paid search ads so their fake numbers appear at the top of the listings Always talk to a trusted friend or family member. No legitimate fraud department will tell you to keep the call a secret. And no matter who says they’re calling, never share your personal or account information, don’t grant anyone remote access to your phone or computer, and keep account verification codes to yourself. If you think it’s a scam, report it to the FTC at ReportFraud.ftc.gov . Your report helps stop the scammers. For more advice, visit How To Avoid Imposter Scams . Search Terms scam imposter Scams Business Impersonators Government Impersonators Phone Scams","Your phone rings and what the caller says next sends you into a panic. They claim there’s fraud on your credit card, someone hacked your bank account, you owe a tax debt, or your benefits will end today. Your adrenaline is pumping, and your mind races a hundred miles an hour. They sense this—and they say they can help. Should you trust them? No. Pump the brakes. The caller might know things about you—like your full name or address—or your accounts. But that doesn’t mean they’re trustworthy. Scammers buy or steal this information to make their lies seem believable. So, what should you do if you get a call like this? Get some basic details, then hang up . What company or bank are they calling from? What’s the problem? Then hang up. Yes, hang up. Verify the story by contacting the company or bank yourself. Do you have an account with the company or bank the caller says they represent? Contact the company directly to find out what’s going on: Do use the official app or website to get in to",1842
b4f2dbb27a5fed,2026-01-30,2026,1,FTC Consumer Advice - Consumer Alerts,"[""other""]","{""urls"": [], ""domains"": [], ""emails"": [""admin@subscriptionmembershipsettlement.com""], ""phones"": [], ""ip_addresses"": [], ""crypto_wallets"": []}",Questions about your Amazon Prime settlement refund? Read on,https://consumer.ftc.gov/consumer-alerts/2026/01/questions-about-your-amazon-prime-settlement-refund-read,"If you’re one of the many millions of people eligible for a refund from the FTC’s settlement with Amazon , you might already have gotten a check for up to $51. If you got it and deposited or cashed it, you’re all set. You might also have gotten an email or postcard this month with instructions on how to submit a claim. But based on what we’re hearing from consumers, some people have questions about Amazon’s refund process and their eligibility, whether they need to file a claim, and how to do it. If that’s you, let’s get you to some answers. Amazon is managing this refund process, not the FTC. So, go to the source. The place to go for answers is the company handling the refund process for Amazon. Email them at admin@SubscriptionMembershipSettlement.com . They can answer your questions, like: I got a notice saying I was getting an automatic payment, but I haven’t gotten one. Where’s my money? I got an email with instructions about submitting a claim for the settlement. Is it legit? The check I got has the wrong name on it. Can you fix it? The check went to the wrong default shipping address on my Prime account. Can you send the check to the right address? The check reissue portal on the settlement site isn’t working. Help! The claims portal on the settlement site isn’t working. Can you help me? I should have gotten a payment, but I didn’t. How do I get one? I submitted my claim form. When am I getting my money? How do I know if I’m eligible for a refund? I haven’t gotten a notice or claims form. If they don’t have the answers, they’ll put you in touch with someone who does. To browse answers to these questions and more, check out Amazon’s refund website and the FTC’s FAQs , too. Note that the URL for Amazon’s refund site doesn’t say “Amazon” or “refund” in it. It’s SubscriptionMembershipSettlement.com , so you know you got to the right place. And if you can’t find the answers you’re looking for, email your questions to admin@SubscriptionMembershipSettlement.com .","If you’re one of the many millions of people eligible for a refund from the FTC’s settlement with Amazon , you might already have gotten a check for up to $51. If you got it and deposited or cashed it, you’re all set. You might also have gotten an email or postcard this month with instructions on how to submit a claim. But based on what we’re hearing from consumers, some people have questions about Amazon’s refund process and their eligibility, whether they need to file a claim, and how to do it. If that’s you, let’s get you to some answers. Amazon is managing this refund process, not the FTC. So, go to the source. The place to go for answers is the company handling the refund process for Amazon. Email them at admin@SubscriptionMembershipSettlement.com . They can answer your questions, like: I got a notice saying I was getting an automatic payment, but I haven’t gotten one. Where’s my money? I got an email with instructions about submitting a claim for the settlement. Is it legit? The ",1996
b73d64d15c7e77,2026-01-29,2026,1,FTC Consumer Advice - Consumer Alerts,"[""consumer_fraud"", ""crypto_fraud""]","{""urls"": [], ""domains"": [], ""emails"": [], ""phones"": [], ""ip_addresses"": [], ""crypto_wallets"": []}",Avoid weather-related utility scams after the recent winter storm,https://consumer.ftc.gov/consumer-alerts/2026/01/avoid-weather-related-utility-scams-after-recent-winter-storm,"It’s going to take time to recover from the winter storm that affected a large part of the country and left hundreds of thousands without power. You can be sure that, after a big storm like this one, utility and other scammers aren’t far behind. Scammers know severe weather may have shut off your electricity, heat, or water. And they might try to take advantage by sending messages that look like they’re from your utility company with links designed to steal your personal information. These messages might even say they’ll restore your services faster if you pay or give them your information (but they won’t). Here's how to spot and avoid weather-related utility scams: Don’t respond to unexpected messages. If you get an unexpected call, text or email claiming to be from your utility company, don’t click on the link. Don’t respond to the message. Instead, contact the utility company using the number on your bill or the company’s website. Verify whether the message came from them. Never pay anyone who demands payment by money transfer, gift card, or cryptocurrency. Only scammers say you can only pay one of those ways. Your utility company won’t ask you to pay any of those ways. Neither will any other legitimate business. Be skeptical of anyone promising immediate clean-up or repairs after a weather emergency. Unlicensed contractors and scammers often appear after big storms or natural disasters. If they want cash up front, walk away. And if they won’t give you copies of their license, insurance, or a contract in writing, that’s a red flag. Read about other weather-related scams at ftc.gov/WeatherEmergencies . Then share the information with friends and family to help them avoid losing money, too. Spotted a scam? Report it at ReportFraud.ftc.gov","It’s going to take time to recover from the winter storm that affected a large part of the country and left hundreds of thousands without power. You can be sure that, after a big storm like this one, utility and other scammers aren’t far behind. Scammers know severe weather may have shut off your electricity, heat, or water. And they might try to take advantage by sending messages that look like they’re from your utility company with links designed to steal your personal information. These messages might even say they’ll restore your services faster if you pay or give them your information (but they won’t). Here's how to spot and avoid weather-related utility scams: Don’t respond to unexpected messages. If you get an unexpected call, text or email claiming to be from your utility company, don’t click on the link. Don’t respond to the message. Instead, contact the utility company using the number on your bill or the company’s website. Verify whether the message came from them. Never pay",1769
ced66b0a27cd6c,2026-01-28,2026,1,FTC Consumer Advice - Consumer Alerts,"[""consumer_fraud""]","{""urls"": [], ""domains"": [], ""emails"": [], ""phones"": [], ""ip_addresses"": [], ""crypto_wallets"": []}","No, that’s not your boss asking you to buy gift cards",https://consumer.ftc.gov/consumer-alerts/2026/01/no-thats-not-your-boss-asking-you-buy-gift-cards,"While the gift-giving holidays are over, scammers still want gift card money. Some scammers might even reach out by pretending to be your boss and asking you to buy gift cards for them. But it’s a scam. Here’s how to spot and avoid it. The scene often starts with an unexpected text, email, or a call from your “boss” asking for an “urgent favor.” (That emergency? Not real. That person? Not your boss.) They tell you to go to the store, buy gift cards, and send them the numbers on the back. They might even ask for “Google certificates.” They really mean gift cards, but they use different words hoping you’ll engage to find out more. Even if your “boss” says they need the cards for a company event, slow down and make sure it’s not a scammer trying to steal the money you put on the gift cards. If you’re in this situation, here’s how to avoid this scam: Check with your boss first. Use a number or email you know is real — don’t respond to the number or email you were contacted from. Know that only scammers will ask for gift card numbers and the PIN. The combination lets scammers get any money you put on gift cards — even if they don’t physically have the card. So don’t give out those numbers or send photos of the card. And if you’re buying gift cards for friends and family: Always keep copies of the gift card and store receipt (a quick photo on your phone will work). This will help you report issues to the gift card company. The sooner you report, the better chance you’ll get your money back. You can also report fraud to the FTC.","While the gift-giving holidays are over, scammers still want gift card money. Some scammers might even reach out by pretending to be your boss and asking you to buy gift cards for them. But it’s a scam. Here’s how to spot and avoid it. The scene often starts with an unexpected text, email, or a call from your “boss” asking for an “urgent favor.” (That emergency? Not real. That person? Not your boss.) They tell you to go to the store, buy gift cards, and send them the numbers on the back. They might even ask for “Google certificates.” They really mean gift cards, but they use different words hoping you’ll engage to find out more. Even if your “boss” says they need the cards for a company event, slow down and make sure it’s not a scammer trying to steal the money you put on the gift cards. If you’re in this situation, here’s how to avoid this scam: Check with your boss first. Use a number or email you know is real — don’t respond to the number or email you were contacted from. Know that ",1547
d418c9fa2b1061,2026-01-28,2026,1,FTC Consumer Advice - Consumer Alerts,"[""other""]","{""urls"": [], ""domains"": [], ""emails"": [], ""phones"": [], ""ip_addresses"": [], ""crypto_wallets"": []}",On Data Privacy Day (and every day): Protect your small business,https://consumer.ftc.gov/consumer-alerts/2026/01/data-privacy-day-and-every-day-protect-your-small-business,"Cybercriminals target companies big and small. Today is Data Privacy Day — a great opportunity to take a look at how you keep your business and customer data protected. Get started with the FTC’s updated resources at ftc.gov/cybersecurity . At ftc.gov/cybersecurity , you’ll find the FTC’s updated article, Cybersecurity for Small Business, included in the FTC’s suite of small business materials at ftc.gov/smallbusiness . It covers eight","Cybercriminals target companies big and small. Today is Data Privacy Day — a great opportunity to take a look at how you keep your business and customer data protected. Get started with the FTC’s updated resources at ftc.gov/cybersecurity . At ftc.gov/cybersecurity , you’ll find the FTC’s updated article, Cybersecurity for Small Business, included in the FTC’s suite of small business materials at ftc.gov/smallbusiness . It covers eight",439
5280e7c6be9a1d,2026-01-27,2026,1,FTC Consumer Advice - Consumer Alerts,"[""other""]","{""urls"": [], ""domains"": [], ""emails"": [], ""phones"": [], ""ip_addresses"": [], ""crypto_wallets"": []}",Join the FTC for a workshop on age verification,https://consumer.ftc.gov/consumer-alerts/2026/01/join-ftc-workshop-age-verification,"With so many kids spending time online — gaming, texting, and connecting with friends — parents need tools to help kids make good decisions and stay safe. The FTC has free resources with practical advice to empower parents and caregivers to talk with kids about their privacy and safety online. And this week the FTC will host an Age Verification Workshop to explore whether technology can help. Are you interested in learning more? Please join us online for the Age Verification Workshop on Wednesday, January 28, 2026. The workshop is free, open to the public, and will bring together researchers, academics, industry representatives, consumer advocates and government regulators to discuss","With so many kids spending time online — gaming, texting, and connecting with friends — parents need tools to help kids make good decisions and stay safe. The FTC has free resources with practical advice to empower parents and caregivers to talk with kids about their privacy and safety online. And this week the FTC will host an Age Verification Workshop to explore whether technology can help. Are you interested in learning more? Please join us online for the Age Verification Workshop on Wednesday, January 28, 2026. The workshop is free, open to the public, and will bring together researchers, academics, industry representatives, consumer advocates and government regulators to discuss",692
14768a2c57772c,2026-01-26,2026,1,FTC Consumer Advice - Consumer Alerts,"[""identity_fraud""]","{""urls"": [], ""domains"": [], ""emails"": [], ""phones"": [], ""ip_addresses"": [], ""crypto_wallets"": []}",Identity Theft Awareness Week starts today,https://consumer.ftc.gov/consumer-alerts/2026/01/identity-theft-awareness-week-starts-today,"Identity theft is one of the most-reported problems to the FTC every year. So, chances are, it’s affected you or someone you know. That’s why the FTC and its partners dedicate a week to raising awareness and organizing events to help everyone protect and recover from identity theft. Sharing resources and talking about identity theft year-round can make a big difference. To get involved in Identity Theft Awareness Week (IDTAW) 2026: Join one of the events listed below and at ftc.gov/IDTheftWeek Find social media images at the bottom of ftc.gov/IDTheftWeek and share them to engage others in the conversation (use the hashtags #IDTheftWeek and #IDTheft) View and share videos on identity theft with your community and network. Identity Theft Awareness Week 2026 events Monday, January 26, 11 a.m. ET or on demand Podcast: The Fraudian Slip: Identity Theft Awareness Week. Kick off Identity Theft Awareness Week with the FTC's Division of Consumer Response & Operations on the Identity Theft Resource Center’s (ITRC) podcast to discuss all things identity theft. Listen on the ITRC’s website any time after 11 a.m. ET. Monday, January 26, 1 p.m. ET Webinar: Protecting Your Veterans Benefits and Avoiding Identity Theft. Identity thieves target military servicemembers, veterans, and their families in specific ways — often going after your hard-earned benefits. Join representatives from the FTC and the U.S. Department of Veterans Affairs to discuss how to help protect yourself and your loved ones from identity theft. Find webinar details . Monday, January 26, 2 p.m. ET Webinar: Supporting Customers Through Identity Theft. ABA members and financial institutions: join a one-hour webinar with representatives from the American Bankers Association Foundation and the FTC. Learn about free tools and information to help customers spot, avoid, and recover from identity theft. Find registration for ABA members and financial organizations. Tuesday, January 27, 1 p.m. ET or on demand Facebook Live: Understanding and Avoiding Identity Theft. Representatives from AARP and the FTC discuss the latest identity theft trends and steps to take to help protect yourself and those around you. Details to join or on demand . Tuesday, January 27, 2:30 p.m. ET Webinar: Help your library patrons protect themselves and recover from identity theft. Identity theft can happen to anyone. Every year, it’s one of the top problems reported to the FTC. Join the Association of Bookmobile and Outreach Services and experts from the FTC to learn about free tools to help your patrons spot, avoid, and recover from identity theft. Find webinar details . Wednesday, January 28, 2 p.m. ET Webinar: Identity theft affects people of all ages. Join representatives from the FTC and the Identity Theft Resource Center to learn what to do if your data has been compromised in a breach and how to help protect yourself and the older adults in your life, where to get one-on-one guidance, and how to help others in your community protect themselves from identity theft. Find webinar details . We look forward to seeing you at these free events!","Identity theft is one of the most-reported problems to the FTC every year. So, chances are, it’s affected you or someone you know. That’s why the FTC and its partners dedicate a week to raising awareness and organizing events to help everyone protect and recover from identity theft. Sharing resources and talking about identity theft year-round can make a big difference. To get involved in Identity Theft Awareness Week (IDTAW) 2026: Join one of the events listed below and at ftc.gov/IDTheftWeek Find social media images at the bottom of ftc.gov/IDTheftWeek and share them to engage others in the conversation (use the hashtags #IDTheftWeek and #IDTheft) View and share videos on identity theft with your community and network. Identity Theft Awareness Week 2026 events Monday, January 26, 11 a.m. ET or on demand Podcast: The Fraudian Slip: Identity Theft Awareness Week. Kick off Identity Theft Awareness Week with the FTC's Division of Consumer Response & Operations on the Identity Theft Resou",3121
6866e9128d3569,2026-01-22,2026,1,FTC Consumer Advice - Consumer Alerts,"[""consumer_fraud"", ""cybercrime"", ""identity_fraud""]","{""urls"": [], ""domains"": [], ""emails"": [], ""phones"": [], ""ip_addresses"": [], ""crypto_wallets"": []}",That text or email about your “tax refund” is a scam,https://consumer.ftc.gov/consumer-alerts/2026/01/text-or-email-about-your-tax-refund-scam,"Tax season is approaching, and if you’re getting a refund, scammers are looking to steal it before you’ve had a chance to claim it. So, before you respond to a text or email about a “tax refund” — especially one that asks you to click a link — know that this could be a scam designed to get your personal information and steal your tax refund. These scams often start with a text or email that looks like it’s from the IRS or a state tax office saying they’ve “processed” or “approved” your tax refund claim. (Note: that’s not how you find out about a real tax refund.) To “verify your identity” and “send you money,” they ask you to click a link to enter details like your Social Security and bank account numbers — but it’s a phishing scam . If you click and share your info, the scammer might steal your personal information to get your tax refund or even steal your identity to open other accounts. If you get a message like this: Know that the real IRS and state tax offices won’t reach out by text, email, or on social media to get your information. Only scammers will. Don’t respond or click any links. To check the status of a pending tax refund, never use the link from the message. Instead, visit USA.gov to learn how to find out if you’re really getting a federal or state tax refund. Report and delete the message. Use your phone’s “report junk” option or forward unwanted texts to 7726 (SPAM) and mark unwanted emails as spam or junk . Once you’ve checked it out and reported it, delete the message. Visit IdentityTheft.gov/steps to learn how to protect yourself before identity theft happens. And if you spot a scam, tell the FTC at ReportFraud.ftc.gov .","Tax season is approaching, and if you’re getting a refund, scammers are looking to steal it before you’ve had a chance to claim it. So, before you respond to a text or email about a “tax refund” — especially one that asks you to click a link — know that this could be a scam designed to get your personal information and steal your tax refund. These scams often start with a text or email that looks like it’s from the IRS or a state tax office saying they’ve “processed” or “approved” your tax refund claim. (Note: that’s not how you find out about a real tax refund.) To “verify your identity” and “send you money,” they ask you to click a link to enter details like your Social Security and bank account numbers — but it’s a phishing scam . If you click and share your info, the scammer might steal your personal information to get your tax refund or even steal your identity to open other accounts. If you get a message like this: Know that the real IRS and state tax offices won’t reach out by t",1668
4a3bb5a8061ff1,2026-01-20,2026,1,FTC Consumer Advice - Consumer Alerts,"[""consumer_fraud"", ""cybercrime"", ""identity_fraud""]","{""urls"": [], ""domains"": [], ""emails"": [], ""phones"": [], ""ip_addresses"": [], ""crypto_wallets"": []}",Can you spot a fake loan text scam?,https://consumer.ftc.gov/consumer-alerts/2026/01/can-you-spot-fake-loan-text-scam,"You get a text message, supposedly following up on a $10,000 loan application. Only, you never applied for a loan. Is this pure luck or a scam? Before you use the callback number in the message to find out, or even reply “NO” to cancel the application, learn to spot a fake loan text scam. Scammers use unexpected text messages to catch you off guard. Maybe the text says you’re preapproved for a large loan amount (not true). Or the company says it needs your Social Security or bank account number to finish the “application” (also not true!). Scammers hope that, if it seems like the process is already in motion, you’ll reply now and think later. They might say something like “This is the last step” or “Just reply YES to confirm you still want to claim the loan.” But none of that’s true, either. It’s just a phishing scam . If you respond, you might end up giving a scammer exactly what they want — your personal information, which could lead to identity theft . If you get a text about a loan you didn’t apply for, here’s how to handle it: Don’t reply or click links. It could lead to a scam. Delete the text. Talk to someone you trust. Taking the time to talk about it with someone you trust could help you spot the scam. Delete unwanted texts using your phone’s “report junk” option or forward them to 7726 (SPAM) . Then report it to the FTC at ReportFraud.ftc.gov . If you think a scammer already has your personal information, go to IdentityTheft.gov for specific steps to take based on the information you may have lost.","You get a text message, supposedly following up on a $10,000 loan application. Only, you never applied for a loan. Is this pure luck or a scam? Before you use the callback number in the message to find out, or even reply “NO” to cancel the application, learn to spot a fake loan text scam. Scammers use unexpected text messages to catch you off guard. Maybe the text says you’re preapproved for a large loan amount (not true). Or the company says it needs your Social Security or bank account number to finish the “application” (also not true!). Scammers hope that, if it seems like the process is already in motion, you’ll reply now and think later. They might say something like “This is the last step” or “Just reply YES to confirm you still want to claim the loan.” But none of that’s true, either. It’s just a phishing scam . If you respond, you might end up giving a scammer exactly what they want — your personal information, which could lead to identity theft . If you get a text about a loan",1533
c27178fd8bb9aa,2026-01-16,2026,1,FTC Consumer Advice - Consumer Alerts,"[""identity_fraud""]","{""urls"": [], ""domains"": [], ""emails"": [], ""phones"": [], ""ip_addresses"": [], ""crypto_wallets"": []}","This Identity Theft Awareness Week, find tools and events just for you",https://consumer.ftc.gov/consumer-alerts/2026/01/identity-theft-awareness-week-find-tools-and-events-just-you,"Identity theft can happen anytime, to anyone. In fact, last year, more than a million people reported identity theft to the FTC. So, being ready to spot identity theft — and deal with it if it happens — can make a big difference. Whether you’re looking for a refresher, more information, or simple steps to protect yourself, you’ll find something for you this Identity Theft Awareness Week (IDTAW), January 26-30, 2026. Check out ftc.gov/IDTheftWeek to get the full list of events, but here are some ideas about how to participate in Identity Theft Awareness Week and help others in your community spot and avoid identity theft: Learn about identity theft anywhere. Listen to a podcast on your way to work or while you exercise. Hear what experts from the Identity Theft Resource Center and the FTC have to say on the topic. The podcast comes out January 26. Get step-by-step guidance. Join one of the one-hour webinars and get your questions answered. Watch and share videos. Check out and share our latest video short on credit freezes and other videos to help you protect your credit. Don’t forget to add #IDTheft and #IDTheftWeek when you repost and interact online to keep the conversation going. If you’re eager to take action, you don’t have to wait for IDTAW to start talking to people you know. At ftc.gov/IDTheftWeek you’ll find videos, images, and publications you can easily share with your network anytime. To stay on top of the latest trends, sign up to get FTC Consumer Alerts and share them to help your community protect themselves from identity thieves and scams. Image Search Terms identity theft","Identity theft can happen anytime, to anyone. In fact, last year, more than a million people reported identity theft to the FTC. So, being ready to spot identity theft — and deal with it if it happens — can make a big difference. Whether you’re looking for a refresher, more information, or simple steps to protect yourself, you’ll find something for you this Identity Theft Awareness Week (IDTAW), January 26-30, 2026. Check out ftc.gov/IDTheftWeek to get the full list of events, but here are some ideas about how to participate in Identity Theft Awareness Week and help others in your community spot and avoid identity theft: Learn about identity theft anywhere. Listen to a podcast on your way to work or while you exercise. Hear what experts from the Identity Theft Resource Center and the FTC have to say on the topic. The podcast comes out January 26. Get step-by-step guidance. Join one of the one-hour webinars and get your questions answered. Watch and share videos. Check out and share our",1615
b20aa7d284df37,2026-01-15,2026,1,FTC Consumer Advice - Consumer Alerts,"[""consumer_fraud""]","{""urls"": [], ""domains"": [], ""emails"": [], ""phones"": [], ""ip_addresses"": [], ""crypto_wallets"": []}",Hang up on unexpected calls saying you owe back taxes. Those are scams,https://consumer.ftc.gov/consumer-alerts/2026/01/hang-unexpected-calls-saying-you-owe-back-taxes-those-are-scams,"We’re seeing a big wave of reports about phone scams claiming you owe back taxes. But it’s not the IRS calling, it’s a scammer using a company name like “Tax Resolution Oversight Department.” If someone calls you out of the blue offering to help you fix a tax issue, hang up. Here’s how to spot the scam. It starts with an unexpected call from the “Tax Mediation and Resolution Agency,” or another official-sounding (but fake) government agency. They’ll say you haven’t paid your taxes and offer to connect you with a “tax resolution officer,” who can do a “red flag check” on your credit and help you apply for an “IRS liability reduction program.” But those aren’t real programs and that’s your sign to end the call. Some scammers leave a voicemail saying, “This may be our only attempt to reach you” hoping you’ll call back right away. But it’s all part of the story to steal personal information like your Social Security number — or in some cases, charge you an illegal upfront fee for tax debt relief that doesn’t actually help. Even if you owe back taxes, know this: the IRS’s first contact with you will always come by mail , not by phone. Here’s how to avoid an IRS impersonator and get real help: Never give an unexpected caller personal or financial information. It’s probably a scammer hoping to drain your bank accounts or steal your identity. Check it out through IRS.gov . Contact the IRS directly for trustworthy information about your tax situation. Need to speak with someone? Only use a phone number found on the IRS’s website. Never one a scammer gives you. Read up on how government imposter scams work . Start with ftc.gov/imposters and if you spot a scam, tell the FTC at ReportFraud.ftc.gov .","We’re seeing a big wave of reports about phone scams claiming you owe back taxes. But it’s not the IRS calling, it’s a scammer using a company name like “Tax Resolution Oversight Department.” If someone calls you out of the blue offering to help you fix a tax issue, hang up. Here’s how to spot the scam. It starts with an unexpected call from the “Tax Mediation and Resolution Agency,” or another official-sounding (but fake) government agency. They’ll say you haven’t paid your taxes and offer to connect you with a “tax resolution officer,” who can do a “red flag check” on your credit and help you apply for an “IRS liability reduction program.” But those aren’t real programs and that’s your sign to end the call. Some scammers leave a voicemail saying, “This may be our only attempt to reach you” hoping you’ll call back right away. But it’s all part of the story to steal personal information like your Social Security number — or in some cases, charge you an illegal upfront fee for tax debt ",1716
34bce53485cd43,2026-01-12,2026,1,FTC Consumer Advice - Consumer Alerts,"[""other""]","{""urls"": [], ""domains"": [], ""emails"": [], ""phones"": [], ""ip_addresses"": [], ""crypto_wallets"": []}","Parents and student athletes: If you’re hearing from sports agents, you’ll want to read this",https://consumer.ftc.gov/consumer-alerts/2026/01/parents-and-student-athletes-if-youre-hearing-sports-agents-youll-want-read,"If you’re hoping your athletic talents will lead you to endorsements during college or eventually to pro sports, signing with a sports agent might be an exciting first step — but it’s also serious business. That’s why the FTC is seeking information from universities about sports agents’ compliance with the Sports Agent Responsibility and Trust Act. SPARTA requires agents to provide important information to student athletes and schools about agency contracts — and prohibits them from making false or misleading statements to student athletes or offering illegal gifts to induce student athletes to sign agency contracts. This week, the FTC sent letters to twenty universities to ask about the sports agents recruiting student athletes on their campuses. Are sports agents giving students written agency contracts that spell out the terms? Are they notifying the students’ schools within 72 hours of signing the agency contract or before the students’ next eligible athletic event, whichever comes first? Are sports agents bending the rules under SPARTA by making false promises about how much money student athletes will make for endorsements? Lying about who they’ve worked with in the past? Or using illegal gifts to athletes (or their families) to convince them to sign? If you’re thinking of signing a contract with a sports agent: Let your school know when you hire a sports agent . Agents are required to notify your school about the contract. But you can let your school know about the contract as soon as you sign. Talk with someone you trust. A family member or friend can help make sure you get the information required under SPARTA, understand the terms of the agency contract, and keep good records. Tell the FTC if you think a sports agent has done something wrong. Share your experiences with us by going here . You can report to us anonymously, if you prefer.","If you’re hoping your athletic talents will lead you to endorsements during college or eventually to pro sports, signing with a sports agent might be an exciting first step — but it’s also serious business. That’s why the FTC is seeking information from universities about sports agents’ compliance with the Sports Agent Responsibility and Trust Act. SPARTA requires agents to provide important information to student athletes and schools about agency contracts — and prohibits them from making false or misleading statements to student athletes or offering illegal gifts to induce student athletes to sign agency contracts. This week, the FTC sent letters to twenty universities to ask about the sports agents recruiting student athletes on their campuses. Are sports agents giving students written agency contracts that spell out the terms? Are they notifying the students’ schools within 72 hours of signing the agency contract or before the students’ next eligible athletic event, whichever comes",1878
fbedd267031214,2026-01-09,2026,1,FTC Consumer Advice - Consumer Alerts,"[""consumer_fraud""]","{""urls"": [], ""domains"": [], ""emails"": [], ""phones"": [], ""ip_addresses"": [], ""crypto_wallets"": []}",Traveling to the Olympics in Italy? Here’s how to avoid a scam,https://consumer.ftc.gov/consumer-alerts/2026/01/traveling-olympics-italy-heres-how-avoid-scam,"Image With the winter Olympics in Italy fast approaching, athletes around the world are fine-tuning their routines, sharpening their skates, and finalizing their travel itineraries. If you’re planning to go to the Olympics, having a sound game plan is a key to success, just as it is for the competitors. Here’s what to know about travel, ticket, and vacation rental scams before you embark on your journey. Travel Documents If you’re an American citizen going to Italy for the Olympics, you don’t need a travel visa if you’re staying less than 90 days. If you’re staying longer than 90 days and need visa services, watch for copycat websites made to look like the official U.S. Department of State or other government organizations. They claim to help you get an international travel visa, passport, or other documents and may charge you high fees or charge you for services that are free. To learn more about travel requirements for Italy, see the U.S. Department of State’s webpage about Italy . Tickets to the Olympic Games When it comes to tickets, ticket re-sellers or brokers aren’t authorized to sell tickets to the 2026 Olympics in Italy. The only place to buy them is the Milano Cortina 2026 Olympics website . So, if you see tickets for sale elsewhere, it’s a scam. Vacation Rentals If you’re looking to rent an apartment or vacation home, be on the lookout for rental listing scams. Scammers copy legitimate rental listings, changing the contact information so you reach them instead of the real landlord, and posting their fake listing on a different site. Or they make up listings for places that aren’t for rent or don’t exist. Learn how to spot and avoid fake vacation rental ads . If you see a scam, report it to the Federal Trade Commission at ReportFraud.ftc.gov . Search Terms scam","Image With the winter Olympics in Italy fast approaching, athletes around the world are fine-tuning their routines, sharpening their skates, and finalizing their travel itineraries. If you’re planning to go to the Olympics, having a sound game plan is a key to success, just as it is for the competitors. Here’s what to know about travel, ticket, and vacation rental scams before you embark on your journey. Travel Documents If you’re an American citizen going to Italy for the Olympics, you don’t need a travel visa if you’re staying less than 90 days. If you’re staying longer than 90 days and need visa services, watch for copycat websites made to look like the official U.S. Department of State or other government organizations. They claim to help you get an international travel visa, passport, or other documents and may charge you high fees or charge you for services that are free. To learn more about travel requirements for Italy, see the U.S. Department of State’s webpage about Italy . T",1801
20872b8e89c654,2026-01-07,2026,1,FTC Consumer Advice - Consumer Alerts,"[""other""]","{""urls"": [], ""domains"": [], ""emails"": [], ""phones"": [], ""ip_addresses"": [], ""crypto_wallets"": []}",Spot the scams when fixing your credit,https://consumer.ftc.gov/consumer-alerts/2026/01/spot-scams-when-fixing-your-credit,"If there’s information on your credit report that’s correct but not so great, it can make it harder to get credit with good terms. But there are things you can do yourself for free to help fix your credit. Credit repair companies also charge to do the same things. Before you consider paying, though, know the rules these companies have to follow — rules dishonest companies and scammers often break. Before they do any work for you, credit repair companies have to write up a detailed contract that explains your legal rights (like your three-day right to cancel without any charge) and the total cost of their services. It’s illegal for credit repair companies to lie about what they can do for you, charge you before they help you, or ask you to lie on credit applications. Credit repair companies also can’t legally remove negative information from your credit report that’s correct and up to date. Here are some ways to help fix your credit: Fix mistakes in your credit reports . Get your free credit report from AnnualCreditReport.com . If you see a mistake, write to the credit bureau and the business that reported the information . For more information, read Disputing Errors on Your Credit Reports . Pay your bills on time, pay off debt, and don’t take on new debt. It takes time to improve your credit. If there’s accurate negative information in your credit report, credit repair companies can’t remove it for you legally. It’ll go away with time. Find real help. Your local credit union, university, or military personal financial manager might be able to recommend a non-profit credit counseling program that can help. Read Fixing Your Credit FAQs to learn more about credit, credit repair, and how to help improve your credit.","If there’s information on your credit report that’s correct but not so great, it can make it harder to get credit with good terms. But there are things you can do yourself for free to help fix your credit. Credit repair companies also charge to do the same things. Before you consider paying, though, know the rules these companies have to follow — rules dishonest companies and scammers often break. Before they do any work for you, credit repair companies have to write up a detailed contract that explains your legal rights (like your three-day right to cancel without any charge) and the total cost of their services. It’s illegal for credit repair companies to lie about what they can do for you, charge you before they help you, or ask you to lie on credit applications. Credit repair companies also can’t legally remove negative information from your credit report that’s correct and up to date. Here are some ways to help fix your credit: Fix mistakes in your credit reports . Get your free c",1741
c598b2f71736bd,2026-01-05,2026,1,FTC Consumer Advice - Consumer Alerts,"[""identity_fraud""]","{""urls"": [], ""domains"": [], ""emails"": [], ""phones"": [""1-877-322-8228""], ""ip_addresses"": [], ""crypto_wallets"": []}",Influencers are pushing this illegal trick to “fix” your credit report,https://consumer.ftc.gov/consumer-alerts/2026/01/influencers-are-pushing-illegal-trick-fix-your-credit-report,"(View or share the YouTube version of this video.) Looking for some life hacks or advice about managing money? There’s no shortage of online influencers ready to help. But not all advice is good advice (or truthful). And in some cases, what they’re telling you might be more than a bad idea — it might be illegal. Credit matters. What’s in your credit report can be used to decide things like whether someone will loan you money, give you credit, offer you insurance, rent or sell you a home, or even hire you. If there’s a lot of negative information in your credit report, you also might have to pay more in interest to borrow money. Some online influencers are telling people they have a fix: file a false identity theft report about a debt they owe. That’s advice not to take. Filing a false identity theft report may leave you worse off — and it’s a crime that could get you a fine, imprisonment, or both. The truth is, credit repair companies can’t legally remove information from your credit report if it’s accurate and current. But there are things you can do for free to improve your credit. Learn more at ftc.gov/creditrepair . Not sure what’s in your credit report? All three nationwide credit bureaus (Equifax, Experian, and TransUnion) have permanently extended a program that lets everyone in the U.S. check their credit report from each once a week for free at AnnualCreditReport.com . That’s in addition to the free copy each nationwide credit bureau is required to give you once every 12 months if you ask for it at AnnualCreditReport.com or by calling 1-877-322-8228.","(View or share the YouTube version of this video.) Looking for some life hacks or advice about managing money? There’s no shortage of online influencers ready to help. But not all advice is good advice (or truthful). And in some cases, what they’re telling you might be more than a bad idea — it might be illegal. Credit matters. What’s in your credit report can be used to decide things like whether someone will loan you money, give you credit, offer you insurance, rent or sell you a home, or even hire you. If there’s a lot of negative information in your credit report, you also might have to pay more in interest to borrow money. Some online influencers are telling people they have a fix: file a false identity theft report about a debt they owe. That’s advice not to take. Filing a false identity theft report may leave you worse off — and it’s a crime that could get you a fine, imprisonment, or both. The truth is, credit repair companies can’t legally remove information from your credit r",1585
5f12d4c75bbab2,2026-01-02,2026,1,FTC Consumer Advice - Consumer Alerts,"[""identity_fraud""]","{""urls"": [], ""domains"": [], ""emails"": [], ""phones"": [], ""ip_addresses"": [], ""crypto_wallets"": []}",Planning for 2026? Add Identity Theft Awareness Week to your calendar,https://consumer.ftc.gov/consumer-alerts/2025/12/planning-2026-add-identity-theft-awareness-week-your-calendar,"If you’re taking stock of your finances, setting goals, and preparing for a fresh start in 2026, make protecting yourself against identity theft part of your 2026 planning. Why? Identity thieves can drain your bank account, ruin your credit, and even block access to your health benefits and tax refund. On the bright side, there are ways to protect yourself. Identity Theft Awareness Week (IDTAW) is a great opportunity to learn more about getting started. IDTAW runs from January 26-30 this year. During the week, the FTC and its partners are organizing free webinars, hosting podcasts, Facebook Live interviews, and other events to help you and people you know test your identity theft knowledge, take steps that make it harder for identity pirates to get their hands on your information, and find the tools to recover if identity theft happens to you. But don’t wait for IDTAW! Here’s what you can do now: Get and share free resources at ftc.gov/IDTheftWeek to help build awareness about identity theft and how it can happen to anyone. Bookmark the IDTAW page and check for updates. Free events will be posted there. Watch and share FTC videos on identity theft to learn more about identity theft and help your community protect against it. If identity theft has happened to you or someone you know, go to IdentityTheft.gov to report it and get a personalized recovery plan. Learn more about identity theft at ftc.gov/IDTheft . We’re eager to see you during IDTAW! Image Search Terms identity theft","If you’re taking stock of your finances, setting goals, and preparing for a fresh start in 2026, make protecting yourself against identity theft part of your 2026 planning. Why? Identity thieves can drain your bank account, ruin your credit, and even block access to your health benefits and tax refund. On the bright side, there are ways to protect yourself. Identity Theft Awareness Week (IDTAW) is a great opportunity to learn more about getting started. IDTAW runs from January 26-30 this year. During the week, the FTC and its partners are organizing free webinars, hosting podcasts, Facebook Live interviews, and other events to help you and people you know test your identity theft knowledge, take steps that make it harder for identity pirates to get their hands on your information, and find the tools to recover if identity theft happens to you. But don’t wait for IDTAW! Here’s what you can do now: Get and share free resources at ftc.gov/IDTheftWeek to help build awareness about identity",1502
cb0c05850e8d1f,2025-12-29,2025,12,FTC Consumer Advice - Consumer Alerts,"[""consumer_fraud"", ""identity_fraud""]","{""urls"": [], ""domains"": [], ""emails"": [], ""phones"": [], ""ip_addresses"": [], ""crypto_wallets"": []}",Looking to fix your credit? An illegal credit repair scam isn’t the answer,https://consumer.ftc.gov/consumer-alerts/2025/12/looking-fix-your-credit-illegal-credit-repair-scam-isnt-answer,"(View or share the YouTube version of this video.) Need better credit to do things like get a loan, buy a car, or rent an apartment? There are things you can do, but don’t believe a credit repair company that promises to remove accurate and up-to-date information. Also avoid companies that tell you to knowingly file a false identity theft report — that’s a crime, and it could result in a fine, imprisonment, or both — and companies that promise to create a “new” credit identity or hide your bad credit history or bankruptcy. Anything a credit repair company can do, you'll be able to do for yourself for little or no cost. The best way to improve your credit is to show over time that you pay your debts when they’re due. It’s also a good idea to regularly check your credit report and dispute any errors you find. Learn more about getting your free credit report . Here’s how to know if you’re dealing with a scammy credit repair company: Scammers insist you pay them before they help you. Scammers tell you not to contact the credit bureaus directly. Scammers tell you to dispute information in your credit report you know is accurate. Scammers tell you to lie on your applications for credit or a loan. Scammers tell you to file a false identity theft report. Scammers don’t explain your legal rights when they tell you what they can do for you. For more on what you can do to improve your credit, read Fixing Your Credit FAQs . Search Terms credit repair","(View or share the YouTube version of this video.) Need better credit to do things like get a loan, buy a car, or rent an apartment? There are things you can do, but don’t believe a credit repair company that promises to remove accurate and up-to-date information. Also avoid companies that tell you to knowingly file a false identity theft report — that’s a crime, and it could result in a fine, imprisonment, or both — and companies that promise to create a “new” credit identity or hide your bad credit history or bankruptcy. Anything a credit repair company can do, you'll be able to do for yourself for little or no cost. The best way to improve your credit is to show over time that you pay your debts when they’re due. It’s also a good idea to regularly check your credit report and dispute any errors you find. Learn more about getting your free credit report . Here’s how to know if you’re dealing with a scammy credit repair company: Scammers insist you pay them before they help you. Scamm",1462
cd9846fd46c365,2025-12-22,2025,12,FTC Consumer Advice - Consumer Alerts,"[""other""]","{""urls"": [], ""domains"": [], ""emails"": [], ""phones"": [], ""ip_addresses"": [], ""crypto_wallets"": []}",FTC warns businesses about fake reviews,https://consumer.ftc.gov/consumer-alerts/2025/12/ftc-warns-businesses-about-fake-reviews,"Whether you’re hiring a contractor, looking for an apartment, or shopping online, chances are you check out online reviews first. Many people use reviews to see the honest opinions of other buyers — and companies rely on reviews to stand out from the crowd. But some companies write, post, or pay for fake reviews — and that hurts people and honest companies. To protect consumers, the FTC monitors the marketplace and brings cases against companies using deceptive and unfair business practices. The agency recently sent warning letters to companies urging them to take a look at their reviews and remove any deceptive or misleading statements. The FTC’s letters remind companies that creating, buying, or posting fake reviews, or giving incentives for only positive reviews, may trigger enforcement actions and fines. Here are some steps to take when you consider reviews : Look at a variety of sources and pay attention to whether a website or its reviews are independent or sponsored. Check how recent the reviews are and watch for a burst of reviews over a short period of time. That can sometimes mean the reviews are fake. Report fake reviews to the website or platform where they appear — like Google, Amazon, or Walmart, among others. Here’s how to report suspicious online reviews across some popular websites. Be sure to tell the FTC about the fake reviews you spot at ReportFraud.ftc.gov . Follow the reporting path for whatever product or service you were looking at, and choose “Other” if you don’t see a path. Just be sure to include “fake review” in the comments field.","Whether you’re hiring a contractor, looking for an apartment, or shopping online, chances are you check out online reviews first. Many people use reviews to see the honest opinions of other buyers — and companies rely on reviews to stand out from the crowd. But some companies write, post, or pay for fake reviews — and that hurts people and honest companies. To protect consumers, the FTC monitors the marketplace and brings cases against companies using deceptive and unfair business practices. The agency recently sent warning letters to companies urging them to take a look at their reviews and remove any deceptive or misleading statements. The FTC’s letters remind companies that creating, buying, or posting fake reviews, or giving incentives for only positive reviews, may trigger enforcement actions and fines. Here are some steps to take when you consider reviews : Look at a variety of sources and pay attention to whether a website or its reviews are independent or sponsored. Check how r",1585
8f870fccb4a577,2025-12-19,2025,12,FTC Consumer Advice - Consumer Alerts,"[""consumer_fraud""]","{""urls"": [], ""domains"": [], ""emails"": [""goldenagegames@va.gov""], ""phones"": [], ""ip_addresses"": [], ""crypto_wallets"": []}","The National Veterans Golden Age Games are free, no matter what scammers say",https://consumer.ftc.gov/consumer-alerts/2025/12/national-veterans-golden-age-games-are-free-no-matter-what-scammers-say,"The Department of Veterans Affairs (VA) hosts free events like the National Veterans Golden Age Games to encourage older adults in the veteran community to get active for better health and wellness. But veterans are reporting finding websites or pages on social media that charge a fee to register for the games. These are fakes. Whether you’re looking to compete or just want to watch the games, here’s how to cross the finish line without running into a scam. If you’re planning to compete in the Golden Age Games , know that the VA is the only official host. This means you can only register through VA.gov using your ID.me account . And it’s completely free for you, your caregiver, your coach, and your loved ones to register to compete or watch the games. Registration doesn’t open until January 28, 2026, so anything that says you can “register now” is a sure sign of a scam. To help you avoid VA imposter scams: Only register through VA.gov. That’s the same website you use for all of your veterans benefits. And make sure your ID.me account is up to date so the VA can confirm it’s really you registering. Never pay for a VA event. If someone says you have to pay to register or to watch a VA-hosted event, that’s a scam. Walk away. Never share your VA credentials. Scammers can use that information to steal your identity or your benefits. If you have any questions about the games, email GoldenAgeGames@Va.Gov . And if you spot a scam, tell the FTC at ReportFraud.ftc.gov . Scams Avoiding and Reporting Scams Scams Against Older Adults Government Impersonators","The Department of Veterans Affairs (VA) hosts free events like the National Veterans Golden Age Games to encourage older adults in the veteran community to get active for better health and wellness. But veterans are reporting finding websites or pages on social media that charge a fee to register for the games. These are fakes. Whether you’re looking to compete or just want to watch the games, here’s how to cross the finish line without running into a scam. If you’re planning to compete in the Golden Age Games , know that the VA is the only official host. This means you can only register through VA.gov using your ID.me account . And it’s completely free for you, your caregiver, your coach, and your loved ones to register to compete or watch the games. Registration doesn’t open until January 28, 2026, so anything that says you can “register now” is a sure sign of a scam. To help you avoid VA imposter scams: Only register through VA.gov. That’s the same website you use for all of your ve",1571
af8a825d07fc62,2025-12-18,2025,12,FTC Consumer Advice - Consumer Alerts,"[""other""]","{""urls"": [], ""domains"": [], ""emails"": [], ""phones"": [], ""ip_addresses"": [], ""crypto_wallets"": []}",The FTC says Instacart didn’t deliver on their promises,https://consumer.ftc.gov/consumer-alerts/2025/12/ftc-says-instacart-didnt-deliver-their-promises,"You’ve probably seen ads online, on TV, or on social media for subscription offers. They could be for anything from gifts and groceries to snacks and magazines. Some say you can try the subscription for free — but it might not be true. Some will auto-renew if you don’t cancel first, which might come as a surprise. Sometimes you’re signed up for a subscription without even knowing it. Problems with subscriptions or membership fees can happen when a business doesn’t clearly explain that it will keep billing you unless you do something. And that’s what the FTC alleges happened with Maplebear Inc., doing business as Instacart. According to the FTC, Instacart violated the law when, among other things, it charged people annual membership fees for its subscription service after they’d completed free trials — without getting their consent. If you’re thinking of signing up for a free trial or subscription, here are some things to keep in mind: Read all the details before signing up. See if the business will keep charging you unless you tell them to stop. Look for pre-checked boxes. Some businesses use these hoping you won’t notice that you’re agreeing to be billed later. Uncheck the box if you don’t agree with what it says. Make sure you know how to cancel. When signing up, look for an explanation of how to cancel. Businesses must provide simple ways for you to cancel an unwanted subscription. Don’t sign up for a subscription if you aren’t sure how to cancel it. If you’re charged without your consent and the company won’t refund your money, dispute the charge with your credit or debit card company right away. Then tell the FTC: ReportFraud.ftc.gov .","You’ve probably seen ads online, on TV, or on social media for subscription offers. They could be for anything from gifts and groceries to snacks and magazines. Some say you can try the subscription for free — but it might not be true. Some will auto-renew if you don’t cancel first, which might come as a surprise. Sometimes you’re signed up for a subscription without even knowing it. Problems with subscriptions or membership fees can happen when a business doesn’t clearly explain that it will keep billing you unless you do something. And that’s what the FTC alleges happened with Maplebear Inc., doing business as Instacart. According to the FTC, Instacart violated the law when, among other things, it charged people annual membership fees for its subscription service after they’d completed free trials — without getting their consent. If you’re thinking of signing up for a free trial or subscription, here are some things to keep in mind: Read all the details before signing up. See if the ",1668
a8929c23560fcf,2025-12-12,2025,12,FTC Consumer Advice - Consumer Alerts,"[""consumer_fraud"", ""crypto_fraud""]","{""urls"": [], ""domains"": [], ""emails"": [], ""phones"": [""1-800-318-2596""], ""ip_addresses"": [], ""crypto_wallets"": []}",How to avoid health insurance scams this open enrollment season,https://consumer.ftc.gov/consumer-alerts/2025/12/how-avoid-health-insurance-scams-open-enrollment-season,"If you’re looking to get insurance from the Health Insurance Marketplace, you have until January 15 th to sign up. But dishonest companies sometimes advertise comprehensive health insurance when it’s really a medical discount plan or a health plan with limited insurance benefits. And, sometimes, an insurance “offer” is just a scam. As you compare your options, here are some things to consider: Know some warning signs. If ads for the so-called insurance focus on free stuff you’d get if you sign up — like money for groceries — and downplay the coverage, take a much closer look to really understand what you’d be getting. Don’t pay for help enrolling . It’s free to sign up through the Health Insurance Marketplace . And don’t pay anyone who says you have to give them cash, cryptocurrency, or your credit or debit card numbers to get or keep your health coverage. No matter who they say they are. Compare and sign up at the source . Go to HealthCare.gov or call the Marketplace Call Center (1-800-318-2596) to get help or sign up. You can also get free help from professionals : Assisters , organizations and individuals in your community, give free, independent advice, answer questions, and help you apply for and enroll in any Marketplace health plan. They can also help you apply for free or low-cost Medicaid or Children’s Health Insurance Program (CHIP) coverage. Agents/brokers can answer questions and help you apply and enroll in the Marketplace health plans they sell, which may not be all the plans available to you. Insurance companies pay them when they sell their plans. Agents and brokers can also refer you to get help for Medicaid or CHIP coverage. Time is of the essence: sign up by December 15 for coverage starting January 1. Open season ends on January 15 for coverage starting February 1. Spot a scammy healthcare ad? Tell the FTC at ReportFraud.ftc.gov .","If you’re looking to get insurance from the Health Insurance Marketplace, you have until January 15 th to sign up. But dishonest companies sometimes advertise comprehensive health insurance when it’s really a medical discount plan or a health plan with limited insurance benefits. And, sometimes, an insurance “offer” is just a scam. As you compare your options, here are some things to consider: Know some warning signs. If ads for the so-called insurance focus on free stuff you’d get if you sign up — like money for groceries — and downplay the coverage, take a much closer look to really understand what you’d be getting. Don’t pay for help enrolling . It’s free to sign up through the Health Insurance Marketplace . And don’t pay anyone who says you have to give them cash, cryptocurrency, or your credit or debit card numbers to get or keep your health coverage. No matter who they say they are. Compare and sign up at the source . Go to HealthCare.gov or call the Marketplace Call Center (1-80",1882
396f3acbe5b12f,2025-12-11,2025,12,FTC Consumer Advice - Consumer Alerts,"[""consumer_fraud""]","{""urls"": [], ""domains"": [], ""emails"": [], ""phones"": [], ""ip_addresses"": [], ""crypto_wallets"": []}",Stolen funds for the holidays: Spot this military bank scam,https://consumer.ftc.gov/consumer-alerts/2025/12/stolen-funds-holidays-spot-military-bank-scam,"People in the military are known for looking out for one another. That’s why scammers set up camp outside military banks pretending to need help — just to get through the holidays. But take a tactical pause. This might be a scammer looking to use your phone to drain your bank accounts. Learn to spot and avoid this scam. We’re hearing from people who’ve been approached outside a military bank like USAA or Navy Federal. Someone stops them and says they’re in a tough situation, can’t access their bank accounts, and need money for groceries. Sometimes they even have a crying child with them. They’ll ask you to send them a few bucks using the bank’s mobile app. But once you open the app, the scammer reaches for your phone. You think they’re entering their phone number or email address to complete the transfer from that one account. But instead, the scammer is taking money from your other accounts, too. Some reports say the scammer distracts you with questions about your travel plans…while they apply for instant bank loans in your name and use other payment apps to transfer your money to their accounts. To avoid this scam: Never hand over your phone to someone you don’t know. That’s a sign of a scam. Also, your bank may not reverse fraudulent transactions since it looks like you initiated them. Slow down. Scammers pressure you to act immediately. Taking a moment to think will often help you spot the scam. Share this advice with your military loved ones this holiday season. And if you spot a scam like this one, tell your local police and your state attorney general . Then, tell the FTC at ReportFraud.ftc.gov . Image Search Terms military","People in the military are known for looking out for one another. That’s why scammers set up camp outside military banks pretending to need help — just to get through the holidays. But take a tactical pause. This might be a scammer looking to use your phone to drain your bank accounts. Learn to spot and avoid this scam. We’re hearing from people who’ve been approached outside a military bank like USAA or Navy Federal. Someone stops them and says they’re in a tough situation, can’t access their bank accounts, and need money for groceries. Sometimes they even have a crying child with them. They’ll ask you to send them a few bucks using the bank’s mobile app. But once you open the app, the scammer reaches for your phone. You think they’re entering their phone number or email address to complete the transfer from that one account. But instead, the scammer is taking money from your other accounts, too. Some reports say the scammer distracts you with questions about your travel plans…while t",1658
6db74f0cbf87ab,2025-12-09,2025,12,FTC Consumer Advice - Consumer Alerts,"[""consumer_fraud"", ""crypto_fraud""]","{""urls"": [], ""domains"": [], ""emails"": [], ""phones"": [], ""ip_addresses"": [], ""crypto_wallets"": []}",Scammers are impersonating FTC Chief Privacy Officer John Krebs,https://consumer.ftc.gov/consumer-alerts/2025/12/scammers-are-impersonating-ftc-chief-privacy-officer-john-krebs,"All year round, scammers pose as government agencies like the Federal Trade Commission (FTC) to try to steal your money. Scammers sometimes make unexpected calls pretending to be FTC employees like Chief Privacy Officer John Krebs — but it’s not actually him. Here’s how the scam works so you can spot and avoid it. People are reporting getting unexpected calls from someone saying they’re “ agent ” John Krebs — even though the FTC doesn’t have “agents.” The caller says that you’re under investigation for money laundering (you’re not, it’s a lie). To “resolve the matter,” the caller wants you to deposit money at a Bitcoin ATM — but it’s a scam, so hang up and keep your money. Scammers sometimes fake caller ID numbers to make it look like it’s an FTC employee calling. Even if the caller uses the name of a real FTC employee, nobody from the FTC will ever tell you to pay or move your money to “fix a problem.” That’s a scam. To protect yourself from scams like this: Never transfer or send money to anyone in response to an unexpected call or message , no matter who they say they are. Know that the FTC won’t ask for money. In fact, no government agency will ever tell you to deposit money at a cryptocurrency ATM , buy gift cards and share the numbers, or send money over a payment app like Zelle, Cash App, or Venmo. Don’t trust your caller ID. A call might look like it’s coming from the government or a business, but scammers often fake caller ID. If you get a call like this, hang up. Don’t call the number back. Then report it to the FTC at ReportFraud.ftc.gov . (View or share the YouTube version of the video. )","All year round, scammers pose as government agencies like the Federal Trade Commission (FTC) to try to steal your money. Scammers sometimes make unexpected calls pretending to be FTC employees like Chief Privacy Officer John Krebs — but it’s not actually him. Here’s how the scam works so you can spot and avoid it. People are reporting getting unexpected calls from someone saying they’re “ agent ” John Krebs — even though the FTC doesn’t have “agents.” The caller says that you’re under investigation for money laundering (you’re not, it’s a lie). To “resolve the matter,” the caller wants you to deposit money at a Bitcoin ATM — but it’s a scam, so hang up and keep your money. Scammers sometimes fake caller ID numbers to make it look like it’s an FTC employee calling. Even if the caller uses the name of a real FTC employee, nobody from the FTC will ever tell you to pay or move your money to “fix a problem.” That’s a scam. To protect yourself from scams like this: Never transfer or send mon",1627
d9140be92f2686,2025-12-08,2025,12,FTC Consumer Advice - Consumer Alerts,"[""consumer_fraud"", ""cybercrime""]","{""urls"": [], ""domains"": [], ""emails"": [], ""phones"": [], ""ip_addresses"": [], ""crypto_wallets"": []}","Lights, camera, scam! Spot virtual casting call scams",https://consumer.ftc.gov/consumer-alerts/2025/12/lights-camera-scam-spot-virtual-casting-call-scams,"You never know where your big Hollywood break will come from. But it probably won’t start with an unexpected text message about a virtual casting call. That’s likely a scam. Learn the cues to avoid this type of phishing scam. We’ve heard from people who’ve gotten text messages from a “talent scout” offering auditions for a well-known movie like “The Devil Wears Prada 2” or a show like “Ted Lasso.” The unexpected text message might ask if you’re still available tomorrow for a virtual open call (you never were). If you respond, you might end up in a virtual “audition” that’s actually a high-pressure sales pitch to sign up for bogus photo shoots or fake acting classes . But first, the plot twist: There’s always a reason you have to pay or hand over bank information before you participate in the casting. Paying to get a job is always a sign of a scam. Real companies won’t ask you to pay anything upfront. Here are things you can do to avoid a casting call text scam : Don’t respond to unexpected text messages. Never reply or click links in unexpected messages. You might end up engaging with a scammer. Do some research. Search online for the casting call or casting director’s name with words like “scam,” “review,” or “complaint.” See what others are saying . Never pay to get paid. Scammers will try to charge you for test shoots, head shots, or to “secure your spot” for a job. A real talent agency finds jobs for you and pays you after the client pays them. Send unwanted texts to 7726 (SPAM) or use your phone’s “report junk” option. Once you’ve reported it, delete the message. And if you spot a scam, tell the FTC at ReportFraud.ftc.gov .","You never know where your big Hollywood break will come from. But it probably won’t start with an unexpected text message about a virtual casting call. That’s likely a scam. Learn the cues to avoid this type of phishing scam. We’ve heard from people who’ve gotten text messages from a “talent scout” offering auditions for a well-known movie like “The Devil Wears Prada 2” or a show like “Ted Lasso.” The unexpected text message might ask if you’re still available tomorrow for a virtual open call (you never were). If you respond, you might end up in a virtual “audition” that’s actually a high-pressure sales pitch to sign up for bogus photo shoots or fake acting classes . But first, the plot twist: There’s always a reason you have to pay or hand over bank information before you participate in the casting. Paying to get a job is always a sign of a scam. Real companies won’t ask you to pay anything upfront. Here are things you can do to avoid a casting call text scam : Don’t respond to unexpe",1656
c683acaf05d3c4,2025-12-03,2025,12,FTC Consumer Advice - Consumer Alerts,"[""consumer_fraud"", ""identity_fraud""]","{""urls"": [], ""domains"": [], ""emails"": [], ""phones"": [], ""ip_addresses"": [], ""crypto_wallets"": []}",Can you unbox the signs of a reshipping scam?,https://consumer.ftc.gov/consumer-alerts/2025/12/can-you-unbox-signs-reshipping-scam,"A work-from-home job promising easy money and a fancy title like “delivery operations specialist” or “quality control manager” might sound great. But if the offer says all you need to do is receive shipments, repackage them, and send them on to a new address, it’s a reshipping scam . Here’s what the “employer” leaves out of the job description. When scammers send fake job offers, they sometimes lie about being affiliated with familiar companies like Amazon or FedEx. And they use stolen credit card or bank information to send you high-dollar items (like brand new electronics). Your “job” is to throw out the original box and receipt and send those stolen goods on to another address, often an international one, where it can’t be tracked. You may not even know it was a scam until payday comes and goes without a word (or a dollar) — and your “employer” has ghosted you. And if you shared personal information like a bank account or Social Security number or a photocopy of your ID, you might have an identity theft problem . No matter how someone packages a job offer, take these steps to avoid a scam : Search the employer online. Look up the name of the company or the person who’s hiring you, plus the words “scam,” “review,” or “complaint.” If others say they’ve been scammed by that company or person, walk away. Talk with someone you trust. Describe the offer to them. What do they think? This also helps give you vital time to think about the offer. If you think you’ve already shared personal information, go to IdentityTheft.gov/steps to get advice on how to protect yourself before identity theft happens. Reshipping goods is never a real job. Report these scams to the FTC at ReportFraud.ftc.gov and the U.S. Postal Inspection Service at uspis.gov/report .","A work-from-home job promising easy money and a fancy title like “delivery operations specialist” or “quality control manager” might sound great. But if the offer says all you need to do is receive shipments, repackage them, and send them on to a new address, it’s a reshipping scam . Here’s what the “employer” leaves out of the job description. When scammers send fake job offers, they sometimes lie about being affiliated with familiar companies like Amazon or FedEx. And they use stolen credit card or bank information to send you high-dollar items (like brand new electronics). Your “job” is to throw out the original box and receipt and send those stolen goods on to another address, often an international one, where it can’t be tracked. You may not even know it was a scam until payday comes and goes without a word (or a dollar) — and your “employer” has ghosted you. And if you shared personal information like a bank account or Social Security number or a photocopy of your ID, you might h",1774
77b5da8ec9fdc7,2025-12-01,2025,12,FTC Consumer Advice - Consumer Alerts,"[""consumer_fraud"", ""crypto_fraud""]","{""urls"": [], ""domains"": [], ""emails"": [], ""phones"": [], ""ip_addresses"": [], ""crypto_wallets"": []}",Donate to charities (not scammers) on Giving Tuesday,https://consumer.ftc.gov/consumer-alerts/2025/11/donate-charities-not-scammers-giving-tuesday,"Chances are, you’re probably already hearing from charities about Giving Tuesday. It’s a great time to support the work of charities around the country. Unfortunately, not everyone asking for money is a real charity. As the year comes to a close, you’ll likely get calls, texts, and emails asking for donations. Here’s how to make sure your money goes to real causes that matter to you instead of to a scammer. Confirm the charity is legit. Make sure you have the charity’s exact name and then do some research . Some dishonest telemarketers will use names that sound like well-known charities to confuse you, so here are some places to start: BBB Wise Giving Alliance and Charity Watch offer reports and ratings on how charities spend donations and run as organizations. Your state charity regulator can tell you if a charity is registered with them, which is a requirement in most states. Check that your donation is really going to the programs you want to help. Call the charity directly and ask how much of your donation will go to the programs you care about. You may also be able to get this information from the charity’s website. Consider how you pay. The safest way to donate is by credit card or check. If someone says the only way to pay is with cryptocurrency, a payment app, gift card, or by wiring money, it’s likely a scam, not a real charity. Double-check links. Pay attention to who’s asking and who’s getting the money —even if it’s something a friend posts on social media . If you’re sent to a crowdfunding page, money will go directly to the organizer…who might not be closely tied to the cause you want to support. Spot a fake charity? Tell the FTC at ReportFraud.ftc.gov.","Chances are, you’re probably already hearing from charities about Giving Tuesday. It’s a great time to support the work of charities around the country. Unfortunately, not everyone asking for money is a real charity. As the year comes to a close, you’ll likely get calls, texts, and emails asking for donations. Here’s how to make sure your money goes to real causes that matter to you instead of to a scammer. Confirm the charity is legit. Make sure you have the charity’s exact name and then do some research . Some dishonest telemarketers will use names that sound like well-known charities to confuse you, so here are some places to start: BBB Wise Giving Alliance and Charity Watch offer reports and ratings on how charities spend donations and run as organizations. Your state charity regulator can tell you if a charity is registered with them, which is a requirement in most states. Check that your donation is really going to the programs you want to help. Call the charity directly and ask ",1695
f32e674803211a,2025-11-25,2025,11,FTC Consumer Advice - Consumer Alerts,"[""consumer_fraud"", ""crypto_fraud""]","{""urls"": [], ""domains"": [], ""emails"": [], ""phones"": [], ""ip_addresses"": [], ""crypto_wallets"": []}",How to avoid an online shopping scam this holiday season,https://consumer.ftc.gov/consumer-alerts/2025/11/how-avoid-online-shopping-scam-holiday-season,"Does it feel like the holidays come around faster and faster every year? If you’re looking to save time by avoiding the crowds and doing some holiday shopping online, know that scammers camp out online all year long. So if you’re planning to shop online for holiday gifts, how can you avoid accidentally running into a scam? Scammers are everywhere online — ESPECIALLY on social media. They sometimes impersonate real companies and run ads for brand-name products at unusually low prices. But if you click the link in the ad, it could send you to a scammy website designed to take your money in exchange for a counterfeit item, something that looks completely different from the picture in the ad, or nothing at all. When you’re shopping online, here are some ways to protect yourself during the holidays and year-round: Do some research. Before you buy, search online for the seller’s name and the website URL the ad sends you to, plus words like “review,” “complaint,” or “scam” to see what others have to say . Pay by credit card , when possible. If you’re charged twice, billed for something you never got, or get a wrong or damaged item, you can dispute the charge with your credit card company. And if the seller says you can only pay with a gift card , wire transfer , payment app , or cryptocurrency , it’s probably a scam. Keep records. If something goes wrong , having your receipt and order confirmation number can help you get your money back from the seller. Also, sellers have to ship your order by the time they or their ads say they will — or give you the chance to get your money back. Visit ftc.gov/OnlineShopping to learn more. And if you spot a scam, tell the FTC at ReportFraud.ftc.gov .","Does it feel like the holidays come around faster and faster every year? If you’re looking to save time by avoiding the crowds and doing some holiday shopping online, know that scammers camp out online all year long. So if you’re planning to shop online for holiday gifts, how can you avoid accidentally running into a scam? Scammers are everywhere online — ESPECIALLY on social media. They sometimes impersonate real companies and run ads for brand-name products at unusually low prices. But if you click the link in the ad, it could send you to a scammy website designed to take your money in exchange for a counterfeit item, something that looks completely different from the picture in the ad, or nothing at all. When you’re shopping online, here are some ways to protect yourself during the holidays and year-round: Do some research. Before you buy, search online for the seller’s name and the website URL the ad sends you to, plus words like “review,” “complaint,” or “scam” to see what others ",1708
c8e0ff78c6d45f,2025-11-24,2025,11,FTC Consumer Advice - Consumer Alerts,"[""other""]","{""urls"": [], ""domains"": [], ""emails"": [], ""phones"": [], ""ip_addresses"": [], ""crypto_wallets"": []}",Help kids protect their devices,https://consumer.ftc.gov/consumer-alerts/2025/11/help-kids-protect-their-devices,"Online safety starts with protecting your kids’ devices from hackers and scammers. Here are some steps to keep kids safer while they’re on a phone, tablet, or laptop. Consider taking these steps on your kids’ behalf and, as they get older, teaching them how to secure their devices and build good online habits. Set automatic updates on phones , tablets, and laptops to protect your kids’ apps, web browsers, and operating systems. Use strong passwords. Make sure your kids’ accounts and devices are protected by unique passwords. Consider helping teenagers set up and use a password manager, or the device’s password generator — and remind them not to leave devices unattended in public places. Secure your home wi-fi network. To protect your home network — for your own benefit and your kids’ — change your router’s default name and password. Turn off remote management, and log out as the administrator once the router is set up. Use parental controls to help reinforce good online habits and create safer spaces for kids to learn and play online. And, to have a better handle on what kids might be spending online, consider using parental controls to disable in-app purchases or require a password for all purchases on phones or tablets. Learn more information about protecting kids online while enhancing their safety, privacy, and healthy development at ftc.gov/KidsOnline .","Online safety starts with protecting your kids’ devices from hackers and scammers. Here are some steps to keep kids safer while they’re on a phone, tablet, or laptop. Consider taking these steps on your kids’ behalf and, as they get older, teaching them how to secure their devices and build good online habits. Set automatic updates on phones , tablets, and laptops to protect your kids’ apps, web browsers, and operating systems. Use strong passwords. Make sure your kids’ accounts and devices are protected by unique passwords. Consider helping teenagers set up and use a password manager, or the device’s password generator — and remind them not to leave devices unattended in public places. Secure your home wi-fi network. To protect your home network — for your own benefit and your kids’ — change your router’s default name and password. Turn off remote management, and log out as the administrator once the router is set up. Use parental controls to help reinforce good online habits and crea",1380
5698ff4b66fa68,2025-11-20,2025,11,FTC Consumer Advice - Consumer Alerts,"[""consumer_fraud"", ""drug_trafficking""]","{""urls"": [], ""domains"": [], ""emails"": [], ""phones"": [], ""ip_addresses"": [], ""crypto_wallets"": []}",An “agent” told me to stay off the internet. Is it a scam?,https://consumer.ftc.gov/consumer-alerts/2025/11/agent-told-me-stay-internet-it-scam,"You get an unexpected call with some bad news: your name is linked to serious crimes, and your money is at risk, says the voice on the line. The next thing you know, he connects you with an “agent” who can supposedly help you resolve the issue. Your heart and mind are racing. But your gut is telling you to talk to someone you trust — or to get off the phone and search the internet for advice. So why would a helpful “agent” warn you not to talk to anyone or tell you to stay off the internet until he can fix the problem? Probably because that “agent” is really a scammer. Scammers have a playbook: They make up a problem to create a sense of fear or panic, like saying your name is linked to a money laundering or drug trafficking scheme. They pressure you to act immediately or risk some dire consequences, like jail time or losing all your money. They try to isolate you by saying you can’t tell anyone, or you can’t go online to verify their story. So, what can you do? Develop your own playbook to avoid a scam. Never transfer or send money to anyone in response to an unexpected call or message. Even if they claim you’re moving your money to “protect it.” Stop and talk to someone you trust. Talk to a family member, friend, or neighbor. Tell them the story. Sometimes just saying it out loud helps. Recognize scammers’ language. If someone is asking for money or personal information, and says things like “Don’t hang up,” “Don’t trust anyone,” “Don’t talk to anyone,” or “Don’t research it online,” they’re probably a scammer. Report scammers to the FTC at ReportFraud.ftc.gov . Your report could help stop a scammer. Watch Why Report Fraud? to learn more. Powered by vimeo embed video generator","You get an unexpected call with some bad news: your name is linked to serious crimes, and your money is at risk, says the voice on the line. The next thing you know, he connects you with an “agent” who can supposedly help you resolve the issue. Your heart and mind are racing. But your gut is telling you to talk to someone you trust — or to get off the phone and search the internet for advice. So why would a helpful “agent” warn you not to talk to anyone or tell you to stay off the internet until he can fix the problem? Probably because that “agent” is really a scammer. Scammers have a playbook: They make up a problem to create a sense of fear or panic, like saying your name is linked to a money laundering or drug trafficking scheme. They pressure you to act immediately or risk some dire consequences, like jail time or losing all your money. They try to isolate you by saying you can’t tell anyone, or you can’t go online to verify their story. So, what can you do? Develop your own playbo",1707
9103dc7c3d2f8d,2025-11-18,2025,11,FTC Consumer Advice - Consumer Alerts,"[""consumer_fraud""]","{""urls"": [], ""domains"": [], ""emails"": [], ""phones"": [], ""ip_addresses"": [], ""crypto_wallets"": []}",Use this action plan to avoid scams,https://consumer.ftc.gov/consumer-alerts/2025/11/use-action-plan-avoid-scams,"Scammers tell lots of different stories to try to get your money or personal information. They might lie and say you owe the government money. Or pretend to be your bank and say your account’s been hacked. They might claim someone in your family had an emergency or that your computer has a virus. Or they might tell a different lie. Scammers tell you all these things to try to get you to panic. They want you to hurry and do what they say before you have time to think, check out their story, or reach out to someone who might intervene. That’s where the FTC’s new tool, How I’ll Avoid a Scam: My Action Plan , can help. You can use it to make a list of people you trust — maybe your friend, neighbor, parent, daughter, or grandson — who you can reach out to if you think you might be dealing with a scammer. Talking it through can help you realize that something’s not right. The Action Plan also has you list contact information for companies you do business with — like your credit card company, bank, and favorite online shopping sites — so you’ll know how to reach them directly if you’re worried there’s a problem with your account. Scams can affect anyone at any time. So make your own action plan . Post it on your fridge or keep it near your phone or computer. Then help others in your life make one: Drop it off at your kid’s, parent’s, or grandparent’s house Hand it out to your colleagues, friends, and neighbors Share it at your church, local library, or community center Order free copies to share here . And as always, if you spot a scam, tell the FTC: ReportFraud.ftc.gov . Scams All Scams","Scammers tell lots of different stories to try to get your money or personal information. They might lie and say you owe the government money. Or pretend to be your bank and say your account’s been hacked. They might claim someone in your family had an emergency or that your computer has a virus. Or they might tell a different lie. Scammers tell you all these things to try to get you to panic. They want you to hurry and do what they say before you have time to think, check out their story, or reach out to someone who might intervene. That’s where the FTC’s new tool, How I’ll Avoid a Scam: My Action Plan , can help. You can use it to make a list of people you trust — maybe your friend, neighbor, parent, daughter, or grandson — who you can reach out to if you think you might be dealing with a scammer. Talking it through can help you realize that something’s not right. The Action Plan also has you list contact information for companies you do business with — like your credit card company,",1607
8400f4dae74fb2,2025-09-30,2025,9,FTC Consumer Advice - Consumer Alerts,"[""consumer_fraud""]","{""urls"": [], ""domains"": [], ""emails"": [], ""phones"": [], ""ip_addresses"": [], ""crypto_wallets"": []}",Who’s eligible for a refund from Amazon?,https://consumer.ftc.gov/consumer-alerts/2025/09/whos-eligible-refund-amazon,"You might have heard that Amazon agreed to pay $2.5 billion to settle the FTC’s charges that it enrolled millions of people in Prime subscriptions without their consent – and then made it hard for those unwilling Prime subscribers to cancel. Since $1.5 billion of that amount goes back to consumers, you might be wondering: who gets it? How? And what do I need to do? Last question, first: right now, do nothing. The refunds are automatic and will go out starting November 12, 2025. If you’re eligible for a refund, you’ll get an email from Amazon to claim your refund through PayPal or Venmo. (Learn more about the process at ftc.gov/Amazon .) Now for the answers to those other questions. If you meet all three of these requirements, you may be eligible for an automatic refund of your Prime membership fees, up to $51 : You’re a US-based Amazon Prime customer. You signed up for a Prime membership between June 23, 2019 and June 23, 2025 through one of the enrollment flows the FTC challenged in its case . You used fewer than three Prime benefits, such as watching a Prime video or listening to Amazon Music, in any 12-month period after you enrolled in Prime. One more important thing. Scammers often use the names of well-known companies and big FTC settlements to contact people to “help” with your account or refund. How do you know it’s a scam? Because the FTC will never contact you about this refund. And no one from the FTC or Amazon will ask you for money to get a refund. And only scammers say they can get you special access or a guaranteed refund. If you get an unexpected call or text from someone who claims to be the FTC or Amazon, it’s probably a scam. Tell the FTC at ReportFraud.ftc.gov . And learn more about these refunds at ftc.gov/Amazon . Updated November 12, 2025 with refund details.","You might have heard that Amazon agreed to pay $2.5 billion to settle the FTC’s charges that it enrolled millions of people in Prime subscriptions without their consent – and then made it hard for those unwilling Prime subscribers to cancel. Since $1.5 billion of that amount goes back to consumers, you might be wondering: who gets it? How? And what do I need to do? Last question, first: right now, do nothing. The refunds are automatic and will go out starting November 12, 2025. If you’re eligible for a refund, you’ll get an email from Amazon to claim your refund through PayPal or Venmo. (Learn more about the process at ftc.gov/Amazon .) Now for the answers to those other questions. If you meet all three of these requirements, you may be eligible for an automatic refund of your Prime membership fees, up to $51 : You’re a US-based Amazon Prime customer. You signed up for a Prime membership between June 23, 2019 and June 23, 2025 through one of the enrollment flows the FTC challenged in i",1812
6034afbc5df8e8,2025-09-30,2025,9,FTC Consumer Advice - Consumer Alerts,"[""consumer_fraud""]","{""urls"": [], ""domains"": [], ""emails"": [], ""phones"": [], ""ip_addresses"": [], ""crypto_wallets"": []}",When sharing your info online leads to unwanted and unlawful telemarketing calls,https://consumer.ftc.gov/consumer-alerts/2025/09/when-sharing-your-info-online-leads-unwanted-and-unlawful-telemarketing-calls,"Do you get a lot of calls trying to sell you products or services you never asked for? Sometimes telemarketing calls are random. Other times, companies trick you into sharing your information so they can sell it to the telemarketers that call you (without your permission). If you’re on the Do Not Call Registry , these calls are illegal. So, how can you cut down on the number of unwanted telemarketing calls you get? If you share your info with websites offering coupons, sweepstakes, or quotes for products like insurance or warranties, the site owners might collect and sell it to different telemarketers. That’s when the calls start from telemarketers — making calls you never agreed to receive and selling products you didn’t ask for. And that’s when the law violations can start adding up too. Today the FTC announced a settlement with Citizens Disability , a company selling Social Security disability advocacy services primarily through telemarketing calls. The FTC charged that the company bought people’s information (which came from websites offering things like coupons and sweepstakes) and used it to make millions of illegal telemarketing calls, including robocalls. The FTC also charged that the company falsely told millions of people it was calling in response to the person’s recent inquiry about their eligibility for Social Security disability benefits. To help you cut down on unwanted telemarketing calls and avoid scams: Protect your personal information. Before you enter your information on a website, search the name of the site plus “complaint,” “review,” or “scam.” Report illegal robocalls at DoNotCall.gov . Many illegal robocalls lead to scams. Learn more at ftc.gov/robocalls . Remember, if you’ve registered your phone number on the Do Not Call Registry , you shouldn’t get live sales calls from companies you haven’t done business with before. For more advice on how to stop unwanted calls, visit ftc.gov/calls .","Do you get a lot of calls trying to sell you products or services you never asked for? Sometimes telemarketing calls are random. Other times, companies trick you into sharing your information so they can sell it to the telemarketers that call you (without your permission). If you’re on the Do Not Call Registry , these calls are illegal. So, how can you cut down on the number of unwanted telemarketing calls you get? If you share your info with websites offering coupons, sweepstakes, or quotes for products like insurance or warranties, the site owners might collect and sell it to different telemarketers. That’s when the calls start from telemarketers — making calls you never agreed to receive and selling products you didn’t ask for. And that’s when the law violations can start adding up too. Today the FTC announced a settlement with Citizens Disability , a company selling Social Security disability advocacy services primarily through telemarketing calls. The FTC charged that the company ",1947
e5698842c238ca,2025-09-30,2025,9,FTC Consumer Advice - Consumer Alerts,"[""other""]","{""urls"": [], ""domains"": [], ""emails"": [], ""phones"": [""1-800-633-4227""], ""ip_addresses"": [], ""crypto_wallets"": []}","This Medicare Open Enrollment season, learn how to protect yourself from scams",https://consumer.ftc.gov/consumer-alerts/2025/09/medicare-open-enrollment-season-learn-how-protect-yourself-scams,"Every year, scammers get more active around Medicare Open Enrollment Period, trying to get your money, information, or both. As you consider your health coverage and prescription options during this period (October 15-December 7), learn to spot the scams. First, know that scammers often impersonate Medicare and contact you unexpectedly. They might sound professional and even have some of your personal information. They’ll say you need a “new” or “updated” Medicare card and ask for your Medicare, bank account, or credit card number. But real Medicare cards are free and mailed to you automatically. And true Medicare representatives won’t call, text, or email you out of the blue to ask for your numbers or a payment. Here are some ways to protect yourself from Medicare scams during Open Enrollment — and year-round: Ignore unexpected calls from anyone who demands you share Medicare, personal, or financial information. Medicare will only ask you to verify information if you contact them first, and they won’t try to sell you anything or tell you to pay for your Medicare card. Only scammers do that. Don’t rely on your caller ID. It might show Medicare’s name or phone number, but caller ID can be faked. To check it out, hang up and call 1-800-MEDICARE (1-800-633-4227). Get help to compare costs, coverage, and plans. Contact your State Health Insurance Assistance Program (SHIP) for assistance. And find information about your coverage options at Medicare.gov — the official U.S. government site for Medicare — or by calling 1-800-MEDICARE. Report Medicare impersonators and other Medicare scams at 1-800-MEDICARE. Then tell the FTC at ReportFraud.ftc.gov . For additional help to prevent, detect, and report potential Medicare fraud, errors, and abuse, contact your local Senior Medicare Patrol .","Every year, scammers get more active around Medicare Open Enrollment Period, trying to get your money, information, or both. As you consider your health coverage and prescription options during this period (October 15-December 7), learn to spot the scams. First, know that scammers often impersonate Medicare and contact you unexpectedly. They might sound professional and even have some of your personal information. They’ll say you need a “new” or “updated” Medicare card and ask for your Medicare, bank account, or credit card number. But real Medicare cards are free and mailed to you automatically. And true Medicare representatives won’t call, text, or email you out of the blue to ask for your numbers or a payment. Here are some ways to protect yourself from Medicare scams during Open Enrollment — and year-round: Ignore unexpected calls from anyone who demands you share Medicare, personal, or financial information. Medicare will only ask you to verify information if you contact them firs",1809
4f5a0c917f1ebd,2025-09-29,2025,9,FTC Consumer Advice - Consumer Alerts,"[""consumer_fraud""]","{""urls"": [], ""domains"": [], ""emails"": [], ""phones"": [], ""ip_addresses"": [], ""crypto_wallets"": []}",Thinking about selling your timeshare? Key steps to avoid scams,https://consumer.ftc.gov/consumer-alerts/2025/09/thinking-about-selling-your-timeshare-key-steps-avoid-scams,"Summer is over and you could be thinking about selling your timeshare. Maybe you turn on the radio, check your feed, or get a call and find what sounds like an easy way to sell your timeshare. But is it? Or is it a scam? Getting out of a timeshare can be tough, but that’s not what scammers tell you. They’ll guarantee they can easily sell your timeshare. Sometimes they say they have interested buyers…but you’d need to pay a few thousand dollars upfront for taxes or closing costs. Which they say they’ll refund later. Only there’s really no buyer and if you pay, you’ll lose your money. We’ve also heard from people who paid for help in selling their timeshare who mostly got excuses for delays with the sale. If the seller asked for a refund, they didn’t get one. Instead, the scammer convinced them to keep paying — maybe for a lawyer to either “complete the sale” or sue to get their money back. Unfortunately, these kinds of timeshare tales are all lies. So, before you pay anyone to help you sell your timeshare: Research the timeshare resale company or expert online. Look up the name of the timeshare resale company or individual who contacted you plus the words ""scam"" or ""complaint."" See what other people are saying about their experience. Ask about fees . If you want to work with a reseller, try to deal with one that takes their fee after the timeshare is sold. Get everything in writing before you pay or sign a contract. Make sure it matches any verbal promises, including what they’ll do, plus any fees you have to pay, and when. And don’t assume you’ll get back what you paid for your timeshare. Check out Timeshares, Vacation Clubs, and Related Scams to learn more. Suspect a timeshare resale scam? Tell the FTC at ReportFraud.ftc.gov","Summer is over and you could be thinking about selling your timeshare. Maybe you turn on the radio, check your feed, or get a call and find what sounds like an easy way to sell your timeshare. But is it? Or is it a scam? Getting out of a timeshare can be tough, but that’s not what scammers tell you. They’ll guarantee they can easily sell your timeshare. Sometimes they say they have interested buyers…but you’d need to pay a few thousand dollars upfront for taxes or closing costs. Which they say they’ll refund later. Only there’s really no buyer and if you pay, you’ll lose your money. We’ve also heard from people who paid for help in selling their timeshare who mostly got excuses for delays with the sale. If the seller asked for a refund, they didn’t get one. Instead, the scammer convinced them to keep paying — maybe for a lawyer to either “complete the sale” or sue to get their money back. Unfortunately, these kinds of timeshare tales are all lies. So, before you pay anyone to help you ",1755
c87c367e9be5eb,2025-09-25,2025,9,FTC Consumer Advice - Consumer Alerts,"[""consumer_fraud"", ""crypto_fraud""]","{""urls"": [], ""domains"": [], ""emails"": [], ""phones"": [], ""ip_addresses"": [], ""crypto_wallets"": []}","Before you donate, find out where the money is going",https://consumer.ftc.gov/consumer-alerts/2025/09/you-donate-find-out-where-money-going,"Would you donate to a cause if the fundraiser lied about how the money would be spent? Probably not. But that’s what the FTC says Kars-R-Us.com, Inc. (“Kars”) did when it collected vehicle donations on behalf of a supposed breast cancer charity. In a settlement announced today , the FTC says Kars raked in millions of dollars soliciting donations through TV, radio, and online ads, in English and Spanish. It claimed proceeds would go to United Breast Cancer Foundation (UBCF) to “save lives” by offering free or low-cost breast cancer screenings. But of the $45.5 million Kars raised for UBCF between 2017 and 2022, UBCF spent less than 1% to pay for breast cancer screenings. Spot an ad for a charity you want to donate to? Here’s how to find out whether it’s legit and will support programs you care about: Do some research. Search the charity’s name plus “complaint,” “review,” “rating,” or “scam.” Use these organizations to research charities. And if you’re looking to donate through a crowdfunding page, learn the signs of a scam before you give. Pay by check or credit card , which are safer. And if a charity insists you pay by wiring money, with cryptocurrency, a payment app, or a gift card, that’s a scam. Check out the charity’s website. Find out how much of your donation will go directly to support the programs you care about. If you can’t find detailed information about a charity’s mission and programs, walk away. Spotted a charity scam? Tell the FTC at ReportFraud.ftc.gov .","Would you donate to a cause if the fundraiser lied about how the money would be spent? Probably not. But that’s what the FTC says Kars-R-Us.com, Inc. (“Kars”) did when it collected vehicle donations on behalf of a supposed breast cancer charity. In a settlement announced today , the FTC says Kars raked in millions of dollars soliciting donations through TV, radio, and online ads, in English and Spanish. It claimed proceeds would go to United Breast Cancer Foundation (UBCF) to “save lives” by offering free or low-cost breast cancer screenings. But of the $45.5 million Kars raised for UBCF between 2017 and 2022, UBCF spent less than 1% to pay for breast cancer screenings. Spot an ad for a charity you want to donate to? Here’s how to find out whether it’s legit and will support programs you care about: Do some research. Search the charity’s name plus “complaint,” “review,” “rating,” or “scam.” Use these organizations to research charities. And if you’re looking to donate through a crowdfu",1495
970c461c7c923f,2025-09-24,2025,9,FTC Consumer Advice - Consumer Alerts,"[""consumer_fraud""]","{""urls"": [], ""domains"": [], ""emails"": [], ""phones"": [], ""ip_addresses"": [], ""crypto_wallets"": []}",How to spot a job scam,https://consumer.ftc.gov/consumer-alerts/2025/09/how-spot-job-scam,"Image Every day, people you know are seeing phony business opportunities, work-at-home scams, shady employment agencies, and scammy multi-level marketing schemes. Job seekers don’t have the time or resources to waste on fake opportunities, but there are some ways to spot these scams. Watch this video as FTC Chairman Andrew Ferguson explains. Job Scams Warning with FTC Chairman Andrew Ferguson Powered by vimeo embed video generator Share this video using the links in the player above or use the YouTube version . Protecting American workers from these kinds of practices is a priority for the FTC — in fact, that’s why the Chairman launched a Labor Task Force to keep the agency’s focus on these issues. And reports to the FTC show that these scams are alive and well. Check out this dashboard to see what reports and losses look like. And if you spot a job scam, tell the FTC: ReportFraud.ftc.gov .","Image Every day, people you know are seeing phony business opportunities, work-at-home scams, shady employment agencies, and scammy multi-level marketing schemes. Job seekers don’t have the time or resources to waste on fake opportunities, but there are some ways to spot these scams. Watch this video as FTC Chairman Andrew Ferguson explains. Job Scams Warning with FTC Chairman Andrew Ferguson Powered by vimeo embed video generator Share this video using the links in the player above or use the YouTube version . Protecting American workers from these kinds of practices is a priority for the FTC — in fact, that’s why the Chairman launched a Labor Task Force to keep the agency’s focus on these issues. And reports to the FTC show that these scams are alive and well. Check out this dashboard to see what reports and losses look like. And if you spot a job scam, tell the FTC: ReportFraud.ftc.gov .",903
77bdc67164454e,2025-09-22,2025,9,FTC Consumer Advice - Consumer Alerts,"[""consumer_fraud""]","{""urls"": [], ""domains"": [], ""emails"": [], ""phones"": [], ""ip_addresses"": [], ""crypto_wallets"": []}",How to prepare yourself to deal with an emergency and avoid disaster-related scams,https://consumer.ftc.gov/consumer-alerts/2025/09/how-prepare-yourself-deal-emergency-and-avoid-disaster-related-scams,"When disaster strikes, everyone in the community is impacted — including older adults. That’s why having a plan and knowing how to spot disaster-related scams can make a difference to anyone recovering. If you’re not sure where to begin, there are free tools to help you get started on a plan that includes fraud prevention. September is National Preparedness Month , a great time to review, update, or even draft your plan for emergencies. Take note of the information below to make sure you and people around you are prepared to deal with and recover from a disaster: Use the advice on this video and share it. And check out Ready.gov’s Disaster Preparedness Guide for Older Adults to ensure the plan fits your needs — or the needs of older adults you know. Bookmark DisasterAssistance.gov to find local help. Having this information handy will save you time and keep you from clicking on a scammy search result while you focus on recovering. Recognize government impersonators . After a disaster, scammers might pretend to work for the government and offer you a grant or assistance to recover. But anyone who contacts you unexpectedly and says they work for the government but asks for money or financial information is a scammer. Never pay or share your bank account information to get disaster funds. Learn more about detecting and avoiding disaster and weather related scams at ftc.gov/WeatherEmergencies . Have you spotted or lost money to a disaster-related scam? Tell the FTC at ReportFraud.ftc.gov .","When disaster strikes, everyone in the community is impacted — including older adults. That’s why having a plan and knowing how to spot disaster-related scams can make a difference to anyone recovering. If you’re not sure where to begin, there are free tools to help you get started on a plan that includes fraud prevention. September is National Preparedness Month , a great time to review, update, or even draft your plan for emergencies. Take note of the information below to make sure you and people around you are prepared to deal with and recover from a disaster: Use the advice on this video and share it. And check out Ready.gov’s Disaster Preparedness Guide for Older Adults to ensure the plan fits your needs — or the needs of older adults you know. Bookmark DisasterAssistance.gov to find local help. Having this information handy will save you time and keep you from clicking on a scammy search result while you focus on recovering. Recognize government impersonators . After a disaster, ",1510
4915720a6ab798,2025-09-19,2025,9,FTC Consumer Advice - Consumer Alerts,"[""consumer_fraud""]","{""urls"": [], ""domains"": [], ""emails"": [], ""phones"": [], ""ip_addresses"": [], ""crypto_wallets"": []}","No, that’s not an FTC commissioner on the phone",https://consumer.ftc.gov/consumer-alerts/2025/09/no-thats-not-ftc-commissioner-phone,"Scammers like to pretend to be someone official to try to get your money. And who could be more official than the FTC chairman and commissioners, some of the nation’s leading fraud fighters? But here’s something important to know: nobody who works at the FTC will ever, EVER tell you to move your money to protect it. We won’t insist that you cash out your 401(k) or savings account and give that money to someone else. But every week, the FTC gets reports from panicked people who wound up on the phone with “someone from the FTC” who told them just that. And then told them to keep it a secret. All with the goal of stealing as much money as they possibly could. So spread the word: FTC staff won’t ever tell you to move or give someone your money, for any reason. Not Chairman Andrew Ferguson. Not Commissioner Melissa Holyoak. Not Commissioner Mark Meador. Watch this video, the first in a series from all the commissioners, so they can tell you for themselves — and then please share it. You definitely know someone who can benefit from this message. How to Spot Imposters Scams Powered by vimeo embed video generator Share this video using the links in the player above or use the YouTube version . Oh, and if anybody EVER tells you not to do some research, or says to keep the call a secret, that’s ALWAYS a scam. Scams FTC Impersonators Government Impersonators Phone Scams","Scammers like to pretend to be someone official to try to get your money. And who could be more official than the FTC chairman and commissioners, some of the nation’s leading fraud fighters? But here’s something important to know: nobody who works at the FTC will ever, EVER tell you to move your money to protect it. We won’t insist that you cash out your 401(k) or savings account and give that money to someone else. But every week, the FTC gets reports from panicked people who wound up on the phone with “someone from the FTC” who told them just that. And then told them to keep it a secret. All with the goal of stealing as much money as they possibly could. So spread the word: FTC staff won’t ever tell you to move or give someone your money, for any reason. Not Chairman Andrew Ferguson. Not Commissioner Melissa Holyoak. Not Commissioner Mark Meador. Watch this video, the first in a series from all the commissioners, so they can tell you for themselves — and then please share it. You def",1381
587661314d7246,2025-09-15,2025,9,FTC Consumer Advice - Consumer Alerts,"[""data_privacy"", ""identity_fraud""]","{""urls"": [], ""domains"": [], ""emails"": [], ""phones"": [], ""ip_addresses"": [], ""crypto_wallets"": []}",How to help protect foster youth from identity theft,https://consumer.ftc.gov/consumer-alerts/2025/09/how-help-protect-foster-youth-identity-theft,"Identity theft can happen to anyone, including kids in foster care. But minors typically don’t have credit reports, so they might not even realize they’ve experienced identity theft until they apply for a job, housing, or credit. Because foster youth often move more often and more people have access to their info, they’re at greater risk of identity theft. So if you’re a foster parent, a service provider, or know someone in foster care, read on for ways to help protect foster youth from identity theft. The best place to start is with a credit freeze. Federal law says parents, legal guardians, and child welfare representatives of people under age 16 can place a free credit freeze on their behalf. The law also requires child welfare agencies to get and review credit reports every year for foster youth aged 14 and older, which can help them spot identity theft with time to address it. To get the ball rolling: Check to see if they have a credit report . Generally, someone under 18 won’t. To find out, contact the three nationwide credit bureaus and ask for a manual search for their Social Security number. Find the credit bureaus’ contact information at IdentityTheft.gov . You may have to give the credit bureaus a copy of documents that prove you’re the child’s parent, legal guardian, or an authorized child welfare representative. Freeze their credit. Only an authorized adult can do this, and the process for getting a freeze for a minor is different from for an adult. Find instructions at Equifax , Experian , and TransUnion . Secure their personal data. Keep kids’ information, like medical bills or a Social Security card, in a secure place. Shred documents before throwing them away. And talk with the kids in your life about why keeping personal information safe matters. For more information, read the FTC’s article about child identity theft.","Identity theft can happen to anyone, including kids in foster care. But minors typically don’t have credit reports, so they might not even realize they’ve experienced identity theft until they apply for a job, housing, or credit. Because foster youth often move more often and more people have access to their info, they’re at greater risk of identity theft. So if you’re a foster parent, a service provider, or know someone in foster care, read on for ways to help protect foster youth from identity theft. The best place to start is with a credit freeze. Federal law says parents, legal guardians, and child welfare representatives of people under age 16 can place a free credit freeze on their behalf. The law also requires child welfare agencies to get and review credit reports every year for foster youth aged 14 and older, which can help them spot identity theft with time to address it. To get the ball rolling: Check to see if they have a credit report . Generally, someone under 18 won’t. T",1867
5aa9dd4308abc3,2025-09-10,2025,9,FTC Consumer Advice - Consumer Alerts,"[""cybercrime"", ""identity_fraud""]","{""urls"": [], ""domains"": [], ""emails"": [], ""phones"": [], ""ip_addresses"": [], ""crypto_wallets"": []}",Get a credit freeze to stop identity thieves,https://consumer.ftc.gov/consumer-alerts/2025/09/get-credit-freeze-stop-identity-thieves,"Did someone steal your identity? Or are you looking for ways to help protect yourself from identity theft? A great place to start is freezing your credit. Here’s what to know. A credit freeze is something you can do anytime, for any reason. But it’s especially helpful if you’re dealing with identity theft or a lost wallet or data breach . While a freeze is in place, nobody can open a new credit account in your name. A freeze is free to place or lift — and doesn’t affect your credit score is available to anyone, for any reason lasts until you lift it To place a credit freeze, contact all three credit bureaus — Equifax , Experian , and TransUnion . When you need to lift the freeze — to do things like get a credit card or buy a car — you only need to contact the credit bureau a lender will use to check your credit. When you’re done, you can freeze it again. Along with a credit freeze, you can also get an initial fraud alert if you are — or suspect you may be — affected by identity theft. Initial fraud alerts (also free) make lenders verify your identity before they grant new credit in your name. There are also two other types of alerts — extended fraud alerts and active duty alerts — (both also free), and which you choose depends on your situation and needs. Read Credit Freeze or Fraud Alert: What's Right for Your Credit Report? to learn more. If your identity was stolen, also make sure you report it at IdentityTheft.gov , where you’ll get a free recovery plan with next steps. Search Terms identity theft","Did someone steal your identity? Or are you looking for ways to help protect yourself from identity theft? A great place to start is freezing your credit. Here’s what to know. A credit freeze is something you can do anytime, for any reason. But it’s especially helpful if you’re dealing with identity theft or a lost wallet or data breach . While a freeze is in place, nobody can open a new credit account in your name. A freeze is free to place or lift — and doesn’t affect your credit score is available to anyone, for any reason lasts until you lift it To place a credit freeze, contact all three credit bureaus — Equifax , Experian , and TransUnion . When you need to lift the freeze — to do things like get a credit card or buy a car — you only need to contact the credit bureau a lender will use to check your credit. When you’re done, you can freeze it again. Along with a credit freeze, you can also get an initial fraud alert if you are — or suspect you may be — affected by identity theft. ",1526
513f17d159f6ad,2025-09-09,2025,9,FTC Consumer Advice - Consumer Alerts,"[""consumer_fraud""]","{""urls"": [], ""domains"": [], ""emails"": [], ""phones"": [""1-800-786-9199""], ""ip_addresses"": [], ""crypto_wallets"": []}",Scammers are impersonating the United States Patent and Trademark Office,https://consumer.ftc.gov/consumer-alerts/2025/09/scammers-are-impersonating-united-states-patent-and-trademark-office,"If you own a business or know someone who does, you know how important a trademark is for protecting your intellectual property. Scammers do, too, and they’re impersonating the United States Patent and Trademark Office (USPTO) to steal your money. Here’s how the scam works. You get an “urgent” call, text, or email that looks like it’s from the USPTO. It may even use the name of a real USPTO employee, like a trademark examining attorney. They say you need to pay by phone — or by clicking a link in the text or email — to complete your application before someone else registers the same trademark. Or they say your trademark was just approved or needs renewal and to pay them immediately. They might say to pay with a credit or debit card, or with a wire transfer , payment app , or gift card . But in any of those cases, it’s not actually the USPTO reaching out. It’s a scammer who tried to look real by faking caller ID, using the name of a real USPTO employee, or using an official-looking USPTO seal. To help you avoid a scam like this: Don’t trust your caller ID. Your caller ID might show the name of the USPTO and their actual phone number, but caller ID can be faked. Know that the USPTO will never ask for payment info over the phone, by text, or in an email. And they won’t say you can only pay by wiring money , using a payment app , or putting money on a gift card . Only scammers do that. Check the status of your application yourself. Use the USPTO’s online Trademark Status and Document Retrieval tool to look up trademark applications and registrations. For more information, you can also visit the USPTO’s Trademark Assistance Center or call 1-800-786-9199. Learn more about government impersonation scams at ftc.gov/imposters . And if you get a call, text, or email like this, tell the FTC at ReportFraud.ftc.gov . Image","If you own a business or know someone who does, you know how important a trademark is for protecting your intellectual property. Scammers do, too, and they’re impersonating the United States Patent and Trademark Office (USPTO) to steal your money. Here’s how the scam works. You get an “urgent” call, text, or email that looks like it’s from the USPTO. It may even use the name of a real USPTO employee, like a trademark examining attorney. They say you need to pay by phone — or by clicking a link in the text or email — to complete your application before someone else registers the same trademark. Or they say your trademark was just approved or needs renewal and to pay them immediately. They might say to pay with a credit or debit card, or with a wire transfer , payment app , or gift card . But in any of those cases, it’s not actually the USPTO reaching out. It’s a scammer who tried to look real by faking caller ID, using the name of a real USPTO employee, or using an official-looking USPT",1841
86315d433fdcb1,2025-09-08,2025,9,FTC Consumer Advice - Consumer Alerts,"[""other""]","{""urls"": [], ""domains"": [], ""emails"": [], ""phones"": [], ""ip_addresses"": [], ""crypto_wallets"": []}",Protecting kids and adults online,https://consumer.ftc.gov/consumer-alerts/2025/09/protecting-kids-and-adults-online,"It’s a good day for any federal or state government agency when they can say kids are safer, and today is that day for the Federal Trade Commission and the Utah Division of Consumer Protection. Together, they announced a settlement with Aylo, a collection of companies managing more than 100 porn sites (including Pornhub, YouPorn, and Redtube) over their distribution of child sex abuse materials, as well as non-consensual images and video. Among other things, the Pornhub settlement requires Aylo to give you an easy way to report these kinds of illegal content. Each site will have a “Content Removal Request” where anyone can flag any illegal content they see. Aylo has to suspend the identified content and, if they find the content to be illegal, they must take it down. If they find that content includes children, Aylo has to ban whoever posted it and report the content to the National Center for Missing and Exploited Children . The order also requires that Aylo give a case manager to anyone going through the removal of their images, if you ask. That case manager will help keep you informed about the process. For the FTC, keeping illegal sexually explicit materials off the internet is a priority. In fact, starting in May 2026, the FTC will use its civil law enforcement authority to start enforcing parts of the Take It Down Act, while the Department of Justice brings criminal enforcement. Stay tuned for more. Meanwhile, learn more about protecting your online privacy . And if you think Aylo or another website or app is violating your privacy or security, tell the FTC at ReportFraud.ftc.gov . Search Terms consumer privacy","It’s a good day for any federal or state government agency when they can say kids are safer, and today is that day for the Federal Trade Commission and the Utah Division of Consumer Protection. Together, they announced a settlement with Aylo, a collection of companies managing more than 100 porn sites (including Pornhub, YouPorn, and Redtube) over their distribution of child sex abuse materials, as well as non-consensual images and video. Among other things, the Pornhub settlement requires Aylo to give you an easy way to report these kinds of illegal content. Each site will have a “Content Removal Request” where anyone can flag any illegal content they see. Aylo has to suspend the identified content and, if they find the content to be illegal, they must take it down. If they find that content includes children, Aylo has to ban whoever posted it and report the content to the National Center for Missing and Exploited Children . The order also requires that Aylo give a case manager to any",1644
1f1f75667741f0,2025-09-08,2025,9,FTC Consumer Advice - Consumer Alerts,"[""consumer_fraud""]","{""urls"": [], ""domains"": [], ""emails"": [], ""phones"": [], ""ip_addresses"": [], ""crypto_wallets"": []}",Ignore unexpected calls about loans you didn’t apply for,https://consumer.ftc.gov/consumer-alerts/2025/09/ignore-unexpected-calls-about-loans-you-didnt-apply,"A voicemail from an unknown caller reminding you about a $52,000 loan that you didn’t apply for can throw you off balance. Which explains why scammers send them — hoping you’ll respond first and think later. You might already know how to spot phone scams , but in case you need a refresher, here’s how to spot this one. Some phone scams start with an unexpected call saying you’re “prequalified” for a loan. (You’re not.) The caller wants you to give them personal information like your Social Security or bank account numbers or birth date over the phone. They might say the application is almost finished and just needs a few more details from you. (Not true.) Or say things like “I hope you don’t miss out” or “no pressure.” (Those are pressure tactics.) In a voicemail, the caller might offer to take you off the call list…if you them call back. (Another pressure tactic.) Scammers often make these seemingly urgent calls multiple times a day from different numbers to try and wear you down. But don’t respond — not even to “opt out.” If you’re getting calls like these on your cell phone: Never call back. If you do, it could lead to more scam calls. Don’t trust caller ID. Scammers use fake or “spoofed” names and numbers to make calls look local, like real companies, or like the government. Block the number . Check your phone’s settings, online app store, and your phone provider’s website to find out what call-blocking or call-labeling services are available to stop unwanted scam calls before they reach you. If any calls get through, they’ll show up as “spam” or “scam likely” on your phone screen. Report unwanted calls to the FTC at ReportFraud.ftc.gov . Be sure to include the number on your caller ID and any number you’re told to call back. Watch this video on how to stop calls on your cell phone","A voicemail from an unknown caller reminding you about a $52,000 loan that you didn’t apply for can throw you off balance. Which explains why scammers send them — hoping you’ll respond first and think later. You might already know how to spot phone scams , but in case you need a refresher, here’s how to spot this one. Some phone scams start with an unexpected call saying you’re “prequalified” for a loan. (You’re not.) The caller wants you to give them personal information like your Social Security or bank account numbers or birth date over the phone. They might say the application is almost finished and just needs a few more details from you. (Not true.) Or say things like “I hope you don’t miss out” or “no pressure.” (Those are pressure tactics.) In a voicemail, the caller might offer to take you off the call list…if you them call back. (Another pressure tactic.) Scammers often make these seemingly urgent calls multiple times a day from different numbers to try and wear you down. But ",1815
d9a94590c53d27,2025-09-03,2025,9,FTC Consumer Advice - Consumer Alerts,"[""consumer_fraud""]","{""urls"": [], ""domains"": [], ""emails"": [], ""phones"": [], ""ip_addresses"": [], ""crypto_wallets"": []}",Plan to avoid scams this National Preparedness Month,https://consumer.ftc.gov/consumer-alerts/2025/08/plan-avoid-scams-national-preparedness-month,"When a natural disaster strikes — like a hurricane, wildfire, severe storm, or flood — being prepared can make all the difference. This National Preparedness Month, make a plan (or review your existing plan) and take steps to protect yourself and your household from disaster-related scams. Scammers love a crisis and, after emergencies, often pose as contractors, government officials, or charities to try to steal people’s money or personal information. The FTC has information and tools to help you avoid fraud as you prepare for and recover from an emergency. Start at ftc.gov/WeatherEmergencies where you’ll find resources to help you spot, avoid, and report scams as you prepare for, deal with, and recover from extreme weather and natural disasters. The site’s mobile-friendly, so you’ll have access whenever and wherever you need it. Picking Up the Pieces After a Disaster is a customizable handout to spread the word, so people in your community are also prepared to spot and avoid common post-disaster scams, like clean-up and repair scams, and government impersonator scams. The handout has space to add local consumer protection and emergency service contacts, like your state Attorney General’s office, or a local emergency management office . Download a digital copy to print and distribute in your community. Order free print publications to share with community organizations, social clubs you belong to, or in your place of worship. Get your free materials at ftc.gov/bulkorder . Suspect a disaster-related scam? Tell the FTC at ReportFraud.ftc.gov . Every report helps the FTC build cases, work to stop scammers, and alert others about current fraud trends.","When a natural disaster strikes — like a hurricane, wildfire, severe storm, or flood — being prepared can make all the difference. This National Preparedness Month, make a plan (or review your existing plan) and take steps to protect yourself and your household from disaster-related scams. Scammers love a crisis and, after emergencies, often pose as contractors, government officials, or charities to try to steal people’s money or personal information. The FTC has information and tools to help you avoid fraud as you prepare for and recover from an emergency. Start at ftc.gov/WeatherEmergencies where you’ll find resources to help you spot, avoid, and report scams as you prepare for, deal with, and recover from extreme weather and natural disasters. The site’s mobile-friendly, so you’ll have access whenever and wherever you need it. Picking Up the Pieces After a Disaster is a customizable handout to spread the word, so people in your community are also prepared to spot and avoid common po",1675
09127b3a565d97,2025-09-03,2025,9,FTC Consumer Advice - Consumer Alerts,"[""data_privacy""]","{""urls"": [], ""domains"": [], ""emails"": [], ""phones"": [], ""ip_addresses"": [], ""crypto_wallets"": []}",Disney settles charges that it violated children’s online privacy protection law,https://consumer.ftc.gov/consumer-alerts/2025/09/disney-settles-charges-it-violated-childrens-online-privacy-protection-law,"Image The Children’s Online Privacy Protection Rule (COPPA Rule) gives parents control over the online collection of their children’s personal information. Before a website or app collects personal information from a child under the age of 13, it must notify the parents and get their approval. Under a settlement with the FTC , Disney has agreed to pay a $10 million penalty for violating the COPPA Rule. The FTC’s complaint alleges that Disney’s practices related to videos posted on Disney’s YouTube channels violated the COPPA Rule. The FTC argued that Disney failed to designate some of its videos as kid-directed, which allowed YouTube to collect personal information from users viewing those videos without their parent’s consent. And those practices allowed YouTube to deliver targeted ads to those users. Both are violations of the COPPA Rule. Also, the complaint alleged that Disney’s practices may have exposed kids to content that was not meant for children, such as through autoplay to videos not meant for kids. In addition to paying a $10 million penalty, Disney must set up a program to review each video it publishes on YouTube to determine if it is targeted to children. So, if you’re the parent of children under 13, what can you do to protect their personal information when they’re online? Read the website or app’s privacy policy to understand how the company plans to use your child’s information. Websites and apps that are covered by the COPPA Rule — such as those that are directed to children — have to give you notice and seek your consent if they want to collect your child’s personal information. Know that it’s up to you to decide if you want to give consent or not. But consent is not all-or-nothing. You have options. For example, you might give the company permission to collect your child’s personal information, but not allow it to share that information with others. And if you do give consent, you have the right to review the information collected from your child, revoke your consent, and have your child’s information deleted. For more advice about protecting your child’s privacy online and talking with them about online safety, check out the FTC’s Protecting Kids Online page. And if you think a website or app has collected or used your child’s information in a way that violates the law, report it to the FTC at ReportFraud.ftc.gov . Search Terms COPPA kids","Image The Children’s Online Privacy Protection Rule (COPPA Rule) gives parents control over the online collection of their children’s personal information. Before a website or app collects personal information from a child under the age of 13, it must notify the parents and get their approval. Under a settlement with the FTC , Disney has agreed to pay a $10 million penalty for violating the COPPA Rule. The FTC’s complaint alleges that Disney’s practices related to videos posted on Disney’s YouTube channels violated the COPPA Rule. The FTC argued that Disney failed to designate some of its videos as kid-directed, which allowed YouTube to collect personal information from users viewing those videos without their parent’s consent. And those practices allowed YouTube to deliver targeted ads to those users. Both are violations of the COPPA Rule. Also, the complaint alleged that Disney’s practices may have exposed kids to content that was not meant for children, such as through autoplay to v",2403
ad8b0bd80e4250,2025-08-29,2025,8,FTC Consumer Advice - Consumer Alerts,"[""consumer_fraud""]","{""urls"": [], ""domains"": [], ""emails"": [], ""phones"": [], ""ip_addresses"": [], ""crypto_wallets"": []}",How to avoid scams when looking for drug treatment,https://consumer.ftc.gov/consumer-alerts/2025/08/how-avoid-scams-when-looking-drug-treatment,"August 31 is International Overdose Awareness Day — a day to commemorate those lost to a drug overdose, support their surviving families, and dedicate resources to end overdose. One way the FTC is working to help people and families dealing with substance use disorders is by cracking down on companies that try to manipulate or deceive people seeking treatment. If you search online to find help, know that dishonest businesses could use search result scams to steer you their way. Here are some things to know when searching online for drug treatment help. Your top search results online are often paid ads — including when you search for substance use disorder treatment clinics. Dishonest businesses sometimes advertise on search engines using the names of real treatment centers, but list their own contact information. So when you call, you might reach the imposter business — not the real one you were looking for — making it harder to get the care you’re after. Have a specific treatment clinic you’re interested in? When searching online, review the results carefully before clicking on the ad or calling the number. And take a closer look at any program or center you find before sending them any money or giving them any of your personal information. To get real help near you, start at FindTreatment.gov . Spot a dishonest business? Tell the FTC at ReportFraud.ftc.gov . Know someone else who could use this information? Share this video (below) on your social media page.","August 31 is International Overdose Awareness Day — a day to commemorate those lost to a drug overdose, support their surviving families, and dedicate resources to end overdose. One way the FTC is working to help people and families dealing with substance use disorders is by cracking down on companies that try to manipulate or deceive people seeking treatment. If you search online to find help, know that dishonest businesses could use search result scams to steer you their way. Here are some things to know when searching online for drug treatment help. Your top search results online are often paid ads — including when you search for substance use disorder treatment clinics. Dishonest businesses sometimes advertise on search engines using the names of real treatment centers, but list their own contact information. So when you call, you might reach the imposter business — not the real one you were looking for — making it harder to get the care you’re after. Have a specific treatment clin",1484
6d61df979e9820,2025-08-27,2025,8,FTC Consumer Advice - Consumer Alerts,"[""consumer_fraud"", ""crypto_fraud"", ""securities_fraud""]","{""urls"": [], ""domains"": [], ""emails"": [], ""phones"": [], ""ip_addresses"": [], ""crypto_wallets"": []}",When investment fraud happens in familiar places,https://consumer.ftc.gov/consumer-alerts/2025/08/when-investment-fraud-happens-familiar-places,"Did you hear about an investment opportunity from a friend or someone in a group or community you’re a part of? Before you hand over any money, make sure you’re not getting into an investment scam. Here’s how. One way investment scammers work is by using your community connections or claiming to have similar values to gain your trust. It can happen online, through social media, or in person. To get you to invest, they’ll promise high returns with little to no risk and lie about how much money others have already made investing with them in forex trading, stocks, cryptocurrency, or something else. After you invest, they’ll often tell you your investments are doing well and make you think you’re making money. The reality? The investment isn’t real or is extremely high-risk, and you end up losing all your money. To avoid an investment scam: Look for information about the reputation of the investment company, its officials, and its promoters. Search online with their name plus words like “review,” “scam,” or “complaint.” Go through several pages of search results. Check for licenses and registrations. Check out the background, including registration or license status, of anyone recommending or selling an investment using the free simple search tool on Investor.gov . For precious metals and coin investments, check with the CFTC database . Know that investments always involve risk. Don’t trust anyone who plays down the risk of an investment or who acts like risk disclosures are just a formality or something you don’t need to worry about. Scammers want you to think their opportunity is risk-free, but it’s not. Learn more about affinity fraud — where scammers are or pretend to be part of a group — at Investor.gov , a U.S. Securities and Exchange Commission (SEC) website. And report investment scams to the FTC at ReportFraud.ftc.gov .","Did you hear about an investment opportunity from a friend or someone in a group or community you’re a part of? Before you hand over any money, make sure you’re not getting into an investment scam. Here’s how. One way investment scammers work is by using your community connections or claiming to have similar values to gain your trust. It can happen online, through social media, or in person. To get you to invest, they’ll promise high returns with little to no risk and lie about how much money others have already made investing with them in forex trading, stocks, cryptocurrency, or something else. After you invest, they’ll often tell you your investments are doing well and make you think you’re making money. The reality? The investment isn’t real or is extremely high-risk, and you end up losing all your money. To avoid an investment scam: Look for information about the reputation of the investment company, its officials, and its promoters. Search online with their name plus words like “",1857
a921cf2d46d78a,2025-08-26,2025,8,FTC Consumer Advice - Consumer Alerts,"[""consumer_fraud"", ""crypto_fraud"", ""identity_fraud""]","{""urls"": [], ""domains"": [], ""emails"": [], ""phones"": [], ""ip_addresses"": [], ""crypto_wallets"": []}",That social media ad with super low prices on well-known brands could be a scam,https://consumer.ftc.gov/consumer-alerts/2025/08/social-media-ad-super-low-prices-well-known-brands-could-be-scam,"See an eye-catching “deal” on your social for a brand-name product at a big discount? Don’t click — it could be a scam. Here’s what to know. Scammers sometimes impersonate real companies on social media, advertising big discounts on brand-name products. Clicking on a scammy ad can take you to a fake website that’s designed to steal your money or information, like your Social Security or bank account number. If you pay, you might get a cheap fake or nothing at all. If you give your personal information, the scammer might steal your identity. To avoid responding to scammy ads on social media: Look up the seller before you click. Don't assume the seller is the company brand named in the ad. Look closely to see if you can tell who the seller really is. Then, search that company’s name online, adding words like “scam,” “complaint,” or “review.” Check to see what others are saying about the seller before you click on the ad. Compare prices. See what the product is selling for in other places. If the ad offers prices that are much, much lower, it’s probably a scam. Use a credit card. If you buy, paying by credit card gives you the best protections if something goes wrong. If you don’t get what you ordered or never get the product, for example, you may be able to dispute the charge . And never buy anything from online sellers who insist you can only pay with gift cards , wire transfers , payment apps , or cryptocurrency . Only scammers will demand you pay in those ways. Already paid a scammer? Read What To Do if You Were Scammed to find out what to do next. And tell the FTC at ReportFraud.ftc.gov . If you’re worried about identity theft, go to IdentityTheft.gov .","See an eye-catching “deal” on your social for a brand-name product at a big discount? Don’t click — it could be a scam. Here’s what to know. Scammers sometimes impersonate real companies on social media, advertising big discounts on brand-name products. Clicking on a scammy ad can take you to a fake website that’s designed to steal your money or information, like your Social Security or bank account number. If you pay, you might get a cheap fake or nothing at all. If you give your personal information, the scammer might steal your identity. To avoid responding to scammy ads on social media: Look up the seller before you click. Don't assume the seller is the company brand named in the ad. Look closely to see if you can tell who the seller really is. Then, search that company’s name online, adding words like “scam,” “complaint,” or “review.” Check to see what others are saying about the seller before you click on the ad. Compare prices. See what the product is selling for in other places",1683
cc1985377f6fae,2025-08-22,2025,8,FTC Consumer Advice - Consumer Alerts,"[""other""]","{""urls"": [], ""domains"": [], ""emails"": [], ""phones"": [], ""ip_addresses"": [], ""crypto_wallets"": []}","LA Fitness made it difficult for people to cancel gym memberships, FTC says",https://consumer.ftc.gov/consumer-alerts/2025/08/la-fitness-made-it-difficult-people-cancel-gym-memberships-ftc-says,"If you’re looking to join a gym, you’ll probably find the membership sign-up process is quick and easy. Cancelling should be easy, too — but sometimes businesses make you jump through hoops that make it nearly impossible to quit. That’s unlawful and costs people a lot of time and money. And that’s what the FTC alleges LA Fitness did to people who signed up for monthly gym subscriptions. Some gyms say you can try out a membership for free — but it might not be true. Some will auto-renew if you don’t cancel first, which might come as a surprise. And sometimes you’re trapped in a membership because of a confusing maze you have to go through before the gym will honor your cancellation request. Learn about subscriptions to save yourself money, time, and potential aggravation. Before you sign up: See what others are saying online . Search for the company’s name and the word “subscription” plus words like “complaint,” “problem,” “cancel,” and “fee” to see if people have had issues in the past. Check the terms and conditions. If the subscription includes auto-renewals, know that you’ll keep getting charged until you cancel. Learn more about how to cancel a paid subscription with automatic billing . Already have a subscription? Here’s what to do if you have trouble cancelling: Dispute unauthorized credit card charges. If you’ve tried to cancel a subscription and the company won’t stop charging your account, dispute it with your credit or debit card company. Just changing your credit or debit card number is often not enough. Tell the FTC at ReportFraud.ftc.gov . Image","If you’re looking to join a gym, you’ll probably find the membership sign-up process is quick and easy. Cancelling should be easy, too — but sometimes businesses make you jump through hoops that make it nearly impossible to quit. That’s unlawful and costs people a lot of time and money. And that’s what the FTC alleges LA Fitness did to people who signed up for monthly gym subscriptions. Some gyms say you can try out a membership for free — but it might not be true. Some will auto-renew if you don’t cancel first, which might come as a surprise. And sometimes you’re trapped in a membership because of a confusing maze you have to go through before the gym will honor your cancellation request. Learn about subscriptions to save yourself money, time, and potential aggravation. Before you sign up: See what others are saying online . Search for the company’s name and the word “subscription” plus words like “complaint,” “problem,” “cancel,” and “fee” to see if people have had issues in the past",1584
47d5eb1504b558,2025-08-21,2025,8,FTC Consumer Advice - Consumer Alerts,"[""other""]","{""urls"": [], ""domains"": [], ""emails"": [], ""phones"": [], ""ip_addresses"": [], ""crypto_wallets"": []}",Five ways to help you cut down on unwanted calls,https://consumer.ftc.gov/consumer-alerts/2025/08/five-ways-help-you-cut-down-unwanted-calls,"If you feel like you get more than your share of unwanted calls, you’re not alone. To slow down these persistent calls — some of which lead straight to scams — take a few simple steps. Register your phone number for free in the National Do Not Call Registry. Registering will likely cut down how many unwanted calls you get. Unfortunately, it won’t stop calls from scammers to your home and mobile phone — and there are still organizations and groups allowed to call you . Hang up on robocalls . Getting a lot of recorded messages trying to sell you something? Odds are the calls are not legal. Don’t press any numbers or call back. Instead, hang up and report them at DoNotCall.gov Use your phone’s built-in features. Many cell phones have settings that let you block calls from specific numbers or send certain calls straight to voicemail, especially if they come from a phone number you don’t recognize. Check call-blocking or call-labeling services. Find out what your phone company offers by contacting their customer service using a phone number or website you know is right. Watch a short video to help you block unwanted calls on your cell phone or home phone . Research apps to filter calls before downloading. Some call-blocking apps are free, while others charge. At ctia.org , you can see wireless industry lists of call-blocking apps. See what independent experts are saying and check the ratings and reviews on your online app store before you decide on a call-blocking app. Learn more about how to stop unwanted calls at ftc.gov/calls . Image","If you feel like you get more than your share of unwanted calls, you’re not alone. To slow down these persistent calls — some of which lead straight to scams — take a few simple steps. Register your phone number for free in the National Do Not Call Registry. Registering will likely cut down how many unwanted calls you get. Unfortunately, it won’t stop calls from scammers to your home and mobile phone — and there are still organizations and groups allowed to call you . Hang up on robocalls . Getting a lot of recorded messages trying to sell you something? Odds are the calls are not legal. Don’t press any numbers or call back. Instead, hang up and report them at DoNotCall.gov Use your phone’s built-in features. Many cell phones have settings that let you block calls from specific numbers or send certain calls straight to voicemail, especially if they come from a phone number you don’t recognize. Check call-blocking or call-labeling services. Find out what your phone company offers by con",1557
12a1e783a78495,2025-08-18,2025,8,FTC Consumer Advice - Consumer Alerts,"[""consumer_fraud"", ""crypto_fraud""]","{""urls"": [], ""domains"": [], ""emails"": [], ""phones"": [], ""ip_addresses"": [], ""crypto_wallets"": []}",Moving this summer? Watch for rental scams,https://consumer.ftc.gov/consumer-alerts/2025/08/moving-summer-watch-rental-scams,"Summer is a popular time to move to a new place, so you might be on the hunt right now. Looking for apartments or houses online is convenient, but that’s where many rental scams start. If you think you’ve found the perfect price in a great location, know how to spot a rental scam — before you commit to a rental. Know that some listings are fake. Scammers make up listings for places that aren’t for rent or don’t exist. They want to get your money before you figure out the listing is fake. Check out the listing in person if possible. Also, look up the name of the property owner or rental company with words like “complaint,” “review,” or “scam.” See what other people say about their experiences. Be careful how you pay. Don’t send money if a landlord says you can only pay with cash, a gift card , cryptocurrency , or a wire transfer service like Western Union or MoneyGram. Anyone who demands that you pay these ways is a scammer. Wiring money, sending gift cards, or paying with cryptocurrency is like sending cash. After you send the money, it’s hard to get it back. Look for hidden fees. Does the advertised price include all mandatory monthly fees or services? What about optional fees? Some listings might bury these in footnotes, hyperlinks, or fine print. Ask the sales agent to confirm — in writing — any fees you’ll have to pay in addition to your rent. Spot a rental scam? Tell the FTC at ReportFraud.ftc.gov . Scams Wire Transfer Scams Rental and Housing Scams Gift Card Scams","Summer is a popular time to move to a new place, so you might be on the hunt right now. Looking for apartments or houses online is convenient, but that’s where many rental scams start. If you think you’ve found the perfect price in a great location, know how to spot a rental scam — before you commit to a rental. Know that some listings are fake. Scammers make up listings for places that aren’t for rent or don’t exist. They want to get your money before you figure out the listing is fake. Check out the listing in person if possible. Also, look up the name of the property owner or rental company with words like “complaint,” “review,” or “scam.” See what other people say about their experiences. Be careful how you pay. Don’t send money if a landlord says you can only pay with cash, a gift card , cryptocurrency , or a wire transfer service like Western Union or MoneyGram. Anyone who demands that you pay these ways is a scammer. Wiring money, sending gift cards, or paying with cryptocurrenc",1494
083ec2bd83c719,2025-08-14,2025,8,FTC Consumer Advice - Consumer Alerts,"[""consumer_fraud"", ""crypto_fraud""]","{""urls"": [], ""domains"": [], ""emails"": [], ""phones"": [], ""ip_addresses"": [], ""crypto_wallets"": []}",How to spot and avoid task scams,https://consumer.ftc.gov/consumer-alerts/2025/08/how-spot-avoid-task-scams,"You get an unexpected message on WhatsApp, Telegram, text, or social media. The person says you can make quick money online doing tasks. It sounds simple, and the message says you’ll get paid right away. But this could be a scam. Read on to find out how to spot and avoid them. Task scams — or gamified job scams — begin with an unexpected message offering you “work” doing things like “optimization” or “product boosting” online. You complete the tasks through an app or online platform and — supposedly — earn money through a “commission” with each click you make. But spoiler alert: there aren’t any commissions and only the scammers make money. As you complete each task, you’ll see what looks like more and more supposed earnings in the app. They’re fake, but the scammers want you to think those earnings are real. So they might pay you a little — usually $5 to $20 — to try to gain your trust. Then the scammer turns the tables. To unlock and complete your next set of tasks, and to be able to get your “earnings” out of the app, the scammer tells you to deposit your own money, usually in crypto. But even making that deposit won’t let you get those (fake) earnings — and your real money will be gone. To avoid task scams: Ignore generic and unexpected texts, WhatsApp, or Telegram messages about jobs. Real employers will never contact you that way. Never pay anyone to get paid , or to get a job. That’s a sure sign of a scam. Don’t trust anyone who says they’ll pay you to give a positive rating or like things online . No honest company will do that. Learn more about spotting and avoiding scams at ftc.gov/scams . And report scams you see to the FTC at ReportFraud.ftc.gov . Search Terms scam","You get an unexpected message on WhatsApp, Telegram, text, or social media. The person says you can make quick money online doing tasks. It sounds simple, and the message says you’ll get paid right away. But this could be a scam. Read on to find out how to spot and avoid them. Task scams — or gamified job scams — begin with an unexpected message offering you “work” doing things like “optimization” or “product boosting” online. You complete the tasks through an app or online platform and — supposedly — earn money through a “commission” with each click you make. But spoiler alert: there aren’t any commissions and only the scammers make money. As you complete each task, you’ll see what looks like more and more supposed earnings in the app. They’re fake, but the scammers want you to think those earnings are real. So they might pay you a little — usually $5 to $20 — to try to gain your trust. Then the scammer turns the tables. To unlock and complete your next set of tasks, and to be able to",1705
15038546a2a3b0,2025-08-11,2025,8,FTC Consumer Advice - Consumer Alerts,"[""consumer_fraud""]","{""urls"": [], ""domains"": [], ""emails"": [], ""phones"": [], ""ip_addresses"": [], ""crypto_wallets"": []}",The social media trend that’s actually bank fraud,https://consumer.ftc.gov/consumer-alerts/2025/08/social-media-trend-thats-actually-bank-fraud,"While scrolling through social media, you might come across a video or post discussing an “opportunity” to make money using checks. The problem? That advice could get you in trouble. The supposed hack involves writing a check for more money than you have, depositing it into a different account of yours, and then withdrawing the money before the (bad) check is fully processed. What the video or post might not tell you is that could leave you on the hook for paying back all the money, kicked out of your bank, and in serious legal trouble for bank fraud. Before you jump onboard a viral trend: Do some research . Search the trend along with terms like “scam” or “fraud” to see what others are saying about it. Talk to friends and family to see what they think. Think about the source . What do you know about the person or account that makes them trustworthy? Compare advice from a variety of well-known sources . Don’t just trust what one person or account says. Learn more at ftc.gov/fakechecks .","While scrolling through social media, you might come across a video or post discussing an “opportunity” to make money using checks. The problem? That advice could get you in trouble. The supposed hack involves writing a check for more money than you have, depositing it into a different account of yours, and then withdrawing the money before the (bad) check is fully processed. What the video or post might not tell you is that could leave you on the hook for paying back all the money, kicked out of your bank, and in serious legal trouble for bank fraud. Before you jump onboard a viral trend: Do some research . Search the trend along with terms like “scam” or “fraud” to see what others are saying about it. Talk to friends and family to see what they think. Think about the source . What do you know about the person or account that makes them trustworthy? Compare advice from a variety of well-known sources . Don’t just trust what one person or account says. Learn more at ftc.gov/fakechecks ",1001
f4509cc1084bf5,2025-08-07,2025,8,FTC Consumer Advice - Consumer Alerts,"[""consumer_fraud""]","{""urls"": [], ""domains"": [], ""emails"": [], ""phones"": [], ""ip_addresses"": [], ""crypto_wallets"": []}",Looking for health insurance? Make sure that’s what you’re getting,https://consumer.ftc.gov/consumer-alerts/2025/08/looking-health-insurance-make-sure-thats-what-youre-getting,"Are you looking to get or switch your health insurance? Know that some dishonest marketers might lie about what your plan would cover, make it seem like they’re selling health insurance when you’re really just getting a discount plan, or try to sell you something else entirely. In today’s settlement with MediaAlpha, the FTC alleges that the company misled people interested in health insurance into sharing personal information MediaAlpha then sold to telemarketers. As a result, the FTC says people were bombarded with millions of robocalls, live telemarketing calls, and other sales tactics. According to the FTC, MediaAlpha drew people in with false or misleading ads that faked a connection to the government and claimed they gave online quotes for supposed low-cost, comprehensive health insurance. In fact, the FTC alleges MediaAlpha knew its telemarketing partners rarely offered the kind of coverage MediaAlpha advertised and instead sold people very different products that covered much less than was promised. If you’re looking for health insurance, make sure that’s what you’re buying : Don’t decide on the spot. Get details in writing before you sign up. If the marketer won’t give you information in writing about the plan’s benefits and limitations before you give a credit card number or other payment information, that’s a major red flag. Review the plan documents carefully and make sure it’s what you want. Is it health insurance, a medical discount plan, or something else? Call your health care providers directly to find out if it would cover your care, and how much it would cost you for things like going to the emergency room or being admitted to the hospital. Call before you enroll or pay any fees. Search online for any company or plan name listed in the documents with the words “complaint,” “scam,” or “fraud.” Read reviews and see what others have to say. Spot a misleading ad? Tell the FTC: ReportFraud.ftc.gov . Search Terms scam","Are you looking to get or switch your health insurance? Know that some dishonest marketers might lie about what your plan would cover, make it seem like they’re selling health insurance when you’re really just getting a discount plan, or try to sell you something else entirely. In today’s settlement with MediaAlpha, the FTC alleges that the company misled people interested in health insurance into sharing personal information MediaAlpha then sold to telemarketers. As a result, the FTC says people were bombarded with millions of robocalls, live telemarketing calls, and other sales tactics. According to the FTC, MediaAlpha drew people in with false or misleading ads that faked a connection to the government and claimed they gave online quotes for supposed low-cost, comprehensive health insurance. In fact, the FTC alleges MediaAlpha knew its telemarketing partners rarely offered the kind of coverage MediaAlpha advertised and instead sold people very different products that covered much le",1963
6dcd1390399c7d,2025-08-07,2025,8,FTC Consumer Advice - Consumer Alerts,"[""consumer_fraud"", ""crypto_fraud""]","{""urls"": [], ""domains"": [], ""emails"": [], ""phones"": [], ""ip_addresses"": [], ""crypto_wallets"": []}",Business and government impersonators go after older adults’ life savings,https://consumer.ftc.gov/consumer-alerts/2025/08/business-and-government-impersonators-go-after-older-adults-life-savings,"Scammers posing as government agencies or well-known businesses are increasingly going after retirees’ life savings. They weave a web of lies about some bogus crisis. Then they trick older adults into giving them tens or even hundreds of thousands of dollars. The scams start with lies designed to create a sense of urgency and fear. Lie #1: Someone is using your accounts. Scammers pretend to be a bank employee with a warning about suspicious account activity. Or claim to be an Amazon rep following up on potentially fraudulent purchases. Lie #2: Your information is being used to commit crimes. Scammers might say they're with the government and tell their target that their Social Security number is linked to serious crimes. Lie #3: There’s a security problem with your computer. This lie might start with a computer security alert that warns of a hacked computer with a phone number to call for help. Once they’ve convinced their mark that this crisis is real, they make empty promises and offer fake “help.” They say the only way to get out of the situation is to follow their very specific instructions — which always involve moving money. They tell their target that doing so will protect the money in their accounts or clear their name. Some say they're helping catch the “real” criminals. A new FTC data spotlight report, False alarm, real scam: how scammers are stealing older adults’ life savings , shows that reports of losses to business and government imposters filed by older adults (60+) are soaring. Many reported losing tens and hundreds of thousands of dollars. In fact, reported losses of over $100,000 increased nearly sevenfold from 2020 to 2024. How can you protect yourself from a business or government imposter scam? Never transfer or send money to anyone in response to an unexpected call or message. Even if they claim you’re moving your money to “protect it.” Talk about it with someone you trust. Especially if the stranger on the phone says it’s serious, involves a crime, or claims to be from the government. If you think the message could be real, verify the story. Contact the organization in question using a phone number, website, or email address you know is real. Don't use the contact information in the unexpected message. Government agencies will never threaten you, and they’ll never tell you to transfer your money to “protect it,” deposit cash into Bitcoin ATMs, or hand off stacks of cash or gold to a courier. That’s a scam. Report it to the FTC at ReportFraud.ftc.gov . For more advice, check out How To Avoid Imposter Scams . Search Terms scam imposter Scams Business Impersonators FTC Impersonators Government Impersonators IRS Impersonators Medicare Impersonators Social Security Impersonators","Scammers posing as government agencies or well-known businesses are increasingly going after retirees’ life savings. They weave a web of lies about some bogus crisis. Then they trick older adults into giving them tens or even hundreds of thousands of dollars. The scams start with lies designed to create a sense of urgency and fear. Lie #1: Someone is using your accounts. Scammers pretend to be a bank employee with a warning about suspicious account activity. Or claim to be an Amazon rep following up on potentially fraudulent purchases. Lie #2: Your information is being used to commit crimes. Scammers might say they're with the government and tell their target that their Social Security number is linked to serious crimes. Lie #3: There’s a security problem with your computer. This lie might start with a computer security alert that warns of a hacked computer with a phone number to call for help. Once they’ve convinced their mark that this crisis is real, they make empty promises and off",2746
cd33f4f8bf6e2f,2025-08-06,2025,8,FTC Consumer Advice - Consumer Alerts,"[""consumer_fraud"", ""cybercrime""]","{""urls"": [], ""domains"": [], ""emails"": [], ""phones"": [], ""ip_addresses"": [], ""crypto_wallets"": []}",Parents versus kids challenge: Who knows more about protecting personal information?,https://consumer.ftc.gov/consumer-alerts/2025/08/parents-versus-kids-challenge-who-knows-more-about-protecting-personal-information,"Back to school is a great time to start having conversations with your family about creating good online habits. Rather than telling kids what they should or shouldn’t do online, consider making it a parent versus kids challenge. Find out who in your house knows more about protecting their personal information online — and bring in a little healthy competition. Parental controls help you protect your kids online by restricting who they’re allowed to chat with in video games or which apps they can download to their devices. But there’s no substitute for talking with your kids about your rules and expectations. To craft your challenge’s questions and tasks, start with ftc.gov/kidsonline . Here are a few ideas to get you started: Setting your family’s cell phone rules . Start an ongoing list of personal information that should not be shared in group chats or posted online (and why). Keep the list in a high traffic area and add to it. Set a timer to see who can share a screenshot of a phishing text message the fastest. Bonus points if you can spot at least two signs of a scam . Protecting online accounts . Start a lightning round of questions at dinner: “How long should your passwords be?”, “What, besides a password, does multi-factor authentication require?”, “What makes a good security question?”, or “When is it okay to share your online account usernames and passwords?” Learning from mistakes. Show your kids that it’s okay to make mistakes, as long as you learn from them. Tell three stories about mistakes you might have made online — maybe you paid a scammer, ordered from a fake site, or posted something you shouldn’t have. Let your kids decide which stories really happened, then have them give advice on how to make better choices in the future. Order free copies of Heads Up: Stop. Think. Connect. to keep the conversation going and share them with other parents in your community so you can all stay on the same page. (View or share the YouTube version of this video.)","Back to school is a great time to start having conversations with your family about creating good online habits. Rather than telling kids what they should or shouldn’t do online, consider making it a parent versus kids challenge. Find out who in your house knows more about protecting their personal information online — and bring in a little healthy competition. Parental controls help you protect your kids online by restricting who they’re allowed to chat with in video games or which apps they can download to their devices. But there’s no substitute for talking with your kids about your rules and expectations. To craft your challenge’s questions and tasks, start with ftc.gov/kidsonline . Here are a few ideas to get you started: Setting your family’s cell phone rules . Start an ongoing list of personal information that should not be shared in group chats or posted online (and why). Keep the list in a high traffic area and add to it. Set a timer to see who can share a screenshot of a phis",1999
1ddd5b132f1d56,2025-08-04,2025,8,FTC Consumer Advice - Consumer Alerts,"[""consumer_fraud"", ""crypto_fraud""]","{""urls"": [], ""domains"": [], ""emails"": [], ""phones"": [], ""ip_addresses"": [], ""crypto_wallets"": []}",Scammers are using fake websites in a twist on jury duty scams,https://consumer.ftc.gov/consumer-alerts/2025/08/scammers-are-using-fake-websites-twist-jury-duty-scams,"Scammers are still pretending to be the police, calling to say you’ve missed jury duty and need to pay. But in a new twist, some scammers are now telling you to visit a website to enter your personal information — all so they can steal it and your money. It starts with a call that sounds like it’s from an officer in your local police department . (It’s not.) They claim you missed jury duty (you probably didn’t) and will be arrested unless you visit a website to pay a fine (still no). They send you to a site that looks legitimate, with an official-sounding URL and government-looking seals (all fake). It’ll ask you to enter your birthdate and Social Security number to “look up how much you owe.” It might ask you to pay up to $10,000 in fines on the site, or send you to a “government kiosk” (no such thing) to pay by cryptocurrency . But every bit of this is a scam. Here’s what to know: Real law enforcement officers won’t call to say you’ll be arrested or threaten to arrest you if you hang up. Even if the caller ID looks like it’s coming from your local police department. (Scammers can fake it.) Only scammers say you can only pay with cash, gift cards , a payment app , cryptocurrency , or a wire transfer service like Western Union or MoneyGram. If you get a call like this, hang up. Then tell the FTC at ReportFraud.ftc.gov . If you think the call could be real, don’t go to the URL they give you. Instead, look up the court’s real website for jury duty information or call the court directly at a number you know is correct. Image","Scammers are still pretending to be the police, calling to say you’ve missed jury duty and need to pay. But in a new twist, some scammers are now telling you to visit a website to enter your personal information — all so they can steal it and your money. It starts with a call that sounds like it’s from an officer in your local police department . (It’s not.) They claim you missed jury duty (you probably didn’t) and will be arrested unless you visit a website to pay a fine (still no). They send you to a site that looks legitimate, with an official-sounding URL and government-looking seals (all fake). It’ll ask you to enter your birthdate and Social Security number to “look up how much you owe.” It might ask you to pay up to $10,000 in fines on the site, or send you to a “government kiosk” (no such thing) to pay by cryptocurrency . But every bit of this is a scam. Here’s what to know: Real law enforcement officers won’t call to say you’ll be arrested or threaten to arrest you if you hang",1547
4164f5c3a89e68,2025-08-01,2025,8,FTC Consumer Advice - Consumer Alerts,"[""identity_fraud""]","{""urls"": [], ""domains"": [], ""emails"": [], ""phones"": [], ""ip_addresses"": [], ""crypto_wallets"": []}",Free resources for learning money management and how to spot and avoid scams,https://consumer.ftc.gov/consumer-alerts/2025/08/free-resources-learning-money-management-how-spot-avoid-scams,"Do you know someone who might need to brush up on their money management skills? Or learn to spot and avoid scams? Back-to-school season is a good time to get to work on learning. Whether you're a student, a parent, or just looking to sharpen your skills, you can learn how to protect your money and personal information. The FTC’s consumer.gov has free, reliable information in plain language to help you get started. At consumer.gov , you’ll find step-by-step guidance on everyday money choices — from making a budget to using credit to avoiding scams. Everything is written in clear language and designed for real-life situations. Want to know what’s covered? Here’s what you’ll find: Articles and a Budget Worksheet — 22 articles across six topics: Your Money , Credit , Debt , College & Career Schools , Cars , and Scams & Identity Theft . Each article breaks down everyday decisions — like spending, borrowing, and avoiding scams — into clear and practical steps. There’s also a Budget Worksheet you can use right away. Printable Handouts — Materials are ready to print or share. Go to ftc.gov/bulkorder to download PDFs or to place an order. Everything is free, including shipping. Videos — Short, engaging videos help tie it all together. Use them to review key","Do you know someone who might need to brush up on their money management skills? Or learn to spot and avoid scams? Back-to-school season is a good time to get to work on learning. Whether you're a student, a parent, or just looking to sharpen your skills, you can learn how to protect your money and personal information. The FTC’s consumer.gov has free, reliable information in plain language to help you get started. At consumer.gov , you’ll find step-by-step guidance on everyday money choices — from making a budget to using credit to avoiding scams. Everything is written in clear language and designed for real-life situations. Want to know what’s covered? Here’s what you’ll find: Articles and a Budget Worksheet — 22 articles across six topics: Your Money , Credit , Debt , College & Career Schools , Cars , and Scams & Identity Theft . Each article breaks down everyday decisions — like spending, borrowing, and avoiding scams — into clear and practical steps. There’s also a Budget Workshee",1269
2762bad55f1771,2025-07-29,2025,7,FTC Consumer Advice - Consumer Alerts,"[""consumer_fraud""]","{""urls"": [], ""domains"": [], ""emails"": [], ""phones"": [], ""ip_addresses"": [], ""crypto_wallets"": []}",Job-seeking servicemembers: Avoid scams while you search,https://consumer.ftc.gov/consumer-alerts/2025/06/job-seeking-servicemembers-avoid-scams-while-you-search,"Discharged from the military, retiring, or transitioning to civilian life? Once you leave active duty, you might be interested in new career opportunities to put your valuable skills and experience to work. Scammers are also looking for opportunities — specifically, to steal your money. Reports to the FTC about job scams have tripled from 2020 to 2024 and reported losses jumped from $90 million to $501 million in that time. Here are some ways to help you spot a scam while you’re job searching. Reports to the FTC say scammers flock to the places where job seekers look: online ads, job sites, and social media. But sometimes they try to contact you directly. You might get an unexpected text or message on WhatsApp from someone who says they’re a recruiter for a company. The message might even look like it’s coming from a company you know. If it asks you to click a link or enter personal or financial information, that’s probably a scam. To avoid job scams : Start your job search with trusted sources. Try visiting sites like fedshirevets.gov and your state’s job bank at Career OneStop . Do some research. Search online for the name of the company and words like “review,” “scam,” or “complaint.” If you can’t find the company online, steer clear. Slow down and talk to someone you trust. Scammers try to pressure you to act quickly so you don’t have time to think. Slow down and see what your friends and family have to say about the job ad. Never pay anyone to get a job. Anyone who asks you to pay to get a job is a scammer. Learn more about spotting and avoiding job scams at ftc.gov/jobscams and report them to the FTC at ReportFraud.ftc.gov . Image Search Terms military","Discharged from the military, retiring, or transitioning to civilian life? Once you leave active duty, you might be interested in new career opportunities to put your valuable skills and experience to work. Scammers are also looking for opportunities — specifically, to steal your money. Reports to the FTC about job scams have tripled from 2020 to 2024 and reported losses jumped from $90 million to $501 million in that time. Here are some ways to help you spot a scam while you’re job searching. Reports to the FTC say scammers flock to the places where job seekers look: online ads, job sites, and social media. But sometimes they try to contact you directly. You might get an unexpected text or message on WhatsApp from someone who says they’re a recruiter for a company. The message might even look like it’s coming from a company you know. If it asks you to click a link or enter personal or financial information, that’s probably a scam. To avoid job scams : Start your job search with truste",1686
fde3355eb511f5,2025-07-28,2025,7,FTC Consumer Advice - Consumer Alerts,"[""consumer_fraud""]","{""urls"": [], ""domains"": [], ""emails"": [], ""phones"": [], ""ip_addresses"": [], ""crypto_wallets"": []}",Spot scams while getting out of debt,https://consumer.ftc.gov/consumer-alerts/2025/07/spot-scams-while-getting-out-debt,"Having a lot of debt can be stressful at any age. But if you’re retired or about to live on a fixed income, paying off debt can sometimes be more challenging. As you explore your options, know that scammers might promise to take away your debt — for a fee. If you pay them before they help you, you’ll likely lose money instead of getting a fresh start. So, what’s the best way to pay down debt while avoiding scams? Take a look at your household budget. Use this worksheet to help you get organized. Call companies you owe money to , before a debt collector gets involved. Explain why you’re having trouble paying and ask for a payment plan. Some companies might agree to accept less than what you owe. Consider a credit counselor or credit counseling agency if you need help. A good credit counselor will help you make a budget and repayment plan that works for you. To avoid debt relief scams: Never pay anyone before they help settle your debts. Legitimate organizations won’t try to charge you before they settle any of your debts or enter you into a debt management plan. Get any agreement to settle or manage your debt in writing. Before you sign, understand how the plan works and how it will affect your credit. Know your rights. Check out Getting Help When You’re in Debt to learn more on your options and rights. Improve your credit over time. No credit repair company can legally remove negative information from your credit if it’s correct and current. But there are steps you can take to repair your credit over time . Have you seen a scam or have a problem with a debt settlement or other debt relief company? Tell the FTC at ReportFraud.ftc.gov . Image Search Terms scam","Having a lot of debt can be stressful at any age. But if you’re retired or about to live on a fixed income, paying off debt can sometimes be more challenging. As you explore your options, know that scammers might promise to take away your debt — for a fee. If you pay them before they help you, you’ll likely lose money instead of getting a fresh start. So, what’s the best way to pay down debt while avoiding scams? Take a look at your household budget. Use this worksheet to help you get organized. Call companies you owe money to , before a debt collector gets involved. Explain why you’re having trouble paying and ask for a payment plan. Some companies might agree to accept less than what you owe. Consider a credit counselor or credit counseling agency if you need help. A good credit counselor will help you make a budget and repayment plan that works for you. To avoid debt relief scams: Never pay anyone before they help settle your debts. Legitimate organizations won’t try to charge you b",1686
11cd358e6d51e1,2025-07-24,2025,7,FTC Consumer Advice - Consumer Alerts,"[""consumer_fraud"", ""cybercrime""]","{""urls"": [], ""domains"": [], ""emails"": [], ""phones"": [], ""ip_addresses"": [], ""crypto_wallets"": []}",Scammy texts offering “refunds” for Amazon purchases,https://consumer.ftc.gov/consumer-alerts/2025/07/scammy-texts-offering-refunds-amazon-purchases,"Scammers are pretending to be Amazon again. This time, they’re sending texts claiming there’s a problem with something you bought. They offer a refund if you click a link — but it’s a scam. Here’s how the scam works so you can avoid it. You get an unexpected text that looks like it’s from Amazon. It claims the company did a “routine quality inspection” and an item you recently bought doesn’t meet Amazon’s standards or has been recalled. The text offers you a full refund and says you don’t need to return the item — as long as you click a link to request your money back. But there is no refund. Instead, it’s a phishing scam to steal your money or personal information . To avoid a scam like this: Don’t click links in unexpected texts — and don’t respond to them. If you think the message could be legit, contact the company using a phone number, email, or website you know is real — not the info from the text. Check your Amazon account . If you’re worried, log in through the Amazon website or app — don’t use the link in the text — to see if there’s a problem with or recall on anything you’ve ordered. Send unwanted texts to 7726 (SPAM) or use your phone’s “report junk” option. Once you’ve reported it, delete the message. Learn more about how to get fewer spam texts . And if you spot a scam, tell the FTC at ReportFraud.ftc.gov . Want to know more about what to do if you have a problem with something you bought? Read Solving Problems With a Business: Returns, Refunds, and Other Resolutions .","Scammers are pretending to be Amazon again. This time, they’re sending texts claiming there’s a problem with something you bought. They offer a refund if you click a link — but it’s a scam. Here’s how the scam works so you can avoid it. You get an unexpected text that looks like it’s from Amazon. It claims the company did a “routine quality inspection” and an item you recently bought doesn’t meet Amazon’s standards or has been recalled. The text offers you a full refund and says you don’t need to return the item — as long as you click a link to request your money back. But there is no refund. Instead, it’s a phishing scam to steal your money or personal information . To avoid a scam like this: Don’t click links in unexpected texts — and don’t respond to them. If you think the message could be legit, contact the company using a phone number, email, or website you know is real — not the info from the text. Check your Amazon account . If you’re worried, log in through the Amazon website o",1507
710303875fc4a9,2025-07-22,2025,7,FTC Consumer Advice - Consumer Alerts,"[""consumer_fraud"", ""cybercrime""]","{""urls"": [], ""domains"": [], ""emails"": [], ""phones"": [], ""ip_addresses"": [], ""crypto_wallets"": []}",Helping your military kids navigate the online world,https://consumer.ftc.gov/consumer-alerts/2025/07/helping-your-military-kids-navigate-online-world,"It takes a village of trusted adults to help military kids adapt to new cities and overcome being the new kid in class again. Kids often need that same village of parents, coaches, and teachers to help them navigate safely online. If you’re looking for tools to talk with kids about privacy and online safety, digital citizenship, spotting and avoiding scams, and understanding advertising, Youville can help! Parents decide their family’s code of conduct for technology. But there are some rules most adults can agree on for 8–12-year-olds — like not clicking links in unexpected text messages and not sharing personal information with strangers in an online game. Whether you run afterschool programs, lead a youth group, or just enjoy spending time with the kids in your life, Youville’s downloadable lessons can help you bring these conversations to life. Turn reading time into a trip to the Youville Aquarium and learn about phishing scams. Too rainy for the playground? Take a walk through Youville’s Privacy Park to learn how to avoid sharing personal information. Wondering how Youville’s downloadable materials work? Lesson plans help guide the conversation and lead discussions about things like phishing scams and personal information , Slide decks give your kids visual examples that look a lot like scam messages they might see in real life, and Activity sheets encourage kids to explore imaginary places — like an aquarium or skatepark — and work in groups to practice using their newly earned skills, like spotting phishing scams and protecting their personal information . And in case you’re interested, the curriculum standards matrix outlines how each lesson meets different education standards. Whether you pick and choose individual lessons or use the whole unit, you’re helping the military kids in your life become just as resilient online as they already are in real life. Learn more about protecting kids online at ftc.gov/kidsonline . (View or share the YouTube version of this video.)","It takes a village of trusted adults to help military kids adapt to new cities and overcome being the new kid in class again. Kids often need that same village of parents, coaches, and teachers to help them navigate safely online. If you’re looking for tools to talk with kids about privacy and online safety, digital citizenship, spotting and avoiding scams, and understanding advertising, Youville can help! Parents decide their family’s code of conduct for technology. But there are some rules most adults can agree on for 8–12-year-olds — like not clicking links in unexpected text messages and not sharing personal information with strangers in an online game. Whether you run afterschool programs, lead a youth group, or just enjoy spending time with the kids in your life, Youville’s downloadable lessons can help you bring these conversations to life. Turn reading time into a trip to the Youville Aquarium and learn about phishing scams. Too rainy for the playground? Take a walk through You",2011
ab8590edd2c3f2,2025-07-21,2025,7,FTC Consumer Advice - Consumer Alerts,"[""consumer_fraud""]","{""urls"": [], ""domains"": [], ""emails"": [], ""phones"": [], ""ip_addresses"": [], ""crypto_wallets"": []}",That text about an overdue traffic ticket is probably a scam,https://consumer.ftc.gov/consumer-alerts/2025/07/text-about-overdue-traffic-ticket-probably-scam,"Chances are, you’ve gotten a scam text about unpaid toll charges or know someone who has. Now scammers are going even further and pretending to be the Department of Motor Vehicles (DMV) from states all over the country. They insist that you pay for an “overdue traffic ticket” and threaten to suspend your driving privileges (among other things) if you don’t. Here’s how the scam works. An unexpected text looks like it’s from your state’s DMV, claiming you have an overdue traffic ticket. It might include a link to pay and warn that, if you don’t pay immediately, they’ll report you to the “DMV violation database,” suspend your vehicle registration, license, and driving privileges, and charge you an additional 35% service fee. The text might even threaten to prosecute you and tank your credit score — but it’s all a scam to get your money and personal information. To avoid a text scam like this: Don’t click on any links in, or respond to, unexpected texts. Scammers want you to react quickly to get your personal information before you realize it’s a scam. Stop and talk to someone you trust. Reach out to your DMV if you’re worried. Use a phone number or website you know is real — not the info from the text. Report and delete unwanted text messages. Use your phone’s “report junk” option to report unwanted texts to your messaging app or forward them to 7726 (SPAM). Once you’ve checked it out and reported it, delete the text. Learn more about spotting and avoiding text scams at ftc.gov/textscams . And report them to the FTC at ReportFraud.ftc.gov . Image","Chances are, you’ve gotten a scam text about unpaid toll charges or know someone who has. Now scammers are going even further and pretending to be the Department of Motor Vehicles (DMV) from states all over the country. They insist that you pay for an “overdue traffic ticket” and threaten to suspend your driving privileges (among other things) if you don’t. Here’s how the scam works. An unexpected text looks like it’s from your state’s DMV, claiming you have an overdue traffic ticket. It might include a link to pay and warn that, if you don’t pay immediately, they’ll report you to the “DMV violation database,” suspend your vehicle registration, license, and driving privileges, and charge you an additional 35% service fee. The text might even threaten to prosecute you and tank your credit score — but it’s all a scam to get your money and personal information. To avoid a text scam like this: Don’t click on any links in, or respond to, unexpected texts. Scammers want you to react quickly ",1569
d0242884b3dc76,2025-07-17,2025,7,FTC Consumer Advice - Consumer Alerts,"[""consumer_fraud""]","{""urls"": [], ""domains"": [], ""emails"": [], ""phones"": [], ""ip_addresses"": [], ""crypto_wallets"": []}",Real government agents aren’t asking you to buy and deliver gold bars,https://consumer.ftc.gov/consumer-alerts/2025/07/real-government-agents-arent-asking-you-buy-deliver-gold-bars,"If someone contacts you unexpectedly and tells you to buy gold bars and hand them to someone (anyone!) to “protect your money,” you’ve spotted a scam. Instead of doing what they say, stop. Want to know how these scams work and how to avoid them? Read on. You might get a message, email, or call saying your bank account or computer was hacked. Or they say your name and Social Security number are linked to crimes. To gain your trust, they say they’re government agents or law enforcement (they’re not) — and then they pressure you to act fast. To “protect your money,” they tell you to buy gold bars and hand them to someone. Or they say to move your money to a “secure government” account or withdraw cash and give it to someone to “keep it safe.” But those are all scams. In fact, no one from the government will ever tell you to buy and deliver gold bars, move your money, or give cash to anyone. If someone does, that's a scammer. To help you spot the scam, here are some things to listen for: “Buy gold bars and hand them to someone” is a scam . It doesn’t matter who they say you’re giving the bars to. Don’t give bars to a courier, and don’t deliver them. It’s a scam. “Move your money to protect it” is a scam . Nobody legit will tell you to protect your money by transferring or withdrawing it from your bank or investment accounts. But scammers will. “Withdraw cash and give it to [anyone]” is a scam . Always. Every time. It’s a scam. If you hear any of these, stop. Hang up. Delete the email. Stop texting. Block their number. Tell someone you trust what happened, and then tell the FTC at ReportFraud.ftc.gov . Scams Avoiding and Reporting Scams Business Impersonators Government Impersonators","If someone contacts you unexpectedly and tells you to buy gold bars and hand them to someone (anyone!) to “protect your money,” you’ve spotted a scam. Instead of doing what they say, stop. Want to know how these scams work and how to avoid them? Read on. You might get a message, email, or call saying your bank account or computer was hacked. Or they say your name and Social Security number are linked to crimes. To gain your trust, they say they’re government agents or law enforcement (they’re not) — and then they pressure you to act fast. To “protect your money,” they tell you to buy gold bars and hand them to someone. Or they say to move your money to a “secure government” account or withdraw cash and give it to someone to “keep it safe.” But those are all scams. In fact, no one from the government will ever tell you to buy and deliver gold bars, move your money, or give cash to anyone. If someone does, that's a scammer. To help you spot the scam, here are some things to listen for: “",1707
0028265f7beb50,2025-07-15,2025,7,FTC Consumer Advice - Consumer Alerts,"[""other""]","{""urls"": [], ""domains"": [], ""emails"": [], ""phones"": [], ""ip_addresses"": [], ""crypto_wallets"": []}","Protect your personal information, no matter where military life takes you",https://consumer.ftc.gov/consumer-alerts/2025/06/protect-your-personal-information-no-matter-where-military-life-takes-you,"If you’re a servicemember, you’re probably used to moving around every few years. Whether you’re moving a few states away or to another country, you might need to break a lease, sell a car, or redirect your mail to a new address — all things involving your personal information. While planning your next big move, help protect your sensitive info from scammers. If scammers get hold of personal details like your name, date of birth, and Social Security number, they might get access to your accounts, take your money, or even steal your identity . Put these steps into practice regularly to help protect your personal information: Update your computer software and phone to automatically install the latest security patches. Keep financial records and other sensitive documents in a safe place. Shred them before throwing them away. Make sure you contact the United States Postal Service to forward mail to your new address. Don’t share your Social Security number unless absolutely necessary. If someone asks for sensitive information, ask yourself: Why do they need this information? What’s going to happen to it? Before you hit the road or catch a flight to your next duty station: Consider freezing your credit . That’s the best way to keep scammers from getting into your credit report. Bonus: place an active duty fraud alert on your credit report and sign up for free active duty credit monitoring for added protection. Review your credit card bills and bank account statements while traveling. Look for transactions you didn’t make. Check your free credit reports at AnnualCreditReport.com . Look for signs that someone is using your information, like accounts in your name you don’t recognize. You can get a free credit report every week. If you think someone stole your identity, report it and get a personal recovery plan at IdentityTheft.gov . Image Search Terms military","If you’re a servicemember, you’re probably used to moving around every few years. Whether you’re moving a few states away or to another country, you might need to break a lease, sell a car, or redirect your mail to a new address — all things involving your personal information. While planning your next big move, help protect your sensitive info from scammers. If scammers get hold of personal details like your name, date of birth, and Social Security number, they might get access to your accounts, take your money, or even steal your identity . Put these steps into practice regularly to help protect your personal information: Update your computer software and phone to automatically install the latest security patches. Keep financial records and other sensitive documents in a safe place. Shred them before throwing them away. Make sure you contact the United States Postal Service to forward mail to your new address. Don’t share your Social Security number unless absolutely necessary. If so",1884
b1784c2cccd396,2025-07-14,2025,7,FTC Consumer Advice - Consumer Alerts,"[""consumer_fraud""]","{""urls"": [], ""domains"": [], ""emails"": [], ""phones"": [], ""ip_addresses"": [], ""crypto_wallets"": []}",Spot and avoid FEMA impersonators,https://consumer.ftc.gov/consumer-alerts/2025/07/spot-avoid-fema-impersonators,"Scammers know natural disasters create opportunities to take advantage of people. One way they do that is by impersonating Federal Emergency Management Agency (FEMA) officials to steal people’s money and personal information. FEMA impersonators often show up, call, or text people after a weather emergency and offer services like disaster grants or home inspections for a fee, usually cash up front. But these are scams: FEMA doesn’t charge people for disaster assistance. Here’s how to spot and avoid FEMA impersonators to help keep your finances and identity safe during and after a weather emergency. Know that FEMA employees will never ask for money for inspections, disaster assistance, debris removal, grants, help with applications, or appeals. FEMA inspectors will not ask for your banking information. And anyone who says they work for FEMA but asks for money or financial information is a scammer. Verify their identity. FEMA staff and their contractors always wear an official badge with their name and photo on it. But scammers sometimes make fake badges or wear FEMA-branded clothing. If you’re unsure about someone claiming to be a FEMA representative, contact FEMA directly at 1-800-621-FEMA (3362). Don’t respond to unexpected calls and texts. If you get unexpected calls or texts from people claiming to be from FEMA, but you’ve never applied for FEMA disaster assistance, it’s highly likely to be a scam. FEMA only contacts people who’ve contacted them or applied for FEMA disaster assistance, and the agency never sends texts demanding money or personal information. Download the FEMA Mobile App to get alerts and information and learn more about how to spot and avoid other disaster-related scams at ftc.gov/WeatherEmergencies . Search Terms scam Scams Government Impersonators","Scammers know natural disasters create opportunities to take advantage of people. One way they do that is by impersonating Federal Emergency Management Agency (FEMA) officials to steal people’s money and personal information. FEMA impersonators often show up, call, or text people after a weather emergency and offer services like disaster grants or home inspections for a fee, usually cash up front. But these are scams: FEMA doesn’t charge people for disaster assistance. Here’s how to spot and avoid FEMA impersonators to help keep your finances and identity safe during and after a weather emergency. Know that FEMA employees will never ask for money for inspections, disaster assistance, debris removal, grants, help with applications, or appeals. FEMA inspectors will not ask for your banking information. And anyone who says they work for FEMA but asks for money or financial information is a scammer. Verify their identity. FEMA staff and their contractors always wear an official badge with ",1798
30abb3eb19eb7d,2025-07-11,2025,7,FTC Consumer Advice - Consumer Alerts,"[""consumer_fraud""]","{""urls"": [], ""domains"": [], ""emails"": [], ""phones"": [], ""ip_addresses"": [], ""crypto_wallets"": []}",New job? How to spot boss imposter scams,https://consumer.ftc.gov/consumer-alerts/2025/07/new-job-how-spot-boss-imposter-scams,"After a long search, you’ve got that new job. You can’t wait to share the good news on social media, but as you’re shouting it from the virtual rooftop, know this: it’s not only friends and colleagues who’ll get the alert. Scammers are watching, too — and they might use the update to target you. Here’s how it often goes. Maybe even before you start the new job, your new “boss” gets in touch with an urgent request: buy gift cards and hand over the numbers, or quickly send your financial or personal information. You’re new, maybe eager to please…and maybe less likely to ask questions, even if the ask sounds fishy. So how do you spot and avoid those scams? Don’t buy gift cards for anyone who contacts you to ask . And don’t share the PIN numbers from the cards. Only scammers will ask you to do either thing. Don’t share your info with anyone who contacts you to ask . Sure, your employer might need your Social Security or bank account number for your new job, but the new boss or HR aren’t likely to call, text, or email you out of the blue to ask. But scammers will. Stop and check it out . Talk to someone you trust before acting. And consider getting in touch with your new boss in a way you know is real. (Not in response to whatever call, text, or email you got.) They might appreciate knowing someone’s impersonating them and take steps to protect the rest of your new colleagues. If you spot a scam like this, tell the FTC: ReportFraud.ftc.gov . And if someone misuses your identity, report it at IdentityTheft.gov to get step-by-step advice on what to do next.","After a long search, you’ve got that new job. You can’t wait to share the good news on social media, but as you’re shouting it from the virtual rooftop, know this: it’s not only friends and colleagues who’ll get the alert. Scammers are watching, too — and they might use the update to target you. Here’s how it often goes. Maybe even before you start the new job, your new “boss” gets in touch with an urgent request: buy gift cards and hand over the numbers, or quickly send your financial or personal information. You’re new, maybe eager to please…and maybe less likely to ask questions, even if the ask sounds fishy. So how do you spot and avoid those scams? Don’t buy gift cards for anyone who contacts you to ask . And don’t share the PIN numbers from the cards. Only scammers will ask you to do either thing. Don’t share your info with anyone who contacts you to ask . Sure, your employer might need your Social Security or bank account number for your new job, but the new boss or HR aren’t li",1576
a383741d72ca18,2025-07-10,2025,7,FTC Consumer Advice - Consumer Alerts,"[""crypto_fraud""]","{""urls"": [], ""domains"": [], ""emails"": [], ""phones"": [], ""ip_addresses"": [], ""crypto_wallets"": []}",Help the people affected by flooding in Texas — not a scammer,https://consumer.ftc.gov/consumer-alerts/2025/07/help-people-affected-flooding-texas-not-scammer,"In response to the devastating flash flooding in central Texas, many are looking for ways to get and give help. And scammers are looking to prey on people’s generosity. So how can you make sure your donations go to the people who need them and not to a scammer? Donate to charities you know and trust with a proven track record of dealing with disasters. Before you give, research the charity yourself — especially if the donation request comes on social media. Check out the charity on the Better Business Bureau’s Give.org , or Charity Watch . Find out exactly how much of your donation will go directly to the people the charity says it helps. Don’t donate to anyone who insists you must pay by cash, gift card, wiring money, or cryptocurrency . That’s how scammers tell you to pay. If you decide to donate, paying by credit card gives you more protections. Be cautious about giving to individuals on crowdfunding sites . Know that money raised in a crowdfunding campaign goes to the campaign organizer, not directly to the people or cause it’s set up to help. Review the platform’s policies — does it take measures to verify postings that ask for help after a disaster? And know that donating via crowdfunding is not tax deductible. Confirm the number before you text to donate. If someone asks you to donate by text, call the number on the charity’s website to confirm you have the right number to donate by text. To learn more about how to donate safely, go to ftc.gov/charity . For advice to help you prepare for, deal with, and recover from weather emergencies and the scams that follow, check out ftc.gov/weatheremergencies .","In response to the devastating flash flooding in central Texas, many are looking for ways to get and give help. And scammers are looking to prey on people’s generosity. So how can you make sure your donations go to the people who need them and not to a scammer? Donate to charities you know and trust with a proven track record of dealing with disasters. Before you give, research the charity yourself — especially if the donation request comes on social media. Check out the charity on the Better Business Bureau’s Give.org , or Charity Watch . Find out exactly how much of your donation will go directly to the people the charity says it helps. Don’t donate to anyone who insists you must pay by cash, gift card, wiring money, or cryptocurrency . That’s how scammers tell you to pay. If you decide to donate, paying by credit card gives you more protections. Be cautious about giving to individuals on crowdfunding sites . Know that money raised in a crowdfunding campaign goes to the campaign orga",1634
42a0da9dc8e9c2,2025-07-08,2025,7,FTC Consumer Advice - Consumer Alerts,"[""consumer_fraud""]","{""urls"": [], ""domains"": [], ""emails"": [], ""phones"": [""1-800-827-0648""], ""ip_addresses"": [], ""crypto_wallets"": []}",Veterans and caregivers: Recognize VA benefits overpayment scams,https://consumer.ftc.gov/consumer-alerts/2025/07/veterans-caregivers-recognize-va-benefits-overpayment-scams,"Got a letter in the mail from the Department of Veterans Affairs (VA) saying you owe money due to an overpayment of your benefits? You might be wondering: Was I really overpaid? How much do I need to pay back? To get real answers to questions like these, always start by logging into your VA.gov account . If your VA.gov account shows you owe money, know the VA offers repayment help for free . But scammers will tell you different and try to convince you to pay them instead. Some scammers pretend to be someone from the VA to trick you into sending them your money or sensitive information. Some might even use names, seals, and logos that look or sound like legit organizations to trick you into paying a scammer for help that’s actually free. If you’re managing VA debt for benefit overpayments, here’s how to take scammers out of the equation: Only manage VA debt for overpayments through the VA. Use VA.gov sites to check the status of your debt, set up a repayment plan, or request a waiver. Or call the VA’s debt management call center at 1-800-827-0648. Scammers use official-looking names, seals, logos, and websites to seem legit. If someone sends you to a site outside of VA.gov or tells you to call a different phone number, walk away. Don’t share your VA login credentials or password. The VA won’t ask you to share that information , but a scammer will. Set up strong passwords and multi-factor authentication on your VA accounts. Never pay an upfront fee. Need help filing claims or requesting decision reviews? Find an VA accredited representative to help you — for free. If someone says you have to pay them before they’ll help you, that’s a scam. Learn more about VA benefits scams and report scams at ReportFraud.ftc.gov . Search Terms military Scams Government Impersonators","Got a letter in the mail from the Department of Veterans Affairs (VA) saying you owe money due to an overpayment of your benefits? You might be wondering: Was I really overpaid? How much do I need to pay back? To get real answers to questions like these, always start by logging into your VA.gov account . If your VA.gov account shows you owe money, know the VA offers repayment help for free . But scammers will tell you different and try to convince you to pay them instead. Some scammers pretend to be someone from the VA to trick you into sending them your money or sensitive information. Some might even use names, seals, and logos that look or sound like legit organizations to trick you into paying a scammer for help that’s actually free. If you’re managing VA debt for benefit overpayments, here’s how to take scammers out of the equation: Only manage VA debt for overpayments through the VA. Use VA.gov sites to check the status of your debt, set up a repayment plan, or request a waiver. O",1795
8f57efcf79ea2b,2025-07-07,2025,7,FTC Consumer Advice - Consumer Alerts,"[""consumer_fraud""]","{""urls"": [], ""domains"": [], ""emails"": [], ""phones"": [], ""ip_addresses"": [], ""crypto_wallets"": []}",Job scammers are looking to hire you,https://consumer.ftc.gov/consumer-alerts/2025/07/job-scammers-are-looking-hire-you,"Scammers are always “hiring” but don’t actually want to employ you. Instead, they want your money, personal information, or both. Here’s how to spot and avoid a job scam. Scammy recruiters who claim to be recruiting for a big-name employer often reach out by email or text with a remote job offer — sometimes from a personal phone number or email account. You might get an email with an official-looking invitation for a virtual interview along with information about your job duties and job benefits. Then they’ll move fast. Before you even interview, you might get an official-looking job offer along with paperwork that requires your personal financial information (supposedly for direct deposit). The recruiter will push for that information before they answer your questions about the job. In reality, there is no job and the “recruiter” is a scammer. Real employers won’t ask for that kind of information before they’ve actually interviewed and hired you. How do you know if that job offer is a scam? Look at the sender’s email address. Is the email from a business or a personal email? Recruiters will generally email from a corporate email account, not from a personal email like @gmail.com or @yahoo.com. They ask for your personal information before you interview. Scammers will ask for your driver’s license, Social Security, or bank account number to fill out “employment paperwork”. Your sensitive information might be the focus of your “interview” and they might ask to get that information before they’ll talk about job duties. Check out the recruiter. Search online the name of the recruiter or their company to see what you find about them. Type the name with words like “scam” or “complaint.” For more information on how to spot job scams, go to ftc.gov/jobscams . Search Terms scam","Scammers are always “hiring” but don’t actually want to employ you. Instead, they want your money, personal information, or both. Here’s how to spot and avoid a job scam. Scammy recruiters who claim to be recruiting for a big-name employer often reach out by email or text with a remote job offer — sometimes from a personal phone number or email account. You might get an email with an official-looking invitation for a virtual interview along with information about your job duties and job benefits. Then they’ll move fast. Before you even interview, you might get an official-looking job offer along with paperwork that requires your personal financial information (supposedly for direct deposit). The recruiter will push for that information before they answer your questions about the job. In reality, there is no job and the “recruiter” is a scammer. Real employers won’t ask for that kind of information before they’ve actually interviewed and hired you. How do you know if that job offer is a",1800
8efe015ead0430,2025-07-02,2025,7,FTC Consumer Advice - Consumer Alerts,"[""consumer_fraud"", ""cybercrime""]","{""urls"": [], ""domains"": [], ""emails"": [""reportphishing@apwg.org""], ""phones"": [], ""ip_addresses"": [], ""crypto_wallets"": []}",Are you really out of Cloud storage or is that message a scam?,https://consumer.ftc.gov/consumer-alerts/2025/07/are-you-really-out-cloud-storage-or-message-scam,"You might get an email or text that seems to come from Apple, Microsoft, or Google, saying you’re out of storage. The message looks legit, and you might think there’s a chance you need more cloud space, but your scam-radar is going off. How can you be sure the link to upgrade isn’t a scam? If you don’t even have cloud storage with the company emailing you, that’s the best clue that the message as a phishing scam you can report and delete. But if the message comes from a company you do use for cloud storage, contact them directly. But don’t click the link in the message. Instead, use a number or website you know to be real — or log into your cloud account to see if you really need more cloud space. Scammers often create phishing emails designed to trick you into clicking a link. Their goal? Steal your personal information or install malware on your device. So, if you suspect a phishing scam: Forward the email to the Anti-Phishing Working Group at reportphishing@apwg.org . Report phishing text messages on the messaging app you use or forward the text message to SPAM (7726). Report the phishing attempt to the FTC at ReportFraud.ftc.gov . Learn more about to protect yourself from phishing attacks and how to block and report spam text messages . Search Terms scam phishing","You might get an email or text that seems to come from Apple, Microsoft, or Google, saying you’re out of storage. The message looks legit, and you might think there’s a chance you need more cloud space, but your scam-radar is going off. How can you be sure the link to upgrade isn’t a scam? If you don’t even have cloud storage with the company emailing you, that’s the best clue that the message as a phishing scam you can report and delete. But if the message comes from a company you do use for cloud storage, contact them directly. But don’t click the link in the message. Instead, use a number or website you know to be real — or log into your cloud account to see if you really need more cloud space. Scammers often create phishing emails designed to trick you into clicking a link. Their goal? Steal your personal information or install malware on your device. So, if you suspect a phishing scam: Forward the email to the Anti-Phishing Working Group at reportphishing@apwg.org . Report phishin",1287
a2cd808911ad6c,2025-07-01,2025,7,FTC Consumer Advice - Consumer Alerts,"[""consumer_fraud"", ""crypto_fraud""]","{""urls"": [], ""domains"": [], ""emails"": [], ""phones"": [], ""ip_addresses"": [], ""crypto_wallets"": []}",Scammers are impersonating local law enforcement,https://consumer.ftc.gov/consumer-alerts/2025/06/scammers-are-impersonating-local-law-enforcement,"Have you gotten a call that looks like it’s from your local police department? Scammers are faking caller ID to impersonate local law enforcement, hoping to get you to pay. Learn how this scam works so you can avoid it. The call comes from someone claiming they’re a sheriff or deputy at your local police department. They say they’ve confiscated a package with your name on it. It’s filled with money, illegal drugs, or weapons — and you’ll be arrested unless you pay a fine. To avoid being arrested, they might tell you to send cash, deposit money at a Bitcoin ATM , buy gift cards and give them the numbers, or send money over a payment app like Zelle, Cash App, or Venmo. Even if the caller uses the name of a real officer, has a real number show up on caller ID , or has information about you (like your address), that’s not a real officer calling. It’s a scammer trying to steal your money. Here’s what to know: Real law enforcement officers won’t call to say you’re going to be arrested (or threaten to arrest you if you hang up). Real law enforcement officers won’t call to insist that you pay fines by cash, gift card , cryptocurrency , payment app , or a wire transfer service — and never as a way to buy your way out of a “crime.” If you get a call like this, hang up. Don’t call the number back. If you want to check it out, contact your local police department, but use a website or phone number you know is real. Then report it to the FTC at ReportFraud.ftc.gov . Already paid a scammer? Read What To Do if You Were Scammed to find out what to do next.","Have you gotten a call that looks like it’s from your local police department? Scammers are faking caller ID to impersonate local law enforcement, hoping to get you to pay. Learn how this scam works so you can avoid it. The call comes from someone claiming they’re a sheriff or deputy at your local police department. They say they’ve confiscated a package with your name on it. It’s filled with money, illegal drugs, or weapons — and you’ll be arrested unless you pay a fine. To avoid being arrested, they might tell you to send cash, deposit money at a Bitcoin ATM , buy gift cards and give them the numbers, or send money over a payment app like Zelle, Cash App, or Venmo. Even if the caller uses the name of a real officer, has a real number show up on caller ID , or has information about you (like your address), that’s not a real officer calling. It’s a scammer trying to steal your money. Here’s what to know: Real law enforcement officers won’t call to say you’re going to be arrested (or th",1566
81ffaafb7b75f7,2025-06-27,2025,6,FTC Consumer Advice - Consumer Alerts,"[""consumer_fraud"", ""crypto_fraud"", ""cybercrime""]","{""urls"": [], ""domains"": [], ""emails"": [], ""phones"": [], ""ip_addresses"": [], ""crypto_wallets"": []}",Welcome to Military Consumer Month 2025,https://consumer.ftc.gov/consumer-alerts/2025/06/welcome-military-consumer-month-2025,"Military servicemembers, veterans, and their families sacrifice a lot to keep our country safe. In the spirit of protecting those who’ve served, the Federal Trade Commission invites you to talk about scams with your battle buddies. Looking for ways to share what you know and protect someone else from a scam? The FTC’s got your six. Sometimes people don’t even know they’ve experienced a scam until they’ve already lost money. Military consumers reported losing $584 million to fraud in 2024 — an enormous loss. That’s why, throughout the month of July, the FTC is giving you tools to raise the volume on practical advice to help yourself — and your buddies — spot, avoid, and report scams . Here’s where to start: At your next battalion huddle, bring up a scammy text about problems with an online order or money owed on an account. Use it to explain how scammers send unexpected messages to steal your personal information and your money. Before a deployment, brief your loved ones about scammers that use social media to send urgent messages about fake problems or supposed once-in-a-lifetime investment opportunities. Remind older veterans in your community to slow down before responding to unexpected phone calls and emails. Tell them only scammers insist you pay in specific ways , like using cryptocurrency , wiring money through a company like MoneyGram or Western Union, using a payment app , or by putting money on a gift card . Know someone who accidentally paid a scammer? Show them how to try and get their money back . Check MilitaryConsumer.gov/MCM2025 every week in July to get graphics, blogs, and social media messages to start conversations like these. Encourage everyone you know to report scams to the FTC at ReportFraud.ftc.gov . Image Search Terms military Scams All Scams Phishing Scams","Military servicemembers, veterans, and their families sacrifice a lot to keep our country safe. In the spirit of protecting those who’ve served, the Federal Trade Commission invites you to talk about scams with your battle buddies. Looking for ways to share what you know and protect someone else from a scam? The FTC’s got your six. Sometimes people don’t even know they’ve experienced a scam until they’ve already lost money. Military consumers reported losing $584 million to fraud in 2024 — an enormous loss. That’s why, throughout the month of July, the FTC is giving you tools to raise the volume on practical advice to help yourself — and your buddies — spot, avoid, and report scams . Here’s where to start: At your next battalion huddle, bring up a scammy text about problems with an online order or money owed on an account. Use it to explain how scammers send unexpected messages to steal your personal information and your money. Before a deployment, brief your loved ones about scammers ",1812
e5db6cbbd6897b,2025-06-26,2025,6,FTC Consumer Advice - Consumer Alerts,"[""consumer_fraud""]","{""urls"": [], ""domains"": [], ""emails"": [], ""phones"": [], ""ip_addresses"": [], ""crypto_wallets"": []}",Don’t pay for a prize (scam),https://consumer.ftc.gov/consumer-alerts/2025/06/dont-pay-prize-scam,"“You’ve won!” are two words likely to get your attention – but sometimes it’s a scammer delivering the news. (Spoiler: you didn’t win anything.) Here’s how to spot and avoid prize scams. These scams usually look something like this: You get a call or a text saying you’ve won thousands (or even millions) of dollars, a car, a fancy watch — or maybe all three! You don’t remember entering a contest, but free stuff sounds good. But if you reply, they’ll say you need to pay to get the prize — maybe for processing fees or taxes. No matter what they say, real sweepstakes have free prizes — any money you send is going to a scammer’s pocket…and, sorry, there is no prize. Scammers often use names that sound like well-known sweepstakes or companies, like Publishers Clearing House (PCH) — to trick you into trusting them. Here are some things to know to avoid a prize scam . Real prizes are free. If there’s a charge, it’s a scam. Anyone who tells you to pay to get your prize — whether it’s for ""taxes,"" ""shipping and handling charges,"" or “processing fees” — is a scammer. Stop and walk away. Scammers tell you to act NOW. They’ll say it’s a limited offer and try to rush you. They don’t want you to have time to think about what’s really happening. So, if anyone tries to hurry you into paying, stop. Remember that’s something scammers do. Scammers use names that look like real companies. But no real sweepstakes company will demand money for a prize. If you want to double-check, reach out to the real company. Just make sure to use contact information you found yourself — not contact info from the person who called you. Spot a prize scam? Tell the FTC at ReportFraud.ftc.gov . Search Terms scam Scams Prize and Grant Scams Business Impersonators","“You’ve won!” are two words likely to get your attention – but sometimes it’s a scammer delivering the news. (Spoiler: you didn’t win anything.) Here’s how to spot and avoid prize scams. These scams usually look something like this: You get a call or a text saying you’ve won thousands (or even millions) of dollars, a car, a fancy watch — or maybe all three! You don’t remember entering a contest, but free stuff sounds good. But if you reply, they’ll say you need to pay to get the prize — maybe for processing fees or taxes. No matter what they say, real sweepstakes have free prizes — any money you send is going to a scammer’s pocket…and, sorry, there is no prize. Scammers often use names that sound like well-known sweepstakes or companies, like Publishers Clearing House (PCH) — to trick you into trusting them. Here are some things to know to avoid a prize scam . Real prizes are free. If there’s a charge, it’s a scam. Anyone who tells you to pay to get your prize — whether it’s for ""taxes",1751
16476d55a5437f,2025-06-25,2025,6,FTC Consumer Advice - Consumer Alerts,"[""consumer_fraud""]","{""urls"": [], ""domains"": [], ""emails"": [], ""phones"": [], ""ip_addresses"": [], ""crypto_wallets"": []}",Another round of refunds on the way for Fortnite gamers charged for unwanted items,https://consumer.ftc.gov/consumer-alerts/2024/12/another-round-refunds-way-fortnite-gamers-charged-unwanted-items,"The FTC is sending out over 969,000 payments worth more than $126 million to Fortnite gamers charged for unwanted items. If you submitted a valid claim by February 14, 2025 , you’ll get the payment via the method you requested. If you get a check, cash it within 90 days. If you get a PayPal payment, accept it within 30 days. You don’t need to do anything else to get your payment. If you submitted a claim after February 14, 2025 , the FTC will review your claim. You don’t need to do anything else. If you think you’re eligible for a refund and haven’t already submitted a claim , go to ftc.gov/Fortnite to learn if you’re eligible and how to apply. All claims are due by Wednesday, July 9, 2025. Avoid scams related to the Fortnite refunds program. The FTC will never ask you to pay money to file a claim. If you get an email or text message that tells you to click a link or pay to get your refund, it’s a scam. Report it to the FTC at ReportFraud.ftc.gov . Get more information about the FTC’s Fortnite refunds program at ftc.gov/Fortnite . Image [Note: This blog, originally posted on December 9, 2024, has been updated with information on the latest round of Fortnite refunds.]","The FTC is sending out over 969,000 payments worth more than $126 million to Fortnite gamers charged for unwanted items. If you submitted a valid claim by February 14, 2025 , you’ll get the payment via the method you requested. If you get a check, cash it within 90 days. If you get a PayPal payment, accept it within 30 days. You don’t need to do anything else to get your payment. If you submitted a claim after February 14, 2025 , the FTC will review your claim. You don’t need to do anything else. If you think you’re eligible for a refund and haven’t already submitted a claim , go to ftc.gov/Fortnite to learn if you’re eligible and how to apply. All claims are due by Wednesday, July 9, 2025. Avoid scams related to the Fortnite refunds program. The FTC will never ask you to pay money to file a claim. If you get an email or text message that tells you to click a link or pay to get your refund, it’s a scam. Report it to the FTC at ReportFraud.ftc.gov . Get more information about the FTC’s ",1185
355c5594777501,2025-06-24,2025,6,FTC Consumer Advice - Consumer Alerts,"[""consumer_fraud""]","{""urls"": [], ""domains"": [], ""emails"": [], ""phones"": [], ""ip_addresses"": [], ""crypto_wallets"": []}",How to avoid work-from-home job scams,https://consumer.ftc.gov/consumer-alerts/2025/06/how-avoid-work-home-job-scams,"Scammers know that many people want to make money working from home. So they send emails, texts, or advertise jobs that claim you can make thousands of dollars a month working from home with little time and effort. What do they really want? Your money or personal information. Scammers might try to recruit you by saying you can be your own boss , start your own business, or set your own schedule. But instead of making money, you might end up paying for starter kits, so-called training, or certifications that are useless. Before you accept a job offer: Search online. Look up the name of the company or the person who’s hiring you, plus the words “scam,” “review,” or “complaint.” See if others say they’ve been scammed by that company or person. Talk to someone you trust . Describe the offer to them. What do they think? This also helps give you time to think about the offer. Don't pay for the promise of a job . Honest employers will never ask you to pay to get a job. Anyone who does is a scammer. Never bank on a “cleared” check. No honest potential employer will ever send you a check and then tell you to send on part of the money, or to buy gift cards with it. That’s a fake check scam . The check will bounce, and the bank will want you to repay the money. Learn more at ftc.gov/jobscams . And if you spot a job scam, let the FTC know: ReportFraud.ftc.gov . Image Search Terms scam","Scammers know that many people want to make money working from home. So they send emails, texts, or advertise jobs that claim you can make thousands of dollars a month working from home with little time and effort. What do they really want? Your money or personal information. Scammers might try to recruit you by saying you can be your own boss , start your own business, or set your own schedule. But instead of making money, you might end up paying for starter kits, so-called training, or certifications that are useless. Before you accept a job offer: Search online. Look up the name of the company or the person who’s hiring you, plus the words “scam,” “review,” or “complaint.” See if others say they’ve been scammed by that company or person. Talk to someone you trust . Describe the offer to them. What do they think? This also helps give you time to think about the offer. Don't pay for the promise of a job . Honest employers will never ask you to pay to get a job. Anyone who does is a sc",1395
db0900385e2d0c,2025-06-23,2025,6,FTC Consumer Advice - Consumer Alerts,"[""consumer_fraud"", ""cybercrime""]","{""urls"": [], ""domains"": [], ""emails"": [], ""phones"": [], ""ip_addresses"": [], ""crypto_wallets"": []}","Yes, going to the DMV is the only way to avoid a REAL ID scam",https://consumer.ftc.gov/consumer-alerts/2025/06/yes-going-dmv-only-way-avoid-real-id-scam,"If you want to use your driver’s license to fly, you’ll need a REAL ID . If you don’t have one yet, your state’s Department of Motor Vehicles (DMV) is the place to go, and they’re only taking in-person appointments. But people are telling the FTC that scammers are pretending to be the DMV or another government agency. Reports say these “officials” are sending messages saying you can skip the line if you pay or give them information. Here’s how that scam works so you can avoid it. You get an unexpected text or email from someone who says they’re from the DMV or the Department of Homeland Security. They say you can skip the line and expedite your application for a REAL ID. You just have to click a link to share your information and pay, they say. But this is a phishing scam to steal your money or info . To help you avoid a scam like this: Know that the only way to get a REAL ID is by visiting your state DMV in person. You can’t submit an application online or in the mail. And nobody can expedite the process for you. Don’t click links in unexpected texts or emails — and don’t respond to them. If you think the message could be legit, contact the DMV using a phone number, email, or website you know is real. Learn more about how to get fewer spam texts and emails .If you get an unwanted message, use your phone’s “report junk” option or forward unwanted texts to 7726 (SPAM) and unwanted emails to your email provider . Once you’ve checked it out and reported it, delete the message. And if you spot a scam, report it to the FTC at ReportFraud.ftc.gov .","If you want to use your driver’s license to fly, you’ll need a REAL ID . If you don’t have one yet, your state’s Department of Motor Vehicles (DMV) is the place to go, and they’re only taking in-person appointments. But people are telling the FTC that scammers are pretending to be the DMV or another government agency. Reports say these “officials” are sending messages saying you can skip the line if you pay or give them information. Here’s how that scam works so you can avoid it. You get an unexpected text or email from someone who says they’re from the DMV or the Department of Homeland Security. They say you can skip the line and expedite your application for a REAL ID. You just have to click a link to share your information and pay, they say. But this is a phishing scam to steal your money or info . To help you avoid a scam like this: Know that the only way to get a REAL ID is by visiting your state DMV in person. You can’t submit an application online or in the mail. And nobody can ",1568
d4d8263e1706e2,2025-06-20,2025,6,FTC Consumer Advice - Consumer Alerts,"[""consumer_fraud"", ""crypto_fraud"", ""cybercrime""]","{""urls"": [], ""domains"": [], ""emails"": [], ""phones"": [], ""ip_addresses"": [], ""crypto_wallets"": []}",How to avoid travel website scams,https://consumer.ftc.gov/consumer-alerts/2025/06/how-avoid-travel-website-scams,"Hoping to take a trip in the warmer weather? Before you start planning, know that some scammers set up websites advertising free or cheap travel deals. Learn to spot these scammy sites and other schemes designed to steal your money and personal information. As you’re searching online, look for these signs of a scam: Offers for a “free” vacation — but you have to pay fees or taxes to get it. Or a site advertises premium vacation packages at deeply discounted prices you can’t find anywhere else. As you’re checking emails, know that scammers send phishing emails with travel offers that look like they’re from an airline or hotel you recognize, hoping you’ll click and visit their website. (Those emails: not from the real airline or hotel, by the way.) If you click through, scammers will ask for your personal information in exchange for details about their “great” deals. If you share your information, scammers could steal your money or use your accounts to buy things. To avoid scam travel websites: Do some research. Look up the name of the travel site, plus words like “scam,” “review,” or “complaint” before you take their deal. And ask people you know for referrals to good travel sites. Don’t click on links in unexpected emails or texts. Even if a travel deal looks like it’s from an airline or hotel you recognize, look carefully at the URL before you click. Instead, check the real company’s website directly to see if the deal is real. But type in the URL yourself; don’t click the link. Pay attention to how they require you to pay. Don’t pay with wire transfers (like Western Union or MoneyGram), gift cards , or cryptocurrency . Any travel site that demands you pay in one of these ways is a sign of a scam. Learn more at ftc.gov/TravelScams . Spot a scam? Tell the FTC at ReportFraud.ftc.gov . Scams Phishing Scams Avoiding and Reporting Scams Business Impersonators","Hoping to take a trip in the warmer weather? Before you start planning, know that some scammers set up websites advertising free or cheap travel deals. Learn to spot these scammy sites and other schemes designed to steal your money and personal information. As you’re searching online, look for these signs of a scam: Offers for a “free” vacation — but you have to pay fees or taxes to get it. Or a site advertises premium vacation packages at deeply discounted prices you can’t find anywhere else. As you’re checking emails, know that scammers send phishing emails with travel offers that look like they’re from an airline or hotel you recognize, hoping you’ll click and visit their website. (Those emails: not from the real airline or hotel, by the way.) If you click through, scammers will ask for your personal information in exchange for details about their “great” deals. If you share your information, scammers could steal your money or use your accounts to buy things. To avoid scam travel we",1887
4831d0f95b914f,2025-06-18,2025,6,FTC Consumer Advice - Consumer Alerts,"[""consumer_fraud""]","{""urls"": [], ""domains"": [], ""emails"": [], ""phones"": [], ""ip_addresses"": [], ""crypto_wallets"": []}",Is it health insurance or a medical discount plan?,https://consumer.ftc.gov/consumer-alerts/2025/06/it-health-insurance-or-medical-discount-plan,"Looking for health insurance? Make sure that’s what you’re really getting. Some dishonest marketers make it sound like they’re selling health insurance — when you’re really just getting a discount plan. Here’s what to know. Scammers might lie and make you think you’re getting health insurance or make it seem like a medical discount plan offers the same coverage as health insurance but for a much lower price. They might also make it seem like the medical discount plan they’re selling is widely accepted by many medical providers when, in fact, it might not be. If you’re looking for health insurance, make sure that is what you’re buying: Don’t decide on the spot. Get details in writing before you sign up. Scammers might try to pressure you to sign up quickly to get a supposed special deal. That pressure to act fast is a sign of a scam. Confirm the details of the plan. Is it health insurance or a medical discount plan? Call your health care providers — and others on the plan’s list — to find out. But call before you enroll or pay any fees. Search online for the name of the company and plan with the words “complaint,” “scam,” or “fraud.” Read reviews and see what others have to say. Read Spot Health Insurance Scams to learn more.","Looking for health insurance? Make sure that’s what you’re really getting. Some dishonest marketers make it sound like they’re selling health insurance — when you’re really just getting a discount plan. Here’s what to know. Scammers might lie and make you think you’re getting health insurance or make it seem like a medical discount plan offers the same coverage as health insurance but for a much lower price. They might also make it seem like the medical discount plan they’re selling is widely accepted by many medical providers when, in fact, it might not be. If you’re looking for health insurance, make sure that is what you’re buying: Don’t decide on the spot. Get details in writing before you sign up. Scammers might try to pressure you to sign up quickly to get a supposed special deal. That pressure to act fast is a sign of a scam. Confirm the details of the plan. Is it health insurance or a medical discount plan? Call your health care providers — and others on the plan’s list — to fi",1244
18076622e48425,2025-06-16,2025,6,FTC Consumer Advice - Consumer Alerts,"[""other""]","{""urls"": [], ""domains"": [], ""emails"": [], ""phones"": [], ""ip_addresses"": [], ""crypto_wallets"": []}",Using your GI Bill for college this fall? Get real help and avoid scams,https://consumer.ftc.gov/consumer-alerts/2025/06/using-your-gi-bill-college-fall-get-real-help-avoid-scams,"Are you hanging up the dog tags to start college this fall? Not all schools tell the whole truth about how your GI Bill benefits will cover your tuition and fees. Learn where to get real answers and make sure your GI Bill benefits don’t get wasted by mistake. Whether it’s you, your spouse, or your kids using your GI Bill benefits for school, research is key — especially as you’re getting ready to enroll. Some schools might tell you to take out student loans to cover costs before your education benefits pay out (but that’s not how education benefits work). Other schools say your benefits will cover all your fees (but you end up needing to apply for loans just to cover tuition). If you don’t want a surprise bill after classes have started, get help figuring out your benefits and avoid scams before you enroll: Start with the VA. The Department of Veterans Affairs (VA) manages your education benefits . Use their site first to check your eligibility, research schools you’re considering, and apply for your benefits. Need more help? The VA has accredited professionals to help you — for free. Use the GI Bill Comparison Tool . This VA resource will show you how your benefits pay out at approved schools — and where to contact the school’s certifying official if you have questions. Sign up for the Military Consumer blog and get the latest on spotting and avoiding scams. You’ll find articles to help you avoid scams while paying for school . Share what you learn with friends and family. If you’re enrolled in a school that’s not living up to its promises, report it to the FTC at ReportFraud.ftc.gov and your state attorney general’s office . Image Search Terms military Scams Student Loan and Education Scams","Are you hanging up the dog tags to start college this fall? Not all schools tell the whole truth about how your GI Bill benefits will cover your tuition and fees. Learn where to get real answers and make sure your GI Bill benefits don’t get wasted by mistake. Whether it’s you, your spouse, or your kids using your GI Bill benefits for school, research is key — especially as you’re getting ready to enroll. Some schools might tell you to take out student loans to cover costs before your education benefits pay out (but that’s not how education benefits work). Other schools say your benefits will cover all your fees (but you end up needing to apply for loans just to cover tuition). If you don’t want a surprise bill after classes have started, get help figuring out your benefits and avoid scams before you enroll: Start with the VA. The Department of Veterans Affairs (VA) manages your education benefits . Use their site first to check your eligibility, research schools you’re considering, and",1721
509d10b326d0cd,2025-06-13,2025,6,FTC Consumer Advice - Consumer Alerts,"[""consumer_fraud"", ""crypto_fraud""]","{""urls"": [], ""domains"": [], ""emails"": [], ""phones"": [], ""ip_addresses"": [], ""crypto_wallets"": []}",Scammers posing as SPCA and animal welfare staff,https://consumer.ftc.gov/consumer-alerts/2025/06/scammers-posing-spca-animal-welfare-staff,"Are you the parent of a fur baby? Then you know how tough it is when your cat, dog, or other adorable pet is sick, in pain, or injured. You’d do anything for them. Scammers are using that feeling to steal your hard-earned money. Here’s how the scam works. You get a call or text from someone who says they’re a staff member at the local SPCA or another animal shelter. They tell you that your pet was hit by a car, and you need to pay $500 right away to save them. Conveniently, they tell you exactly how to pay. If you’re at home with your pet, you’ll know right away that it’s a scam. If you aren’t at home and you’re worried, here are some steps to help stop the scammers in their tracks. Call the shelter yourself. Look up the phone number of the shelter the person says they’re calling from. Call them yourself to see if Boots, Rascal, or Thor is there. Listen to how they tell you to pay. Scammers will insist you can only pay with cash, a gift card , a wire transfer , cryptocurrency , or a payment app . Those are ways that get scammers the money quickly…and make it hard for you to get it back. Report the scam. If you encounter this, a different version of a pet scam (like fake pet ads ), or any other kind of scam, fraud, or bad practice, tell the FTC at ReportFraud.ftc.gov . And if you wound up sending money to a scammer, here’s what to do next . Scams Avoiding and Reporting Scams Business Impersonators","Are you the parent of a fur baby? Then you know how tough it is when your cat, dog, or other adorable pet is sick, in pain, or injured. You’d do anything for them. Scammers are using that feeling to steal your hard-earned money. Here’s how the scam works. You get a call or text from someone who says they’re a staff member at the local SPCA or another animal shelter. They tell you that your pet was hit by a car, and you need to pay $500 right away to save them. Conveniently, they tell you exactly how to pay. If you’re at home with your pet, you’ll know right away that it’s a scam. If you aren’t at home and you’re worried, here are some steps to help stop the scammers in their tracks. Call the shelter yourself. Look up the phone number of the shelter the person says they’re calling from. Call them yourself to see if Boots, Rascal, or Thor is there. Listen to how they tell you to pay. Scammers will insist you can only pay with cash, a gift card , a wire transfer , cryptocurrency , or a pa",1419
a044b5dca37a0b,2025-06-12,2025,6,FTC Consumer Advice - Consumer Alerts,"[""consumer_fraud"", ""crypto_fraud""]","{""urls"": [], ""domains"": [], ""emails"": [], ""phones"": [], ""ip_addresses"": [], ""crypto_wallets"": []}",Did a new online friend ask for money? Odds are it’s a scam,https://consumer.ftc.gov/consumer-alerts/2025/06/did-new-online-friend-ask-money-odds-are-its-scam,"Social media can be a great way to connect with new friends, but it’s a different story when someone approaches you to be friends and then asks for money. That’s no friend — that’s a scammer. Scammers create fake profiles and pretend to be someone they’re not — maybe a businessperson, servicemember, or member of an international organization, with profile details that seems to support their story. They try to become your friend, and as you start trusting them, they have explanations for why they can’t meet in person. And then, eventually, they ask you for money — maybe to finally travel to see you or to help them out of a crisis. When they ask for money, these scammers will often tell you how to send it. People report that scammers told them to wire money through a company like Western Union or MoneyGram, send the numbers on gift cards , use a payment app , or send cryptocurrency . If you’re ever in a situation like this: Talk to your friends or family about your new online relationship . See what they say about the person. Search online for information about this person and their story, plus the word “scammer.” Have other people posted similar stories? Do a reverse image search of the person’s profile picture. Is it associated with another name or with details that don’t match up? Don’t send money to someone you’ve never met in person. If that person asks for money, no matter how friendly the online relationship seems, it’s probably a scam. If you think someone you met on social media is a scammer, cut ties. Tell the social media platform, and then tell the FTC at ReportFraud.ftc.gov . Scams Avoiding and Reporting Scams Scams Against Older Adults Romance Scams","Social media can be a great way to connect with new friends, but it’s a different story when someone approaches you to be friends and then asks for money. That’s no friend — that’s a scammer. Scammers create fake profiles and pretend to be someone they’re not — maybe a businessperson, servicemember, or member of an international organization, with profile details that seems to support their story. They try to become your friend, and as you start trusting them, they have explanations for why they can’t meet in person. And then, eventually, they ask you for money — maybe to finally travel to see you or to help them out of a crisis. When they ask for money, these scammers will often tell you how to send it. People report that scammers told them to wire money through a company like Western Union or MoneyGram, send the numbers on gift cards , use a payment app , or send cryptocurrency . If you’re ever in a situation like this: Talk to your friends or family about your new online relationshi",1689
0d8811e62074a4,2025-06-11,2025,6,FTC Consumer Advice - Consumer Alerts,"[""consumer_fraud""]","{""urls"": [], ""domains"": [], ""emails"": [], ""phones"": [], ""ip_addresses"": [], ""crypto_wallets"": []}",College students: Avoid scammers while you job hunt,https://consumer.ftc.gov/consumer-alerts/2025/05/college-students-avoid-scammers-while-you-job-hunt,"Whether you’re a college student looking for full time or summer work, having a job lined up is a great feeling. What’s not so great? All those scammers hitting you up with fake job opportunities online and on your phone. So, how can you spot and avoid job scams? First, know that scammers post ads for fake jobs (say, for personal assistants) on job sites and social media. But sometimes they text you unexpectedly, saying they’re a recruiter for a company. If they then tell you to reply with financial information or ask you to pay for things like starter kits, training, or certifications to get the job, it’s a scam. Also, you might get emails that look like they’re from someone you know, like a professor or an office at your college. But if you reply and they want to give you a check to deposit…and then ask you to send some of that money to another account, you know you’re dealing with a scammer . To help you avoid job scams like these: Look up the name of the company or person who’s hiring you , plus the words “scam,” “review,” or “complaint.” See what others are saying . Reach out directly. If the email looks like it came from a professor or an office at your college, check with them directly. Confirm that they’re really looking to hire someone for this position. Just don’t use the email or number they used to contact you. Never pay anyone to get a job . Anyone who asks you to pay to get a job is a scammer. And if anyone tells you to deposit a check and use some of the money for any reason, that’s a scam. Learn more at ftc.gov/jobscams . And report job scams to the FTC at ReportFraud.ftc.gov .","Whether you’re a college student looking for full time or summer work, having a job lined up is a great feeling. What’s not so great? All those scammers hitting you up with fake job opportunities online and on your phone. So, how can you spot and avoid job scams? First, know that scammers post ads for fake jobs (say, for personal assistants) on job sites and social media. But sometimes they text you unexpectedly, saying they’re a recruiter for a company. If they then tell you to reply with financial information or ask you to pay for things like starter kits, training, or certifications to get the job, it’s a scam. Also, you might get emails that look like they’re from someone you know, like a professor or an office at your college. But if you reply and they want to give you a check to deposit…and then ask you to send some of that money to another account, you know you’re dealing with a scammer . To help you avoid job scams like these: Look up the name of the company or person who’s hir",1620
fc3dc81c6f1f8c,2025-06-10,2025,6,FTC Consumer Advice - Consumer Alerts,"[""other""]","{""urls"": [], ""domains"": [], ""emails"": [], ""phones"": [], ""ip_addresses"": [], ""crypto_wallets"": []}",Seeking treatment for addiction? Some things to know before you search,https://consumer.ftc.gov/consumer-alerts/2025/06/seeking-treatment-addiction-some-things-know-you-search,"The FTC is cracking down on companies that attempt to manipulate or deceive people seeking treatment for addiction. For those who need it, getting quick and accurate information on addiction treatment might be life-saving. But quick and accurate information is not, the FTC alleges, what people got from Evoke Wellness (“Evoke”). In a settlement announced today, the FTC argues that Evoke ran Google search ads that impersonated specific treatment centers people searched for online. When people called the phone number shown in the ad, the FTC alleges they were diverted to Evoke’s call center — where representatives would pretend to be the treatment center people searched for while trying to redirect them to an Evoke treatment center instead. If you’re searching for treatment (or anything else) online, make sure you’re dealing with the real thing: Know that the first two or three search results you see might be ads a company paid to place based on the search terms you used. These paid or “sponsored” ads may or may not be what you’re looking for. Don't assume a phone number that comes up in search results belongs to a legitimate business or the company you searched. Scroll to the unpaid search results to help make sure you have the right website or contact info. Go directly to a company or organization’s website to find accurate contact information. Type a company’s website address directly into your browser if you know it. See a misleading ad? Tell the FTC: ReportFraud.ftc.gov .","The FTC is cracking down on companies that attempt to manipulate or deceive people seeking treatment for addiction. For those who need it, getting quick and accurate information on addiction treatment might be life-saving. But quick and accurate information is not, the FTC alleges, what people got from Evoke Wellness (“Evoke”). In a settlement announced today, the FTC argues that Evoke ran Google search ads that impersonated specific treatment centers people searched for online. When people called the phone number shown in the ad, the FTC alleges they were diverted to Evoke’s call center — where representatives would pretend to be the treatment center people searched for while trying to redirect them to an Evoke treatment center instead. If you’re searching for treatment (or anything else) online, make sure you’re dealing with the real thing: Know that the first two or three search results you see might be ads a company paid to place based on the search terms you used. These paid or “s",1498
8658a11c62503f,2025-06-10,2025,6,FTC Consumer Advice - Consumer Alerts,"[""identity_fraud""]","{""urls"": [], ""domains"": [], ""emails"": [], ""phones"": [], ""ip_addresses"": [], ""crypto_wallets"": []}",Protecting your personal information: Which documents to keep and which to shred,https://consumer.ftc.gov/consumer-alerts/2025/06/protecting-your-personal-information-which-documents-keep-which-shred,"When it comes to protecting your identity, you might think about keeping usernames to yourself, using strong passwords, and reviewing your statements. That’s all great. But it’s also important to think about what you do with documents or digital files that contain your financial information. So, let’s look at what you should keep and lock up, and what you should shred or delete. Keep for a Year Bank statements Pay stubs Undisputed medical bills Credit card and utility bills Deposited checks If you can access these documents electronically, consider shredding your paper copies. Keep for at Least Three Years Income tax returns Tax-related documents, like canceled checks, receipts, W-2s, and 1099s Records related to selling a home In some cases, the IRS recommends keeping tax returns and tax-related documents for longer than three years. If you can access these documents electronically, consider shredding your paper copies. Keep While You Own The title to your vehicle The title or deed to your home Documents related to mortgage or vehicle loans Home improvement receipts Rental agreements and leases Sales receipts and warranty information for major appliances Keep Forever And lock up: Birth certificate or adoption papers Social Security cards Valid passports and citizenship or residency papers Marriage licenses and divorce decrees Military records Wills, living wills, powers of attorney, and retirement and pension plans Death certificates of family members Vital health records (especially those that pre-date electronic health records) Shred ATM receipts Offers of credit or insurance Cleared checks (after 14 days) Credit reports Prescription information for medicines you no longer take Expired warranties Expired credit cards, driver’s licenses, and other forms of identification When it’s time to dispose of documents with your personal or financial information, shred them. If you don’t have a shredder, look for a local shred day in your community. Find out what else you can do to protect yourself from identity theft . Image","When it comes to protecting your identity, you might think about keeping usernames to yourself, using strong passwords, and reviewing your statements. That’s all great. But it’s also important to think about what you do with documents or digital files that contain your financial information. So, let’s look at what you should keep and lock up, and what you should shred or delete. Keep for a Year Bank statements Pay stubs Undisputed medical bills Credit card and utility bills Deposited checks If you can access these documents electronically, consider shredding your paper copies. Keep for at Least Three Years Income tax returns Tax-related documents, like canceled checks, receipts, W-2s, and 1099s Records related to selling a home In some cases, the IRS recommends keeping tax returns and tax-related documents for longer than three years. If you can access these documents electronically, consider shredding your paper copies. Keep While You Own The title to your vehicle The title or deed to",2053
c3fe45444c6d17,2025-06-09,2025,6,FTC Consumer Advice - Consumer Alerts,"[""other""]","{""urls"": [], ""domains"": [], ""emails"": [], ""phones"": [], ""ip_addresses"": [], ""crypto_wallets"": []}",Successfully scoring summer concert tickets,https://consumer.ftc.gov/consumer-alerts/2025/06/successfully-scoring-summer-concert-tickets,"To paraphrase Taylor Swift, buying concert tickets shouldn’t feel like a bear attack. But for many people hoping to see their favorite artist, sports team, or theatrical cast live, scoring tickets before they sell out can seem impossible. Why? Sometimes there just aren’t enough tickets available for everyone who wants to go. But sometimes, you might be competing with people who break the rules. To give everyone a chance, ticket issuers often limit the number of tickets a person can buy to one event. But some buyers hide their identities to get around issuers’ security and purchasing rules. They might mask their real IP address, use multiple accounts, or use software programs (sometimes called “bots”). Their goal? Buy lots of tickets at face value they can resell for a profit. The FTC has previously brought several cases against ticket brokers that hid IP addresses or used fake accounts to violate online ticket purchasing rules. And a recent White House Executive Order called on the FTC to protect fans by vigorously enforcing online ticket sale laws. Learn more about online ticket sales . And if you think a ticket broker isn’t playing by the rules, report it to the FTC at ReportFraud.ftc.gov . Image","To paraphrase Taylor Swift, buying concert tickets shouldn’t feel like a bear attack. But for many people hoping to see their favorite artist, sports team, or theatrical cast live, scoring tickets before they sell out can seem impossible. Why? Sometimes there just aren’t enough tickets available for everyone who wants to go. But sometimes, you might be competing with people who break the rules. To give everyone a chance, ticket issuers often limit the number of tickets a person can buy to one event. But some buyers hide their identities to get around issuers’ security and purchasing rules. They might mask their real IP address, use multiple accounts, or use software programs (sometimes called “bots”). Their goal? Buy lots of tickets at face value they can resell for a profit. The FTC has previously brought several cases against ticket brokers that hid IP addresses or used fake accounts to violate online ticket purchasing rules. And a recent White House Executive Order called on the FTC",1217
cf4b990e990817,2025-06-06,2025,6,FTC Consumer Advice - Consumer Alerts,"[""consumer_fraud""]","{""urls"": [], ""domains"": [], ""emails"": [], ""phones"": [], ""ip_addresses"": [], ""crypto_wallets"": []}",Student loan scammers won’t offer relief,https://consumer.ftc.gov/consumer-alerts/2025/06/student-loan-scammers-wont-offer-relief,"Paying off student loan debt takes time. That’s why getting a call from someone who says they can help you get your loans forgiven now (for a fee) might sound appealing. Is it really relief or just a scam? It’s illegal for anyone to charge fees before they help you or to pretend they’re affiliated with the Department of Education. For example, the FTC settled a case against Panda Benefit Services (also doing business as Prosperity Benefit Services) and its affiliated companies and operators for allegedly using these tactics to trick consumers into paying hundreds to thousands of dollars in illegal upfront fees — to the tune of more than $16.7 million. The FTC charged that instead of helping people manage their student loan debts, the defendants pocketed the money and left people deeper in debt. Thanks to the FTC’s action, these companies are now banned from the debt relief industry. To get real help with federal student loan repayment, always start at StudentAid.gov and remember: Don’t pay upfront for student loan debt relief. It’s illegal for companies to charge you before they help. Only scammers will do that. Don’t share personal or financial information , like your Federal Student Aid ID number. The Department of Education won’t ask you for that information, but a scammer would. They might use that information to get into your account and steal your identity. Don’t rush. Scammers say you need to act fast or risk missing qualifying repayment plans, loan consolidation, or loan forgiveness programs. But check it out before you sign anything. Report student loan debt relief scams to the FTC at ReportFraud.ftc.gov and tell your state attorney general , too. Learn more at ftc.gov/StudentLoans . Search Terms scam","Paying off student loan debt takes time. That’s why getting a call from someone who says they can help you get your loans forgiven now (for a fee) might sound appealing. Is it really relief or just a scam? It’s illegal for anyone to charge fees before they help you or to pretend they’re affiliated with the Department of Education. For example, the FTC settled a case against Panda Benefit Services (also doing business as Prosperity Benefit Services) and its affiliated companies and operators for allegedly using these tactics to trick consumers into paying hundreds to thousands of dollars in illegal upfront fees — to the tune of more than $16.7 million. The FTC charged that instead of helping people manage their student loan debts, the defendants pocketed the money and left people deeper in debt. Thanks to the FTC’s action, these companies are now banned from the debt relief industry. To get real help with federal student loan repayment, always start at StudentAid.gov and remember: Don’t",1739
3f271d6c9869b5,2025-06-05,2025,6,FTC Consumer Advice - Consumer Alerts,"[""consumer_fraud"", ""drug_trafficking""]","{""urls"": [], ""domains"": [], ""emails"": [], ""phones"": [], ""ip_addresses"": [], ""crypto_wallets"": []}",Are you looking for treatment for opioid addiction or dependence? Avoid a search scam,https://consumer.ftc.gov/consumer-alerts/2025/06/are-you-looking-treatment-opioid-addiction-or-dependence-avoid-search-scam,"When you’re looking to contact a business, you’re probably used to going to Google (or some other search engine) and searching for it online. That can also be true if you or someone you care about is looking for a clinic that treats substance use disorders. Unfortunately, some dishonest businesses are taking advantage. Here’s what to know. Your top search results online are often paid ads. But dishonest businesses sometimes use those paid ads to impersonate other treatment centers — using another center’s name to make you think you’re contacting them when the number really belongs to the dishonest business. When you call, they may not tell you clearly who they are and may redirect you to treatment that might not be close to home or what you’re looking for. If you’re searching for treatment (or anything else) online, make sure you’re dealing with the real thing: Know that the first two or three search results you see might be ads a company paid to place based on the search terms you used. These paid or “sponsored” ads may or may not be what you’re looking for. Don't assume a phone number that comes up in search results belongs to a legitimate business or the company you searched . Scroll to the unpaid search results to help make sure you have the right website or contact info. Go directly to a company or organization’s website to find accurate contact information. Type a company’s website address directly into your browser if you know it. To get real help near you, start at FindTreatment.gov . And if you spot a dishonest business, tell the FTC at ReportFraud.ftc.gov . (View or share the YouTube version of this video.) Search Terms scam","When you’re looking to contact a business, you’re probably used to going to Google (or some other search engine) and searching for it online. That can also be true if you or someone you care about is looking for a clinic that treats substance use disorders. Unfortunately, some dishonest businesses are taking advantage. Here’s what to know. Your top search results online are often paid ads. But dishonest businesses sometimes use those paid ads to impersonate other treatment centers — using another center’s name to make you think you’re contacting them when the number really belongs to the dishonest business. When you call, they may not tell you clearly who they are and may redirect you to treatment that might not be close to home or what you’re looking for. If you’re searching for treatment (or anything else) online, make sure you’re dealing with the real thing: Know that the first two or three search results you see might be ads a company paid to place based on the search terms you use",1662
6ecd61727912b0,2025-06-04,2025,6,FTC Consumer Advice - Consumer Alerts,"[""cybercrime""]","{""urls"": [], ""domains"": [], ""emails"": [""reportphishing@apwg.org""], ""phones"": [], ""ip_addresses"": [], ""crypto_wallets"": []}",Protect yourself from phishing scams,https://consumer.ftc.gov/consumer-alerts/2025/04/protect-yourself-phishing-scams,"Do you feel like you’re getting more emails from strangers than messages from people you actually know? These unexpected messages are often phishing scams trying to steal your money and personal information. FTC data shows that email was the top method scammers used to contact people in 2024. To help you avoid these scams, here’s what to know. Scammers send phishing emails pretending to be companies you might know and trust — like a bank or utility company. Their goal: get you to click links or open attachments. They might say there’s an overdue invoice, or that you need to confirm your credit card or bank account number to fix a problem. These are scams. Not only is the scammer trying to steal your money, but if you give them information like your Social Security number or date of birth, they could try to steal your identity . To help protect yourself from phishing scams: Don’t click links or download attachments in unexpected messages. If you think the message could be legit, contact the company or bank using a phone number, email, or website you know is real. Use filters. Popular email providers (like Gmail or Yahoo Mail) have strong spam filters turned on by default. But if any spam gets into your inbox, mark it as spam or junk . Protect your accounts by using two-factor authentication . Requiring two or more credentials to log in makes it harder for scammers to get into your account, even if they get your username and password. If you got a phishing message: Forward phishing emails to the Anti-Phishing Working Group at reportphishing@apwg.org . Report the phishing attempt to the FTC at ReportFraud.ftc.gov . Then, once you’ve checked it out and reported it, delete the message.","Do you feel like you’re getting more emails from strangers than messages from people you actually know? These unexpected messages are often phishing scams trying to steal your money and personal information. FTC data shows that email was the top method scammers used to contact people in 2024. To help you avoid these scams, here’s what to know. Scammers send phishing emails pretending to be companies you might know and trust — like a bank or utility company. Their goal: get you to click links or open attachments. They might say there’s an overdue invoice, or that you need to confirm your credit card or bank account number to fix a problem. These are scams. Not only is the scammer trying to steal your money, but if you give them information like your Social Security number or date of birth, they could try to steal your identity . To help protect yourself from phishing scams: Don’t click links or download attachments in unexpected messages. If you think the message could be legit, contact",1709
20f48facd74b01,2025-06-03,2025,6,FTC Consumer Advice - Consumer Alerts,"[""consumer_fraud""]","{""urls"": [], ""domains"": [], ""emails"": [], ""phones"": [], ""ip_addresses"": [], ""crypto_wallets"": []}","This hurricane season, prepare to avoid the scams",https://consumer.ftc.gov/consumer-alerts/2025/05/hurricane-season-prepare-avoid-scams,"Weather forecasters are predicting an above-average hurricane season this year. When it comes to planning for a possible weather emergency, the more you know — and the earlier you know it — the better prepared you’ll be to avoid weather-related scams and fraud. Kick start your to do list so you’re ready for whatever hurricanes or other big storms the summer throws at us — all while avoiding scams. Here are some steps to start with. Check your insurance policy to make sure it’s current. Find out what’s covered — and what isn’t. Do a household inventory . Make a list of your physical possessions and document them with photos or a video. Keep key documents safe, but accessible . Use a lockable fireproof box to gather important documents, so they’re ready to go if you have to leave quickly. Include things like your household inventory list, Social Security and health insurance cards, copies of deeds, titles, wills, passports, birth and marriage certificates. Include some cash, since ATMs or banks may be closed, and an extra set of keys for your house and car. Check out home repair contractors before you need one. Ask people you know and trust for recommendations. Then search online for the company’s name with words like “scam” or “complaint.” Confirm the contractor has the required licenses and that they’re insured. Then add their contacts in your phone or lock box. And, while you’re at it, save DisasterAssistance.gov to help you find local help in a disaster. Stay in the know. Bookmark ftc.gov/WeatherEmergencies so you always know how to avoid a scam while you prepare for or recover from a weather emergency. You’ll find ways to help you spot, avoid, and report scams as you prepare for, deal with, and recover from extreme weather and natural disasters. (View or share the YouTube version of this video.) Search Terms scam","Weather forecasters are predicting an above-average hurricane season this year. When it comes to planning for a possible weather emergency, the more you know — and the earlier you know it — the better prepared you’ll be to avoid weather-related scams and fraud. Kick start your to do list so you’re ready for whatever hurricanes or other big storms the summer throws at us — all while avoiding scams. Here are some steps to start with. Check your insurance policy to make sure it’s current. Find out what’s covered — and what isn’t. Do a household inventory . Make a list of your physical possessions and document them with photos or a video. Keep key documents safe, but accessible . Use a lockable fireproof box to gather important documents, so they’re ready to go if you have to leave quickly. Include things like your household inventory list, Social Security and health insurance cards, copies of deeds, titles, wills, passports, birth and marriage certificates. Include some cash, since ATMs o",1847
2dffecb68b47e5,2025-05-28,2025,5,FTC Consumer Advice - Consumer Alerts,"[""consumer_fraud"", ""crypto_fraud""]","{""urls"": [], ""domains"": [], ""emails"": [], ""phones"": [], ""ip_addresses"": [], ""crypto_wallets"": []}",Can you spot an investment scam on social media?,https://consumer.ftc.gov/consumer-alerts/2025/05/can-you-spot-investment-scam-social-media,"Can you spot an investment scam if it comes from an actual friend’s page on social media? If someone you know is suddenly posting bank account screenshots, claiming they can teach you to make money quickly with little to no risk, it’s likely an investment scam . Keep scrolling to learn how to recognize the signs. An old friend announces they’ve become an online investment guru. They fill your newsfeed with reels about their foolproof method of earning big money. Here’s one way the scam plays out: You comment on your “friend’s” post, and they direct message you, explaining the process but with few details. They might guarantee big returns and say it’s a limited time offer. They say to just send a few hundred dollars — maybe using cryptocurrency or a payment app like Venmo, Cash App, or PayPal — to get started. Then, poof! Your “friend” blocks you and your “investment” is gone. Turns out, that was a scammer who took over your friend’s account to get their followers (like you) to “invest” your hard-earned money. If someone asks you to invest money in a situation like this, it could be a scam. Brush up on these ways to avoid investment scams before you respond: Slow down . Resist the pressure to click links or send money before you think it over. Scammers want you to act now and think later. Do some research. Look up the name of the company or program with words like “review,” “scam,” “fraud,” or “complaint.” See what others are saying. Then, go to Investor.gov for legit advice. Know the risk. There are no guaranteed returns — and no investments without risks. Scammers want you to think their opportunity is risk-free, but it’s not. If you still think it’s a scam, do your real friend a solid. Send a quick email or text in case their account has been hacked . If you spot an investment scam on your timeline, report it to the FTC at ReportFraud.ftc.gov and the SEC at sec.gov/tcr . Search Terms scam","Can you spot an investment scam if it comes from an actual friend’s page on social media? If someone you know is suddenly posting bank account screenshots, claiming they can teach you to make money quickly with little to no risk, it’s likely an investment scam . Keep scrolling to learn how to recognize the signs. An old friend announces they’ve become an online investment guru. They fill your newsfeed with reels about their foolproof method of earning big money. Here’s one way the scam plays out: You comment on your “friend’s” post, and they direct message you, explaining the process but with few details. They might guarantee big returns and say it’s a limited time offer. They say to just send a few hundred dollars — maybe using cryptocurrency or a payment app like Venmo, Cash App, or PayPal — to get started. Then, poof! Your “friend” blocks you and your “investment” is gone. Turns out, that was a scammer who took over your friend’s account to get their followers (like you) to “invest”",1923
766aafdf4d5834,2025-05-27,2025,5,FTC Consumer Advice - Consumer Alerts,"[""consumer_fraud""]","{""urls"": [], ""domains"": [], ""emails"": [], ""phones"": [], ""ip_addresses"": [], ""crypto_wallets"": []}","No, FTC “agents” with badge numbers aren’t calling you",https://consumer.ftc.gov/consumer-alerts/2025/05/no-ftc-agents-badge-numbers-arent-calling-you,"Scammers impersonating the government — including the Federal Trade Commission (FTC) — is nothing new. But here’s a twist: scammers are now calling themselves FTC “agents” and supplying fake badge numbers and ID cards to try to convince you they are who they say they are. (…They’re not who they say they are. The FTC doesn’t have “agents.”) So how do you avoid scams like this? These scams often start with someone reaching out about a supposed urgent problem. Maybe it’s a computer pop up saying you have a virus and to call tech support . Or a caller claiming to be Amazon or your bank insisting there’s something wrong with your account. They might say your identity’s been stolen, or that your money’s in danger . What happens next? They transfer you to an “FTC agent” (fake) to supposedly help resolve the issue. That person may share “proof” they’re from the FTC , like a picture of a (fake) ID with a (fake) badge number. Their goal? To convince you to transfer money out of your account and give it to them. Steer clear of FTC impersonators: Never transfer or send money to anyone, no matter who they say they are, in response to an unexpected call or message — even if they claim you’re just moving your money to “protect it.” In fact, nobody from the FTC will ever (1) reach out to ask you to move money, or (2) connect you to someone who says to move money. That’s a scam. If you’re worried there’s a problem with your account or identity, stop and check it out. Call your real bank, broker, or investment advisor. Use the number you find on your statement — never the number the caller gave you, which will take you to the scammer. If you get a call or message like this, tell your bank or investment fund right away. Especially if you moved money or shared a verification code. Then tell the FTC: ReportFraud.ftc.gov . Learn more about how to avoid impersonator scams . Image Scams Tech Support Scams Business Impersonators Government Impersonators","Scammers impersonating the government — including the Federal Trade Commission (FTC) — is nothing new. But here’s a twist: scammers are now calling themselves FTC “agents” and supplying fake badge numbers and ID cards to try to convince you they are who they say they are. (…They’re not who they say they are. The FTC doesn’t have “agents.”) So how do you avoid scams like this? These scams often start with someone reaching out about a supposed urgent problem. Maybe it’s a computer pop up saying you have a virus and to call tech support . Or a caller claiming to be Amazon or your bank insisting there’s something wrong with your account. They might say your identity’s been stolen, or that your money’s in danger . What happens next? They transfer you to an “FTC agent” (fake) to supposedly help resolve the issue. That person may share “proof” they’re from the FTC , like a picture of a (fake) ID with a (fake) badge number. Their goal? To convince you to transfer money out of your account and ",1962
be94d4992d5ac2,2025-05-21,2025,5,FTC Consumer Advice - Consumer Alerts,"[""other""]","{""urls"": [], ""domains"": [], ""emails"": [], ""phones"": [], ""ip_addresses"": [], ""crypto_wallets"": []}",Spotting student loan scams,https://consumer.ftc.gov/consumer-alerts/2025/05/spotting-student-loan-scams,"Did you recently get an email about your federal student loans? Not sure about the status of your federal student loans? Start by logging in to StudentAid.gov . You’ll see information about your loan servicer and how to reach them. If you have questions or need help with your loans, contact your servicer directly. You don’t have to pay for help managing your student loans. Get free help at StudentAid.gov . If your loans are private, go straight to your loan servicer for help. Know this: Scammers might try to reach out to steal your money and information. Here’s how to avoid student loan scams : Don’t rely on government seals or logos to decide what might be “real.” Don’t buy promises of special access. Never pay an upfront fee. Never share your FSA ID. Manage your loans for free at StudentAid.gov . Think you’ve spotted a student loan scammer? Report them at ReportFraud.ftc.gov . Image","Did you recently get an email about your federal student loans? Not sure about the status of your federal student loans? Start by logging in to StudentAid.gov . You’ll see information about your loan servicer and how to reach them. If you have questions or need help with your loans, contact your servicer directly. You don’t have to pay for help managing your student loans. Get free help at StudentAid.gov . If your loans are private, go straight to your loan servicer for help. Know this: Scammers might try to reach out to steal your money and information. Here’s how to avoid student loan scams : Don’t rely on government seals or logos to decide what might be “real.” Don’t buy promises of special access. Never pay an upfront fee. Never share your FSA ID. Manage your loans for free at StudentAid.gov . Think you’ve spotted a student loan scammer? Report them at ReportFraud.ftc.gov . Image",897
952b08a8f6d584,2025-05-19,2025,5,FTC Consumer Advice - Consumer Alerts,"[""consumer_fraud"", ""identity_fraud""]","{""urls"": [], ""domains"": [], ""emails"": [], ""phones"": [], ""ip_addresses"": [], ""crypto_wallets"": []}",Let’s talk about scams this Older Americans Month,https://consumer.ftc.gov/consumer-alerts/2025/05/lets-talk-about-scams-older-americans-month,"Older adults may come from different backgrounds, but one thing they have in common is wisdom gained from life experience. This Older Americans Month, whatever your age, the FTC encourages you to share your wisdom about avoiding scams and fraud with the older adults in your life. Pass It On , the FTC’s fraud education campaign for older adults, has clear, direct advice about more than a dozen fraud topics. At ftc.gov/PassItOn , you can read articles online or download resources , like activity sheets and bookmarks, and watch videos about scams that target older adults. Thousands of community organizations have already shared these materials, helping protect people across the country. So, spread the word, guard yourself against fraud, and help others do the same in celebration of Older Americans Month. Here are some ideas for starting conversations. If you’re interested in investing some of your hard-earned money, learn more about investment scams . If you’re worried about identity theft, start by reading about how identity theft works and what to do . Then watch the video 5 Ways to Help Protect Your Identity . If you get government benefits, be alert if you’re contacted by anyone who says they’re from Social Security, Medicare, or another government agency. It could be a government impersonator scam . Be sure to subscribe to Consumer Alerts to keep up to date on the latest scams, and tell the FTC about any fraud you encounter at ReportFraud.ftc.gov . Image","Older adults may come from different backgrounds, but one thing they have in common is wisdom gained from life experience. This Older Americans Month, whatever your age, the FTC encourages you to share your wisdom about avoiding scams and fraud with the older adults in your life. Pass It On , the FTC’s fraud education campaign for older adults, has clear, direct advice about more than a dozen fraud topics. At ftc.gov/PassItOn , you can read articles online or download resources , like activity sheets and bookmarks, and watch videos about scams that target older adults. Thousands of community organizations have already shared these materials, helping protect people across the country. So, spread the word, guard yourself against fraud, and help others do the same in celebration of Older Americans Month. Here are some ideas for starting conversations. If you’re interested in investing some of your hard-earned money, learn more about investment scams . If you’re worried about identity thef",1480
c6969981579327,2025-05-16,2025,5,FTC Consumer Advice - Consumer Alerts,"[""consumer_fraud""]","{""urls"": [], ""domains"": [], ""emails"": [], ""phones"": [], ""ip_addresses"": [], ""crypto_wallets"": []}",Notice in the mail about your property? Here’s what to know,https://consumer.ftc.gov/consumer-alerts/2025/05/notice-mail-about-your-property-heres-what-know,"Say you get a letter that seems to come from a bank. It says it’s related to your property, has the words “FINAL NOTICE,” printed on the letter, and has what looks like a refund check attached. Your first thought is that you’re getting money. But then you notice there’s no signature, and the small print says it isn’t a check. The mailer says to “Call IMMEDIATELY”. But what happens if you call? Reports from people who called the number on a mailer like this say you’d get connected with someone who tries to sell you an extended warranty or service contract for your home or appliances — something completely unrelated to the final notice warning or the check. The official-looking mailer could be a scare tactic to get your attention, convince you to call, and then sell you something. If you get a notice like this, before you call that number: Do some research. Look up the phone number and bank’s name online plus words like “review,” “complaint” or “scam.” See what other people are saying . Did they call a number expecting to talk to a bank representative but instead got connected to someone selling an extended warranty or service contract? That’s probably a scam. Check it out. Contact the bank the mailer seems to come from — but use a phone number, email, or website that you know is real. Take your time. If, after all, you’re interested in an extended warranty or service contract , do some research, ask friends and family for referrals, get the offer in writing, review it carefully, and make sure you understand what you’re getting. Did you or someone you know get a similar mailer or suspect a scam? Tell the FTC at ReportFraud.ftc.gov . Image","Say you get a letter that seems to come from a bank. It says it’s related to your property, has the words “FINAL NOTICE,” printed on the letter, and has what looks like a refund check attached. Your first thought is that you’re getting money. But then you notice there’s no signature, and the small print says it isn’t a check. The mailer says to “Call IMMEDIATELY”. But what happens if you call? Reports from people who called the number on a mailer like this say you’d get connected with someone who tries to sell you an extended warranty or service contract for your home or appliances — something completely unrelated to the final notice warning or the check. The official-looking mailer could be a scare tactic to get your attention, convince you to call, and then sell you something. If you get a notice like this, before you call that number: Do some research. Look up the phone number and bank’s name online plus words like “review,” “complaint” or “scam.” See what other people are saying . ",1664
c05fb50dd6a4d1,2025-05-12,2025,5,FTC Consumer Advice - Consumer Alerts,"[""other""]","{""urls"": [], ""domains"": [], ""emails"": [], ""phones"": [], ""ip_addresses"": [], ""crypto_wallets"": []}",What the Rule on Unfair or Deceptive Fees means for you,https://consumer.ftc.gov/consumer-alerts/2025/05/what-rule-unfair-or-deceptive-fees-means-you,"Have you ever picked out tickets to an event or the perfect vacation rental and then ended up paying twice what you expected in fees at checkout? Help is on the way: the FTC’s Rule on Unfair or Deceptive Fees takes effect today. What might this mean for you? The Rule says that anyone selling tickets to live events — like concerts or sporting events — or offering short-term lodging — like hotel rooms or vacation rentals — has to be upfront and tell the truth about the fees they charge. So: no more hidden charges. That means the price you see upfront has to include all the required fees the seller knows about. And if there are other fees that end up applying that they can’t calculate upfront — like taxes or shipping — the seller must tell you about those, too, before asking for your final payment. Even with the Rule in place, sellers can still charge fees. But the Rule means sellers have to tell you the truth about the price they give you. And if you know the true price upfront, it’ll hopefully save you time — and money — the next time you search for tickets to a live concert, play, or game, or when you’re booking your next vacation. If you think a company isn’t playing by the rules, the FTC wants to hear about it. Go to ReportFraud.ftc.gov and tell us your story.","Have you ever picked out tickets to an event or the perfect vacation rental and then ended up paying twice what you expected in fees at checkout? Help is on the way: the FTC’s Rule on Unfair or Deceptive Fees takes effect today. What might this mean for you? The Rule says that anyone selling tickets to live events — like concerts or sporting events — or offering short-term lodging — like hotel rooms or vacation rentals — has to be upfront and tell the truth about the fees they charge. So: no more hidden charges. That means the price you see upfront has to include all the required fees the seller knows about. And if there are other fees that end up applying that they can’t calculate upfront — like taxes or shipping — the seller must tell you about those, too, before asking for your final payment. Even with the Rule in place, sellers can still charge fees. But the Rule means sellers have to tell you the truth about the price they give you. And if you know the true price upfront, it’ll ho",1282
b836ffcad50915,2025-05-09,2025,5,FTC Consumer Advice - Consumer Alerts,"[""consumer_fraud""]","{""urls"": [], ""domains"": [], ""emails"": [], ""phones"": [], ""ip_addresses"": [], ""crypto_wallets"": []}",Avoid gift card scams this Mother’s Day,https://consumer.ftc.gov/consumer-alerts/2025/05/avoid-gift-card-scams-mothers-day,"With Mother’s Day just around the corner, you may be looking to get the mom in your life a last-minute gift. Maybe you’re looking to get her a gift card for a favorite restaurant or spa. That’s great — gift cards are for gifts — but scammers might try to tell you otherwise. Scammers typically call, text, email, and message on social media with stories to convince you that there’s a problem and the only way you can solve it is buying gift cards and giving them the numbers. They might say they’re from the government — like the Social Security Administration or the FTC — and tell you to pay taxes or a fine immediately. They might say they’re a friend or family member with an emergency and they need money right away. Whatever the story, they’ll often say it’s urgent you buy that gift card and give them the numbers, and it's almost always a scam. Spot the signs of gift card scams : Scammers might tell you the only way to pay is with a gift card. But the government will never call you and tell you to pay with a gift card. Scammers often tell you which gift card to buy (and where) . They might say to put money on an eBay, Google Play, Target, or Apple gift card. They might even stay on the phone with you while you go to the store they told you to visit. These are all signs of a scam, so hang up. Scammers frequently say it’s urgent . They’ll say to pay them right away or something terrible will happen. Slow down. Honest businesses and agencies will give you time to make a decision. Scammers sometimes tell you to keep it a secret . Scammers want to isolate you from people you know and trust. Never agree to keep a secret — especially if you’re scared and worried. Learn more about gift card scams at ftc.gov/giftcards . And report them to the FTC at ReportFraud.ftc.gov .","With Mother’s Day just around the corner, you may be looking to get the mom in your life a last-minute gift. Maybe you’re looking to get her a gift card for a favorite restaurant or spa. That’s great — gift cards are for gifts — but scammers might try to tell you otherwise. Scammers typically call, text, email, and message on social media with stories to convince you that there’s a problem and the only way you can solve it is buying gift cards and giving them the numbers. They might say they’re from the government — like the Social Security Administration or the FTC — and tell you to pay taxes or a fine immediately. They might say they’re a friend or family member with an emergency and they need money right away. Whatever the story, they’ll often say it’s urgent you buy that gift card and give them the numbers, and it's almost always a scam. Spot the signs of gift card scams : Scammers might tell you the only way to pay is with a gift card. But the government will never call you and te",1789
1bd52de21d72a2,2025-05-07,2025,5,FTC Consumer Advice - Consumer Alerts,"[""consumer_fraud""]","{""urls"": [], ""domains"": [], ""emails"": [], ""phones"": [], ""ip_addresses"": [], ""crypto_wallets"": []}",Avoid online JOANN impersonators and their fake sales,https://consumer.ftc.gov/consumer-alerts/2025/05/avoid-online-joann-impersonators-their-fake-sales,"You may have heard the news: JOANN Fabric & Craft stores are closing — and holding big clearance sales before they shut their doors. Looking to grab some deals? The real JOANN sales are only happening in person in their physical stores. But that hasn’t stopped scammers from setting up bogus websites with fraudulent deals claiming to give you 80-90% off. Here’s how to avoid these JOANN online impersonators. People report seeing ads for an online JOANN’s bankruptcy sale while browsing sites like Facebook, Pinterest, or Nextdoor. But JOANN isn’t selling online anymore — their own website says so. So if you click on the ad for a (fake) online JOANN sale, you’ll go to the (fake) JOANN’s website and see (fake) super-cheap deals. If you decide to buy, you’ll pay and get an emailed receipt. But soon, according to reports, you’ll find out the receipt is not from JOANN. Your bank or credit card statement will show you’ve paid someone other than JOANN, and you probably won’t be getting a package to go with that bill. To protect yourself from scams like this: Be wary of unusually good deals. Scammers often reel you in with supposed ""limited-time"" deals and crazy-low prices to convince you to buy quickly. But slow down and make sure you're dealing with the real thing. Confirm the sale is legit. Check with the store directly to see how they’re running their sale. In this case, the real sale is in-store only, so online “JOANN’s sales” are a scam. To check it out, go to the company’s website using a URL you know is real to avoid a search result scam . Pay by credit card, if possible. Credit cards offer more protections than debit cards. Always keep records so you can dispute charges if you need to. Share this alert with friends and family, and if you see a scam like this, report it to the FTC.","You may have heard the news: JOANN Fabric & Craft stores are closing — and holding big clearance sales before they shut their doors. Looking to grab some deals? The real JOANN sales are only happening in person in their physical stores. But that hasn’t stopped scammers from setting up bogus websites with fraudulent deals claiming to give you 80-90% off. Here’s how to avoid these JOANN online impersonators. People report seeing ads for an online JOANN’s bankruptcy sale while browsing sites like Facebook, Pinterest, or Nextdoor. But JOANN isn’t selling online anymore — their own website says so. So if you click on the ad for a (fake) online JOANN sale, you’ll go to the (fake) JOANN’s website and see (fake) super-cheap deals. If you decide to buy, you’ll pay and get an emailed receipt. But soon, according to reports, you’ll find out the receipt is not from JOANN. Your bank or credit card statement will show you’ve paid someone other than JOANN, and you probably won’t be getting a package ",1808
d77c71f7b196af,2025-05-05,2025,5,FTC Consumer Advice - Consumer Alerts,"[""other""]","{""urls"": [], ""domains"": [], ""emails"": [], ""phones"": [], ""ip_addresses"": [], ""crypto_wallets"": []}",Getting calls from a debt collector? You have rights,https://consumer.ftc.gov/consumer-alerts/2025/05/getting-calls-debt-collector-you-have-rights,"You get a call out of the blue. The caller insists you owe money and says you’ll be arrested if you don’t pay immediately. You have no idea what she’s talking about. What do you do? The FTC says that Global Circulation, Inc. (which did business using names like Consumer Impact Recovery and Total Mediation Solutions) used illegal threats like this to trick thousands of people into paying debts they did not owe — to the tune of $9.6 million. To settle the FTC’s claims, GCI will be banned from the debt collection business. Debt collectors can’t harass you, lie, or treat you unfairly . If you’re getting calls from debt collectors: Know that you can’t be arrested or jailed for not paying your bills and there’s a legal process for garnishing your wages to repay debts. If the person contacting you says otherwise, that’s a warning sign that they may not be legitimate. Before you agree to pay anything, get “ validation information ” to make sure you actually owe the debt and if so, that it’s the correct amount. If you still don’t recognize the debt — or if the amount seems wrong — dispute it with the collector by mail and ask for verification of the debt. Report debt collectors who break the rules: ReportFraud.ftc.gov . Learn more at ftc.gov/debt .","You get a call out of the blue. The caller insists you owe money and says you’ll be arrested if you don’t pay immediately. You have no idea what she’s talking about. What do you do? The FTC says that Global Circulation, Inc. (which did business using names like Consumer Impact Recovery and Total Mediation Solutions) used illegal threats like this to trick thousands of people into paying debts they did not owe — to the tune of $9.6 million. To settle the FTC’s claims, GCI will be banned from the debt collection business. Debt collectors can’t harass you, lie, or treat you unfairly . If you’re getting calls from debt collectors: Know that you can’t be arrested or jailed for not paying your bills and there’s a legal process for garnishing your wages to repay debts. If the person contacting you says otherwise, that’s a warning sign that they may not be legitimate. Before you agree to pay anything, get “ validation information ” to make sure you actually owe the debt and if so, that it’s th",1259
f4730f93293869,2025-05-01,2025,5,FTC Consumer Advice - Consumer Alerts,"[""other""]","{""urls"": [], ""domains"": [], ""emails"": [""info@avastsettlement.com""], ""phones"": [""1-866-290-0165""], ""ip_addresses"": [], ""crypto_wallets"": []}",Money for Avast antivirus software users,https://consumer.ftc.gov/consumer-alerts/2025/05/money-avast-antivirus-software-users,"If you bought antivirus software from Avast between August 2014 and January 2020, you could be eligible for a payment from a recent settlement in the FTC’s lawsuit. Start by checking your inbox for an email about how to submit your claim by June 5, 2025. Emails to eligible users went out between February 24, 2025, and March 7, 2025. Check your inbox for a message from “Avast Settlement” with the subject line, “Avast Settlement: Get Your Payment”. Follow the steps in the email and submit your claim by June 5, 2025. It’ll only take a few minutes, and you don’t need to find your receipts or proof of purchase. Step 1: Go to the FTC’s Avast Settlement page at ftc.gov/Avast . Step 2: Click “Apply for a Refund”. (That will take you to a website set up by the refund administrator.) Step 3: Enter your claim number and confirmation code from the email you got. Click “Next”. That’s it. You’re done. Refunds will go out after all claims are processed — sometime in 2026. If you need help with your claim, contact the refund administrator at 1-866-290-0165 or info@AvastSettlement.com . Search Terms consumer privacy","If you bought antivirus software from Avast between August 2014 and January 2020, you could be eligible for a payment from a recent settlement in the FTC’s lawsuit. Start by checking your inbox for an email about how to submit your claim by June 5, 2025. Emails to eligible users went out between February 24, 2025, and March 7, 2025. Check your inbox for a message from “Avast Settlement” with the subject line, “Avast Settlement: Get Your Payment”. Follow the steps in the email and submit your claim by June 5, 2025. It’ll only take a few minutes, and you don’t need to find your receipts or proof of purchase. Step 1: Go to the FTC’s Avast Settlement page at ftc.gov/Avast . Step 2: Click “Apply for a Refund”. (That will take you to a website set up by the refund administrator.) Step 3: Enter your claim number and confirmation code from the email you got. Click “Next”. That’s it. You’re done. Refunds will go out after all claims are processed — sometime in 2026. If you need help with your c",1116
0a38ddffd3570c,2025-04-30,2025,4,FTC Consumer Advice - Consumer Alerts,"[""other""]","{""urls"": [], ""domains"": [], ""emails"": [], ""phones"": [""1-888-516-0774""], ""ip_addresses"": [], ""crypto_wallets"": []}",Refund checks are in the mail for eligible Publishers Clearing House customers,https://consumer.ftc.gov/consumer-alerts/2025/04/refund-checks-are-mail-eligible-publishers-clearing-house-customers,"Refund checks totaling more than $18 million are in the mail to more than 281,724 Publishers Clearing House (PCH) customers eligible for a refund as a result of an FTC action . In their case, the FTC said PCH used language and designs to trick people into thinking they had to buy things to enter or increase their chances of winning a sweepstakes. According to the FTC’s complaint, PCH sent emails with deceptive subject lines that led people into thinking the emails were related to official documents, like tax forms. Not every PCH customer is eligible for a refund. Only people who got and clicked on one of the PCH emails the FTC said were deceptive — and then ordered a product — will get a refund. Check out ftc.gov/PCH for questions about the refund process or call the refund administrator at 1-888-516-0774 if you can’t find the answer there. Remember that nobody from the FTC will ever ask you to pay or give account information to get a refund check. Only scammers demand you pay them to help you file for an FTC refund or get your money back. If anyone asks you to do that, tell the FTC at ReportFraud.ftc.gov . Image","Refund checks totaling more than $18 million are in the mail to more than 281,724 Publishers Clearing House (PCH) customers eligible for a refund as a result of an FTC action . In their case, the FTC said PCH used language and designs to trick people into thinking they had to buy things to enter or increase their chances of winning a sweepstakes. According to the FTC’s complaint, PCH sent emails with deceptive subject lines that led people into thinking the emails were related to official documents, like tax forms. Not every PCH customer is eligible for a refund. Only people who got and clicked on one of the PCH emails the FTC said were deceptive — and then ordered a product — will get a refund. Check out ftc.gov/PCH for questions about the refund process or call the refund administrator at 1-888-516-0774 if you can’t find the answer there. Remember that nobody from the FTC will ever ask you to pay or give account information to get a refund check. Only scammers demand you pay them to ",1130
02cfe13eb927fd,2025-04-28,2025,4,FTC Consumer Advice - Consumer Alerts,"[""consumer_fraud""]","{""urls"": [], ""domains"": [], ""emails"": [], ""phones"": [], ""ip_addresses"": [], ""crypto_wallets"": []}","Discounted phone, TV, or internet services if you pay with a gift card? No, it’s a scam",https://consumer.ftc.gov/consumer-alerts/2025/04/discounted-phone-tv-or-internet-services-if-you-pay-gift-card-no-its-scam,"Have you gotten a robocall about a discount on phone, TV, or internet services? Scammers are pretending to be businesses and making robocalls about “discounted services” if you pay with a gift card . It’s a scam. Here’s how the scam works so you can avoid it. You get an unexpected robocall from someone who says they’re with a company like AT&T, Spectrum, or Comcast Xfinity. They say there’s a 40-50% discount available if you act now. They might say the discount is for future bills, service bundles, or even products like a new Apple Watch — but then they say you have to buy a gift card and pay them up front by giving them the gift card numbers to secure the offer. That’s a scam. They might also ask you to confirm your account information to apply the discount, but if you do, they could use that info to hack into your account. To avoid a scam like this: Take your time. Scammers pressure you to act fast. They don’t want you to have time to think about what they’re saying. Take your time to be sure you understand the offer. Check it out. To confirm the offer is real, reach out to the company that’s supposedly offering the promotion. But use a phone number or website you know is right — not the number in the robocall message. Know how scammers tell you to pay. Gift cards are for gifts, not for payments. Only scammers will tell you to pay with gift cards . Already paid or gave your information to a scammer? Read What To Do if You Were Scammed to find out what to do next. And tell the FTC at ReportFraud.ftc.gov .","Have you gotten a robocall about a discount on phone, TV, or internet services? Scammers are pretending to be businesses and making robocalls about “discounted services” if you pay with a gift card . It’s a scam. Here’s how the scam works so you can avoid it. You get an unexpected robocall from someone who says they’re with a company like AT&T, Spectrum, or Comcast Xfinity. They say there’s a 40-50% discount available if you act now. They might say the discount is for future bills, service bundles, or even products like a new Apple Watch — but then they say you have to buy a gift card and pay them up front by giving them the gift card numbers to secure the offer. That’s a scam. They might also ask you to confirm your account information to apply the discount, but if you do, they could use that info to hack into your account. To avoid a scam like this: Take your time. Scammers pressure you to act fast. They don’t want you to have time to think about what they’re saying. Take your time t",1531
7cd5b198442b57,2025-04-23,2025,4,FTC Consumer Advice - Consumer Alerts,"[""consumer_fraud"", ""cybercrime""]","{""urls"": [], ""domains"": [], ""emails"": [], ""phones"": [], ""ip_addresses"": [], ""crypto_wallets"": []}",Think that text message is from USPS? It could be a scam,https://consumer.ftc.gov/consumer-alerts/2025/04/think-text-message-usps-it-could-be-scam,"Have you ever gotten a text message about a package coming via the United States Postal Service? Maybe it confirmed your order, said a package is out for delivery, or said there’s a problem like unpaid postage, a missed delivery, or you need to update your shipping preferences. That text message will say to click a link to learn more or fix the problem. But there’s a good chance that text message that says it’s from USPS (or FedEx…or DHL…) is really from a scammer. Scammers want you to click the link in their message. What happens next is the scam: the click takes you to a look-alike of a real website where they’ll tell you to enter personal or financial information. If you pay, that money — along with your credit card number, name, address, and anything else you entered — will go straight to the scammer. To avoid this scam: Verify delivery information independently . If you think a text is about a real delivery, don’t give information or click on any links in the message. Instead, go to the online retail site or account you ordered your item from to look up the shipping and tracking information for your package. Use filters. See what options your mobile phone has to filter and block texts from unknown senders. Report unwanted text messages and scams on the messaging app you use. See if your phone has an option to report junk or spam. If not, forward the message to 7726. Check out these resources to help you weed out spam text messages , phishing emails , and unwanted calls . Spotted a scam? Tell the FTC at ReportFraud.ftc.gov . Search Terms scam","Have you ever gotten a text message about a package coming via the United States Postal Service? Maybe it confirmed your order, said a package is out for delivery, or said there’s a problem like unpaid postage, a missed delivery, or you need to update your shipping preferences. That text message will say to click a link to learn more or fix the problem. But there’s a good chance that text message that says it’s from USPS (or FedEx…or DHL…) is really from a scammer. Scammers want you to click the link in their message. What happens next is the scam: the click takes you to a look-alike of a real website where they’ll tell you to enter personal or financial information. If you pay, that money — along with your credit card number, name, address, and anything else you entered — will go straight to the scammer. To avoid this scam: Verify delivery information independently . If you think a text is about a real delivery, don’t give information or click on any links in the message. Instead, go ",1572
dcf3a56eb344de,2025-04-22,2025,4,FTC Consumer Advice - Consumer Alerts,"[""other""]","{""urls"": [], ""domains"": [], ""emails"": [], ""phones"": [], ""ip_addresses"": [], ""crypto_wallets"": []}",How to use parental controls to keep your kid safer online,https://consumer.ftc.gov/consumer-alerts/2025/04/how-use-parental-controls-keep-your-kid-safer-online,"(View or share the YouTube version of this video.) Talking with your kids about your family’s rules and expectations is key to helping them establish good online habits. Some parents use parental controls to reinforce those good habits — and create safer online spaces for their kids to learn and play. While specific settings and functions vary based on the parental controls you use, most help you do things like manage how much time your kid spends online restrict the type of content your kid can access get information about your kid’s website and app activity limit who your kid can communicate with restrict purchases There are many free parental control tools and apps available. Choosing one to fit your needs depends on what devices your kid uses and the boundaries you’ve decided to set for your family. Here are some options to consider. For an Apple iPhone or iPad, you can set up parental controls with Apple’s Family Sharing . If your kid has a Chromebook laptop or Android phone or tablet, you can set up parental controls with Google’s Family Link . Family Link also lets you customize parental controls on YouTube. If your kid uses a Windows computer or laptop, or an Xbox, you can set up parental controls with Microsoft Family Safety . To work best, parental controls need to be set up on all the devices your kid uses. It can seem overwhelming, but one of the above tools might give you the options you’re looking for. You can always add other tools or settings later. Many gaming platforms, apps, and websites also have parental controls. If your kid is a gamer, read our article, Kids and Video Games . If your kid is on social media, here are links to parental controls for some popular social media apps: TikTok Snapchat Instagram If you want more details on setting up parental controls, check out some of these how-to guides: Parental controls and privacy settings guides from Internet Matters Guide to Parental Controls from SafeWise Parental controls: How to keep your child safe from Australia’s eSafety Commissioner Use Parental Controls to Keep Your Child Safe from the National Society for the Prevention of Cruelty to Children As your kid grows and matures, you may want to adjust the parental controls accordingly. But there’s really no substitute for talking with your kid about your family’s rules and expectations. Infographic: A Guide for Parents - Keeping Your Kid Safer Online Printable PDF Image Search Terms parental control kids","(View or share the YouTube version of this video.) Talking with your kids about your family’s rules and expectations is key to helping them establish good online habits. Some parents use parental controls to reinforce those good habits — and create safer online spaces for their kids to learn and play. While specific settings and functions vary based on the parental controls you use, most help you do things like manage how much time your kid spends online restrict the type of content your kid can access get information about your kid’s website and app activity limit who your kid can communicate with restrict purchases There are many free parental control tools and apps available. Choosing one to fit your needs depends on what devices your kid uses and the boundaries you’ve decided to set for your family. Here are some options to consider. For an Apple iPhone or iPad, you can set up parental controls with Apple’s Family Sharing . If your kid has a Chromebook laptop or Android phone or ta",2472
72abce7746ccfb,2025-04-16,2025,4,FTC Consumer Advice - Consumer Alerts,"[""consumer_fraud""]","{""urls"": [], ""domains"": [], ""emails"": [], ""phones"": [], ""ip_addresses"": [], ""crypto_wallets"": []}",Is that unexpected text a scam?,https://consumer.ftc.gov/consumer-alerts/2025/04/unexpected-text-scam,"Did you know that people almost always open text messages? In a new Data Spotlight about the big jump in reported fraud losses involving text scams, the FTC notes a study finding open rates can be as high as 98%. Those are really good odds for a scammer. And when scammers get you to respond to their messages, they’re cashing in. Here’s how you can increase your chances of keeping your money safe. Some text scams start as fake fraud alerts. You get a message from someone claiming to be from the fraud department with Amazon or your bank, offering to help with a suspicious charge. But that’s the hook they use to get you to respond by messaging back or calling a number. Instead of help, they’ll spin elaborate lies and drain your bank account. Or maybe you get a text about a problem with a delivery or a message about unpaid tolls . In both cases, they tell you to click a link to fix the issue. When you land on what seems to be the USPS or highway toll program website (they’re not), they tell you to pay “re-delivery fees” or “unpaid tolls.” That’s when you might end up giving your credit card or even your Social Security number to a scammer. Scammers also use phony job opportunities and “wrong number” texts to convince you to respond. No matter what story you get, here are ways to avoid text scams : Don’t reply to unexpected text messages . It could lead to a scam. Never click links in unexpected messages . Scammers want you to react quickly, but it’s best to stop and check it out. Don’t assume a text from a known company or organization is legit. Check it out. Reach out to the company, state tolling agency, or bank using a phone number or website you know is real — not the info from the text. Delete and report scam texts using your phone’s “report junk” option or forward unwanted texts to 7726 (SPAM) . Learn more at ftc.gov/textscams . Search Terms scam","Did you know that people almost always open text messages? In a new Data Spotlight about the big jump in reported fraud losses involving text scams, the FTC notes a study finding open rates can be as high as 98%. Those are really good odds for a scammer. And when scammers get you to respond to their messages, they’re cashing in. Here’s how you can increase your chances of keeping your money safe. Some text scams start as fake fraud alerts. You get a message from someone claiming to be from the fraud department with Amazon or your bank, offering to help with a suspicious charge. But that’s the hook they use to get you to respond by messaging back or calling a number. Instead of help, they’ll spin elaborate lies and drain your bank account. Or maybe you get a text about a problem with a delivery or a message about unpaid tolls . In both cases, they tell you to click a link to fix the issue. When you land on what seems to be the USPS or highway toll program website (they’re not), they tel",1880
368c890c765b24,2025-04-14,2025,4,FTC Consumer Advice - Consumer Alerts,"[""consumer_fraud""]","{""urls"": [], ""domains"": [], ""emails"": [], ""phones"": [], ""ip_addresses"": [], ""crypto_wallets"": []}",Seemingly urgent security messages could lead to tech support scams,https://consumer.ftc.gov/consumer-alerts/2025/04/seemingly-urgent-security-messages-could-lead-tech-support-scams,"You’re online and get a message or pop-up alerting you to a problem with your computer. The message might even say or suggest it’s from Microsoft, Apple, or Geek Squad. Should you click immediately to see what it’s about? No, and here’s why. That urgent pop-up message saying there’s something wrong with your computer could be a way to get you into a tech support trap. Scammers impersonate well-known companies to get you to trust them and call. What happens next? If you click on the link or call a phone number in a pop-up warning, they might say your device is infected (which is a lie). Then they’ll try to sell you a “solution” (which is a scam) and ask you to pay for a bogus tech support service. Here’s one way to be sure you spot a scam: security pop-up warnings from real tech companies will never ask you to call a phone number. If you’re worried about missing a real security threat, slow down instead of clicking or calling. To find out whether there’s a problem with your computer, first update your computer’s security software and run a scan. If you need help fixing a problem, go to a company you know and trust. Some stores that sell computer equipment also offer technical support in person. And many companies offer tech support online — but be sure to get in touch with them using contact information listed on their official company website. Now that you’ve got this, Pass It On ! Talking about scams is one of the best tools we have to fight against scams. Share what you know to help others spot and avoid tech support scams . And if you see a pop-up scam, tell the FTC at ReportFraud.ftc.gov . Tech Support Imposter Scams (View or share the YouTube version of this video.)","You’re online and get a message or pop-up alerting you to a problem with your computer. The message might even say or suggest it’s from Microsoft, Apple, or Geek Squad. Should you click immediately to see what it’s about? No, and here’s why. That urgent pop-up message saying there’s something wrong with your computer could be a way to get you into a tech support trap. Scammers impersonate well-known companies to get you to trust them and call. What happens next? If you click on the link or call a phone number in a pop-up warning, they might say your device is infected (which is a lie). Then they’ll try to sell you a “solution” (which is a scam) and ask you to pay for a bogus tech support service. Here’s one way to be sure you spot a scam: security pop-up warnings from real tech companies will never ask you to call a phone number. If you’re worried about missing a real security threat, slow down instead of clicking or calling. To find out whether there’s a problem with your computer, fi",1699
be067f4793a487,2025-04-10,2025,4,FTC Consumer Advice - Consumer Alerts,"[""other""]","{""urls"": [], ""domains"": [], ""emails"": [], ""phones"": [], ""ip_addresses"": [], ""crypto_wallets"": []}","What to know about kids and video games, ads, and unexpected payments",https://consumer.ftc.gov/consumer-alerts/2025/04/what-know-about-kids-video-games-ads-unexpected-payments,"Kids and video games often go together like peanut butter and jelly. Here’s something else that goes along with some video games: Ads competing for your kid’s attention at every stage of their video game-playing experience — while they look for video games on the app store, while they select and download games, and during gameplay. Learn how to deal with ads that encourage kids to spend money — sometimes without your knowledge or approval. Some kids’ video games say they’re ad free…but they’re not. Next thing you know, your kid starts seeing ads for things to buy to unlock additional game features. Or maybe you pay for a game subscription thinking it’ll give your kid full access to the game. Except while playing the game, they see ads for parts of the game they can only get to if they click. What the game might not make clear? Each click is a payment. Consider these steps to find games that work for your family and reduce the chance of unexpected purchases. Read online reviews and ratings before you download an app or video game. Watch online videos of people playing the game. See what other people are saying about it. Consider looking at reviews with your kid to see if the game is a good match. Use parental controls to disable in-app purchases or require a password for all purchases on your phone or tablet. For example: iPhone and iPad Google Play Microsoft Talk about family rules for your kids using apps and games. Keep up with FTC cases in this space — like the one against the makers of Fortnite — by signing up for Consumer Alerts . And check out kids and video games for more advice on this topic.","Kids and video games often go together like peanut butter and jelly. Here’s something else that goes along with some video games: Ads competing for your kid’s attention at every stage of their video game-playing experience — while they look for video games on the app store, while they select and download games, and during gameplay. Learn how to deal with ads that encourage kids to spend money — sometimes without your knowledge or approval. Some kids’ video games say they’re ad free…but they’re not. Next thing you know, your kid starts seeing ads for things to buy to unlock additional game features. Or maybe you pay for a game subscription thinking it’ll give your kid full access to the game. Except while playing the game, they see ads for parts of the game they can only get to if they click. What the game might not make clear? Each click is a payment. Consider these steps to find games that work for your family and reduce the chance of unexpected purchases. Read online reviews and rati",1627
fe822e6d7d23bc,2025-04-08,2025,4,FTC Consumer Advice - Consumer Alerts,"[""consumer_fraud"", ""identity_fraud""]","{""urls"": [], ""domains"": [], ""emails"": [], ""phones"": [""1-800-269-0271"", ""1-800-772-1213"", ""1-866-501-2101""], ""ip_addresses"": [], ""crypto_wallets"": []}",Scammers impersonate the Social Security Administration,https://consumer.ftc.gov/consumer-alerts/2018/01/scammers-impersonate-social-security-administration,"Your Social Security number is an important key for an identity thief . Scammers want it, and they think of all sorts of ways to trick you into giving it away. Here at the Federal Trade Commission, we’re getting reports about calls from scammers claiming to be from the Social Security Administration. They say there’s been a computer problem, and they need to confirm your Social Security number. Other people have told us that they have come across spoof websites that look like the place where you would apply for a new Social Security card – but these websites are actually a setup to steal your personal information. If you get a phone call or are directed to a website other than ssa.gov that is claiming to be associated with the Social Security Administration, don’t respond. It’s most likely a scam. Here’s some tips to deal with these government imposters : Don’t give the caller your information. Never give out or confirm sensitive information – like your bank account, credit card, or Social Security number – unless you know who you’re dealing with. If someone has contacted you, you can’t be sure who they are. Don’t trust a name or number . Con artists use official-sounding names to make you trust them. To make their call seem legitimate, scammers use internet technology to spoof their area code – so although it may seem they are calling from Washington, DC, they could be calling from anywhere in the world. Check with the Social Security Administration. The SSA has a warning about these scams and suggests you contact them directly at 1-800-772-1213 to verify the reason for the contact and the person’s identity prior to providing any information to the caller. If you come across one of these scams, please report it to the Social Security Administration’s Fraud Hotline at 1-800-269-0271, or 1-866-501-2101(TTY), and then tell the FTC about it . Search Terms identity theft imposter scam","Your Social Security number is an important key for an identity thief . Scammers want it, and they think of all sorts of ways to trick you into giving it away. Here at the Federal Trade Commission, we’re getting reports about calls from scammers claiming to be from the Social Security Administration. They say there’s been a computer problem, and they need to confirm your Social Security number. Other people have told us that they have come across spoof websites that look like the place where you would apply for a new Social Security card – but these websites are actually a setup to steal your personal information. If you get a phone call or are directed to a website other than ssa.gov that is claiming to be associated with the Social Security Administration, don’t respond. It’s most likely a scam. Here’s some tips to deal with these government imposters : Don’t give the caller your information. Never give out or confirm sensitive information – like your bank account, credit card, or So",1913
9acbaf3503a1cd,2025-04-07,2025,4,FTC Consumer Advice - Consumer Alerts,"[""consumer_fraud""]","{""urls"": [], ""domains"": [], ""emails"": [], ""phones"": [], ""ip_addresses"": [], ""crypto_wallets"": []}",Recovering after weather emergencies from the South to the Great Lakes,https://consumer.ftc.gov/consumer-alerts/2025/04/recovering-after-weather-emergencies-south-great-lakes,"Recovering from the storms that brought deadly tornados and severe flooding from the South to the Midwest will take time and patience. If you’ve been displaced by a weather emergency, or your home or business was damaged, you’re probably trying to figure out what to do next. Here are some ideas to help you get started. Find out what your home, business, health, or other insurance policies will pay for. Some will cover costs for temporary shelter, clothing, and other items. Contact creditors, landlords, and utilities right away. Explain how the storms have affected you. In times of disaster, they may be willing to defer your payments, waive late fees, and offer other ways to help you regain financial stability. Replace lost or damaged legal documents misplaced or left behind. This chart will help if you’re unsure of where to go for what. When you’re ready to start rebuilding or making repairs to your home or business, know how to spot scammers: Don’t hire anyone who shows up claiming to offer recovery services but demanding cash or advance payments up front. If they won’t give you copies of their license, insurance, or a contract in writing, that’s a red flag and a good time to walk away. Never pay to get government assistance. FEMA does not charge application fees and anyone who wants you to pay to get money or a grant from FEMA is a scammer. Instead, download the FEMA Mobile App to get alerts and information. Learn more about how to spot and avoid other disaster-related scams at ftc.gov/WeatherEmergencies . Spot a scam? Tell the FTC at ReportFraud.ftc.gov .","Recovering from the storms that brought deadly tornados and severe flooding from the South to the Midwest will take time and patience. If you’ve been displaced by a weather emergency, or your home or business was damaged, you’re probably trying to figure out what to do next. Here are some ideas to help you get started. Find out what your home, business, health, or other insurance policies will pay for. Some will cover costs for temporary shelter, clothing, and other items. Contact creditors, landlords, and utilities right away. Explain how the storms have affected you. In times of disaster, they may be willing to defer your payments, waive late fees, and offer other ways to help you regain financial stability. Replace lost or damaged legal documents misplaced or left behind. This chart will help if you’re unsure of where to go for what. When you’re ready to start rebuilding or making repairs to your home or business, know how to spot scammers: Don’t hire anyone who shows up claiming to",1584
11d990f285e93d,2025-04-04,2025,4,FTC Consumer Advice - Consumer Alerts,"[""consumer_fraud""]","{""urls"": [], ""domains"": [], ""emails"": [], ""phones"": [], ""ip_addresses"": [], ""crypto_wallets"": []}",Help the FTC fight impersonation scams,https://consumer.ftc.gov/consumer-alerts/2025/04/help-ftc-fight-impersonation-scams,"April marks the one-year anniversary of the FTC’s Impersonation Rule. Here’s how impersonation scams can hurt people, and what the FTC is doing to fight back. Impersonators pretend to be someone they’re not to try to steal your money or personal information. Scammers might pose as the government, saying you owe a fine or a toll. Or they may claim they’re from your bank, saying there’s something wrong with your account. Or they might pretend to be someone you know — like a grandchild in trouble. Impersonation scams are, year after year, the top fraud reported to the FTC — and people reported losing nearly $3 billion to impersonators in 2024 alone. The Impersonation Rule gives the FTC more tools to fight these scams. Since the Rule went into effect, the FTC filed multiple lawsuits against alleged impersonators. And the FTC also went after scammers impersonating the FTC online — successfully getting more than a dozen scam sites taken down. To steer clear of impersonation scams: Don’t give money or personal information to someone who contacts you unexpectedly. If you’re not sure if a call or message is real, reach out to the business, organization, or person using contact information you looked up yourself and know to be true. Don’t trust your caller ID. Your caller ID might show the name of a government agency or business, but caller ID can be faked. It could be anyone calling from anywhere in the world. Don’t click on links in unexpected emails, texts, or social media messages. Scammers send emails and messages that look like they’re from a government agency or business, but they’re really designed to steal your money and personal information. Learn more about impersonation scams by watching the video below and then visiting ftc.gov/impersonators . And if you spot an impersonator, tell the FTC: ReportFraud.ftc.gov . (View or share the YouTube version of this video.)","April marks the one-year anniversary of the FTC’s Impersonation Rule. Here’s how impersonation scams can hurt people, and what the FTC is doing to fight back. Impersonators pretend to be someone they’re not to try to steal your money or personal information. Scammers might pose as the government, saying you owe a fine or a toll. Or they may claim they’re from your bank, saying there’s something wrong with your account. Or they might pretend to be someone you know — like a grandchild in trouble. Impersonation scams are, year after year, the top fraud reported to the FTC — and people reported losing nearly $3 billion to impersonators in 2024 alone. The Impersonation Rule gives the FTC more tools to fight these scams. Since the Rule went into effect, the FTC filed multiple lawsuits against alleged impersonators. And the FTC also went after scammers impersonating the FTC online — successfully getting more than a dozen scam sites taken down. To steer clear of impersonation scams: Don’t give",1896
c7e489a2712632,2025-04-03,2025,4,FTC Consumer Advice - Consumer Alerts,"[""consumer_fraud""]","{""urls"": [], ""domains"": [], ""emails"": [], ""phones"": [], ""ip_addresses"": [], ""crypto_wallets"": []}","Online search results: The good, the bad, and the scammy",https://consumer.ftc.gov/consumer-alerts/2025/04/online-search-results-good-bad-scammy,"Online search results can offer significant benefits to consumers, helping people find what they’re looking for. But online search results are also used by scammers to steer you in the wrong direction. In fact, scammers sometimes use paid search results to trick you. They might use another company’s name, include the name of a government service, or use misleading tag lines to make you think you’re dealing with someone else. They might even put their number alongside a trusted company’s name or link to a website that looks official to steer you away from the business or government agency you were looking for. Their goal is to get your money or your personal or financial information to steal your identity . Here’s how to avoid a search result scam: Know that the first search results you see might be paid ads . They show up based on what you search and may or may not be what you’re looking for. Don't assume the phone number that comes up in search is legit. You could be calling a scammer or dishonest business who doesn’t want you to know you’re in the wrong place. To make sure you’re dealing with who you think you are, scroll to the unpaid search results to make sure you have the right website or contact info for a business or government agency. Type a company’s website address directly into your browser if you know it. If you’re paying a bill, type in the address or call the number from your bill directly. Learn more about impersonator scams at ftc.gov/impersonators . If you spot an impersonator scam, tell the FTC at ReportFraud.ftc.gov . Image","Online search results can offer significant benefits to consumers, helping people find what they’re looking for. But online search results are also used by scammers to steer you in the wrong direction. In fact, scammers sometimes use paid search results to trick you. They might use another company’s name, include the name of a government service, or use misleading tag lines to make you think you’re dealing with someone else. They might even put their number alongside a trusted company’s name or link to a website that looks official to steer you away from the business or government agency you were looking for. Their goal is to get your money or your personal or financial information to steal your identity . Here’s how to avoid a search result scam: Know that the first search results you see might be paid ads . They show up based on what you search and may or may not be what you’re looking for. Don't assume the phone number that comes up in search is legit. You could be calling a scammer",1569
6f0e699393ee47,2025-04-01,2025,4,FTC Consumer Advice - Consumer Alerts,"[""consumer_fraud""]","{""urls"": [], ""domains"": [], ""emails"": [], ""phones"": [], ""ip_addresses"": [], ""crypto_wallets"": []}",Don’t pay to get your Employer Identification Number (EIN),https://consumer.ftc.gov/consumer-alerts/2025/04/dont-pay-get-your-employer-identification-number-ein,"Have you ever paid for something and later found out you could have gotten it for free? It might make you wish someone had told you it was free — before you paid. That’s what a lot of people have reported to the FTC about companies charging them hundreds of dollars to get their Employer Identification Number (EIN) from the IRS. But there’s no reason to pay anyone for your EIN. The IRS issues EINs for free . You typically need an EIN from the IRS when you open a small business, a non-profit, or when you establish an estate after a loved one has passed away, among other circumstances. Today, FTC staff sent letters to businesses selling EINs, warning them that these kinds of business have generated consumer complaints. Lookalike websites can create a false impression about affiliation with the IRS. The letters warn recipients that such practices may violate the FTC Act and the Impersonation Rule and may lead to FTC enforcement actions where appropriate. Need an EIN? Here’s what to know: Go directly to the IRS website to get an EIN for free using the IRS’s online tool . Don’t pay to get your EIN. Do your research. Before doing business with a company, search online for their name and the words ""review,"" ""complaint,"" or ""scam."" Report imposters to the FTC . If you see someone posing as the IRS — or any other government entity or business — report it at ReportFraud.ftc.gov .","Have you ever paid for something and later found out you could have gotten it for free? It might make you wish someone had told you it was free — before you paid. That’s what a lot of people have reported to the FTC about companies charging them hundreds of dollars to get their Employer Identification Number (EIN) from the IRS. But there’s no reason to pay anyone for your EIN. The IRS issues EINs for free . You typically need an EIN from the IRS when you open a small business, a non-profit, or when you establish an estate after a loved one has passed away, among other circumstances. Today, FTC staff sent letters to businesses selling EINs, warning them that these kinds of business have generated consumer complaints. Lookalike websites can create a false impression about affiliation with the IRS. The letters warn recipients that such practices may violate the FTC Act and the Impersonation Rule and may lead to FTC enforcement actions where appropriate. Need an EIN? Here’s what to know: G",1391
aa4488328ed601,2025-04-01,2025,4,FTC Consumer Advice - Consumer Alerts,"[""consumer_fraud"", ""identity_fraud""]","{""urls"": [], ""domains"": [], ""emails"": [], ""phones"": [], ""ip_addresses"": [], ""crypto_wallets"": []}",Protect yourself (and your money) from scammers this Financial Literacy Month,https://consumer.ftc.gov/consumer-alerts/2025/04/protect-yourself-your-money-scammers-financial-literacy-month,"All year long, scammers are looking for ways to steal your hard-earned money. FTC data shows people reported losing $12.5 billion to scams in 2024, which is up $2.5 billion from 2023. April is Financial Literacy Month: a great time to check out the free resources at consumer.gov to help manage your money while protecting it from scammers. Looking to make a budget that helps you save money, buy a car , rent an apartment or house , or deal with debt ? Consumer.gov has the info you need to spot, avoid, and report scams as you make your plans. At consumer.gov, you’ll get the basics on managing your money and advice on: How to protect your money and information from scammers What to do if you think you sent money to a scammer or gave a scammer your personal information How to protect yourself from identity theft You’ll also find videos and free, one-page handouts to share with family, friends, and other groups you might be a part of — like your neighborhood association, church group, or club meeting. And if you spot a scam, tell the FTC at ReportFraud.ftc.gov . Image","All year long, scammers are looking for ways to steal your hard-earned money. FTC data shows people reported losing $12.5 billion to scams in 2024, which is up $2.5 billion from 2023. April is Financial Literacy Month: a great time to check out the free resources at consumer.gov to help manage your money while protecting it from scammers. Looking to make a budget that helps you save money, buy a car , rent an apartment or house , or deal with debt ? Consumer.gov has the info you need to spot, avoid, and report scams as you make your plans. At consumer.gov, you’ll get the basics on managing your money and advice on: How to protect your money and information from scammers What to do if you think you sent money to a scammer or gave a scammer your personal information How to protect yourself from identity theft You’ll also find videos and free, one-page handouts to share with family, friends, and other groups you might be a part of — like your neighborhood association, church group, or clu",1078
94ed8afe80171b,2025-03-31,2025,3,FTC Consumer Advice - Consumer Alerts,"[""consumer_fraud"", ""crypto_fraud"", ""identity_fraud""]","{""urls"": [], ""domains"": [], ""emails"": [], ""phones"": [], ""ip_addresses"": [], ""crypto_wallets"": []}",Parents: Talking to your kids about text scams,https://consumer.ftc.gov/consumer-alerts/2025/03/parents-talking-your-kids-about-text-scams,"You’re not the only one getting scammy text messages about unpaid toll charges or issues with your Amazon account. Chances are your tweens and teens with phones are getting them, too. Sure, you can tell your kids to delete and never respond to unexpected texts. But if you want them to understand why, the FTC can help you make a game plan. The next scam text you get could be a great way to start a conversation about how text scams work. Scammers impersonate real companies and agencies in text messages. Their goal? Get you to give them information like your Social Security or credit card number. Let your kids know why never to click links in unexpected text messages: not only are people not always who they say they are online, but clicking could lead you to a website that tries to steal your data . Make sure they know that sharing personal or financial information could lead to bigger problems, like identity theft , losing your money, or scammers getting access to your accounts. Help kids know how to delete and report junk text messages on their phones. To turn it into a game, ask kids to show you the message first and explain how they knew it was a scam. Here’s your answer key — one point each time they correctly spot a scam : Scammers might pretend to be someone from school or a well-known business. Scammers say there’s a problem or prize to get you to respond. Not sure that problem or prize is real? Get help from a parent or trusted adult. Scammers use pressure so you don’t have time to think. Slow down. Scammers tell you to pay with cash, a gift card , wire transfer , cryptocurrency , or payment app . Paying in these ways makes it hard to get your money back. Once your kid earns enough points, come up with a special treat to celebrate. Learn more about spam text messages at ftc.gov/textscams . Image","You’re not the only one getting scammy text messages about unpaid toll charges or issues with your Amazon account. Chances are your tweens and teens with phones are getting them, too. Sure, you can tell your kids to delete and never respond to unexpected texts. But if you want them to understand why, the FTC can help you make a game plan. The next scam text you get could be a great way to start a conversation about how text scams work. Scammers impersonate real companies and agencies in text messages. Their goal? Get you to give them information like your Social Security or credit card number. Let your kids know why never to click links in unexpected text messages: not only are people not always who they say they are online, but clicking could lead you to a website that tries to steal your data . Make sure they know that sharing personal or financial information could lead to bigger problems, like identity theft , losing your money, or scammers getting access to your accounts. Help kid",1832
de2914552ce250,2025-03-26,2025,3,FTC Consumer Advice - Consumer Alerts,"[""consumer_fraud""]","{""urls"": [], ""domains"": [], ""emails"": [], ""phones"": [], ""ip_addresses"": [], ""crypto_wallets"": []}",Getting the word out about FTC imposter scams,https://consumer.ftc.gov/consumer-alerts/2025/03/getting-word-out-about-ftc-imposter-scams,"Using old tactics and new twists, scammers are impersonating government agencies, including the FTC, to try to steal people’s personal information and money. The FTC is committed to combatting these imposter scams, and there’s encouraging news these efforts are making a difference to American consumers. Every day, we’re working to increase awareness about FTC imposter scams by giving people practical information when and where they need it — like the FTC’s anatomy of an imposter scam blog series . We take it seriously when scammers claim that the Chairman of the FTC is on the line to help you get out of a bind or that you’re being charged with serious crimes. No one at the FTC will call, email, or text you to say any of those things. That’s why you’ll find clear warnings across the FTC’s website, on our homepage, on the bio pages for FTC commissioners and officials: The FTC will never demand money, make threats, tell you to transfer money, or promise you a prize. If you have been targeted by an illegal business practice or scam, report it. These warnings are getting noticed and making a difference, but you don’t have to take our word for it. Listen to people who — in the middle of a conversation with a scammer pretending to be from the FTC — stopped and searched for the FTC online. They found our advice just in time to hang up and report it to the FTC: “I googled FTC and found out [the call about a prize was] a scam, so I am reporting it!!” “I checked the FTC website and discovered the FTC will not ask you to withdraw money during an investigation.” We’re also witnessing the role that technology can play in amplifying these messages. Through the power of AI, search engines are now highlighting FTC advice at the top of their results pages. And popular chatbots are answering questions like, “Will the FTC text me?” and “Will the FTC threaten me?” with answers straight from the FTC: no, the FTC will not text or threaten you. That’s a scam. While these developments are encouraging, too many people are still losing money to government imposters. There’s more work to be done and the FTC is on the case. But here’s how you can help, too. Talk about these scams. Help the people you care about know how to slow down, check it out, and stop before they pay a scammer. Read and share How To Avoid Imposter Scams . Help a friend sign up to get Consumer Alerts just like this one. And encourage people to report imposter scams at ReportFraud.ftc.gov . Search Terms scam Scams FTC Impersonators Government Impersonators Related Items How To Avoid Imposter Scams","Using old tactics and new twists, scammers are impersonating government agencies, including the FTC, to try to steal people’s personal information and money. The FTC is committed to combatting these imposter scams, and there’s encouraging news these efforts are making a difference to American consumers. Every day, we’re working to increase awareness about FTC imposter scams by giving people practical information when and where they need it — like the FTC’s anatomy of an imposter scam blog series . We take it seriously when scammers claim that the Chairman of the FTC is on the line to help you get out of a bind or that you’re being charged with serious crimes. No one at the FTC will call, email, or text you to say any of those things. That’s why you’ll find clear warnings across the FTC’s website, on our homepage, on the bio pages for FTC commissioners and officials: The FTC will never demand money, make threats, tell you to transfer money, or promise you a prize. If you have been targe",2584
f67e9ed6b6790d,2025-03-19,2025,3,FTC Consumer Advice - Consumer Alerts,"[""consumer_fraud"", ""crypto_fraud""]","{""urls"": [], ""domains"": [], ""emails"": [], ""phones"": [], ""ip_addresses"": [], ""crypto_wallets"": []}",Asked to pay to claim a million-dollar prize? Don’t bet on it,https://consumer.ftc.gov/consumer-alerts/2025/03/asked-pay-claim-million-dollar-prize-dont-bet-it,"Scammers sometimes make you think you’ve hit a stroke of good luck. But if your million-dollar cash prize letter comes with instructions to pay a small fee — maybe for taxes, reporting, or handling — it’s not luck. It’s a scam. If you pay, you’ll lose your money and find out there’s no prize. Can you spot a prize scam? Scammers use the promise of a prize to steal your money or your personal information . They might say they’re from a well-known company like Publishers Clearing House and call, text, email, or message you on social media to say you’re eligible for prize money. But they’ll say you have to send them money first — maybe to pay a fee to release unclaimed money, for example. No real company will make you pay to claim a prize. Only a scammer will. Before responding, slow down and ask yourself these questions: What do others say? Search online and see what you find about the contest or company. Type the name with terms like “review,” “complaint,” or “scam.” Did anyone else get this message? While you’re checking online, see if others report getting the same message. If you got the offer by mail, look at the postmark on the envelope or postcard. A bulk rate means other people got the same offer. Did they ask me to pay or give sensitive personal information? If so, it’s a scam. There’s no reason to give your bank account or Social Security number to claim a prize. And only a scammer will insist you pay by wiring money through a company like Western Union or MoneyGram, using a payment app like Apple Pay, CashApp, PayPal, or Zelle, sending cash, or paying with gift cards or cryptocurrency to get your prize. Share this alert with family and friends to help them avoid prize scams too. If you spot one, tell the FTC at ReportFraud.ftc.gov . Scams Prize and Grant Scams","Scammers sometimes make you think you’ve hit a stroke of good luck. But if your million-dollar cash prize letter comes with instructions to pay a small fee — maybe for taxes, reporting, or handling — it’s not luck. It’s a scam. If you pay, you’ll lose your money and find out there’s no prize. Can you spot a prize scam? Scammers use the promise of a prize to steal your money or your personal information . They might say they’re from a well-known company like Publishers Clearing House and call, text, email, or message you on social media to say you’re eligible for prize money. But they’ll say you have to send them money first — maybe to pay a fee to release unclaimed money, for example. No real company will make you pay to claim a prize. Only a scammer will. Before responding, slow down and ask yourself these questions: What do others say? Search online and see what you find about the contest or company. Type the name with terms like “review,” “complaint,” or “scam.” Did anyone else get ",1798
4b3324bd6974b4,2025-03-13,2025,3,FTC Consumer Advice - Consumer Alerts,"[""consumer_fraud"", ""crypto_fraud""]","{""urls"": [], ""domains"": [], ""emails"": [], ""phones"": [], ""ip_addresses"": [], ""crypto_wallets"": []}",What are the signs of a scam?,https://consumer.ftc.gov/consumer-alerts/2025/03/what-are-signs-scam,"Scammers tell all kinds of stories to try to get your money or information. They might call, pretend to be from a government agency, and say you owe a fine. Or they may pose as a friend or love interest online who supposedly needs money for an emergency. A scammer might offer you a (fake) job, but say you need to pay a fee before you get hired. Or they might tell a different lie. Though the details might change, scams usually have some things in common . And knowing what they are can help you recognize — and then avoid — scams that come your way. Scammers contact you unexpectedly. Don’t respond to unexpected calls, emails, texts, or social media messages that ask for money or personal information. If you’re not sure if a call or message is real, reach out to the business, organization, or person — even if they’re claiming to be a friend or relative — using contact information you looked up yourself and know to be true. Scammers tell you to hurry. They don’t want you to have time to think or to check out their story. So slow down. Talk to someone you trust. Scammers tell you to pay — and HOW to pay . Don’t pay anyone who contacts you out of the blue and insists you can only pay with cash, a gift card, a wire transfer, cryptocurrency, or a payment app. Scammers want you to pay these ways because once you do, it’s hard to track and hard to get your money back. If you’ve lost money to a scam , reach out to the company you used to send the money right away and see if there’s a way to get it back. Then report the scammer at ReportFraud.ftc.gov . Find more information about protecting your money and personal information from scammers at consumer.gov . Image","Scammers tell all kinds of stories to try to get your money or information. They might call, pretend to be from a government agency, and say you owe a fine. Or they may pose as a friend or love interest online who supposedly needs money for an emergency. A scammer might offer you a (fake) job, but say you need to pay a fee before you get hired. Or they might tell a different lie. Though the details might change, scams usually have some things in common . And knowing what they are can help you recognize — and then avoid — scams that come your way. Scammers contact you unexpectedly. Don’t respond to unexpected calls, emails, texts, or social media messages that ask for money or personal information. If you’re not sure if a call or message is real, reach out to the business, organization, or person — even if they’re claiming to be a friend or relative — using contact information you looked up yourself and know to be true. Scammers tell you to hurry. They don’t want you to have time to thi",1678
e8acf7a75f08ea,2025-03-10,2025,3,FTC Consumer Advice - Consumer Alerts,"[""consumer_fraud"", ""crypto_fraud""]","{""urls"": [], ""domains"": [], ""emails"": [], ""phones"": [], ""ip_addresses"": [], ""crypto_wallets"": []}",Top scams of 2024,https://consumer.ftc.gov/consumer-alerts/2025/03/top-scams-2024,"Did you or someone you know report a scam to the FTC in 2024? Thank you! Those reports help the FTC bring enforcement cases and educate people about scams. Let’s jump into the top 2024 scams. The headline is this: even though the number of fraud reports is roughly the same as last year, more people lost a lot more money to fraud. One in three people who reported fraud said they lost money (up from one in four last year), adding up to $12.5 billion (up $2.5 billion from 2023). People lost over $3 billion to scams that started online, compared to approximately $1.9 billion lost to more “traditional” contact methods like calls, texts, or emails. However, people lost more money per person (a median of $1,500) when they interacted with scammers on the phone. And, once again, imposter scams topped the list of scams reported. Here are some other things to know: The biggest scam losses happened by bank transfer or payment. Among all payment methods, people reported losing more money through a bank transfer or payment ($2 billion), followed by cryptocurrency at $1.4 billion. Investment scams led to big losses. A majority (79%) of people who reported an investment-related scam lost money, with a median loss of over $9,000. The $5.7 billion losses in this category are up about $1 billion from last year. People reported losing money more often when contacted through social media. Most people (70%) reported a loss when contacted on a social media platform — and lost more money overall ($1.9 billion). Job scams and fake employment agency losses jumped — a lot. Between 2020-2024, reports nearly tripled and losses grew from $90 million to $501 million. Younger people lost money more often. People aged 20-29 reported losing money more often than people 70+. But when older adults lost money, they lost far more than any other age group . The biggest takeaway? Your reports make a difference. If you see a fraud or scam, the FTC wants to hear about it: go to ReportFraud.ftc.gov . Check out the graphic for the top scams of 2024 below. Read the 2024 Data Book for more details and to learn what happened in your state . Image Scams All Scams Job Scams Money-Making Opportunity Scams Avoiding and Reporting Scams Business Impersonators Government Impersonators IRS Impersonators Medicare Impersonators Social Security Impersonators Phone Scams","Did you or someone you know report a scam to the FTC in 2024? Thank you! Those reports help the FTC bring enforcement cases and educate people about scams. Let’s jump into the top 2024 scams. The headline is this: even though the number of fraud reports is roughly the same as last year, more people lost a lot more money to fraud. One in three people who reported fraud said they lost money (up from one in four last year), adding up to $12.5 billion (up $2.5 billion from 2023). People lost over $3 billion to scams that started online, compared to approximately $1.9 billion lost to more “traditional” contact methods like calls, texts, or emails. However, people lost more money per person (a median of $1,500) when they interacted with scammers on the phone. And, once again, imposter scams topped the list of scams reported. Here are some other things to know: The biggest scam losses happened by bank transfer or payment. Among all payment methods, people reported losing more money through a ",2354
910c75f1c0c39f,2025-03-07,2025,3,FTC Consumer Advice - Consumer Alerts,"[""consumer_fraud"", ""crypto_fraud""]","{""urls"": [], ""domains"": [], ""emails"": [], ""phones"": [], ""ip_addresses"": [], ""crypto_wallets"": []}",That call or email saying you missed jury duty and need to pay? It’s a scam,https://consumer.ftc.gov/consumer-alerts/2025/03/call-or-email-saying-you-missed-jury-duty-need-pay-its-scam,"If you’ve been summoned for jury duty, you know there are serious consequences for missing it — like fines, court appointments, or even jail time. Scammers know this too, and they’re calling and emailing to scare you into thinking you’ve missed jury duty and need to pay. It’s a scam. Learn how the scam works so you can avoid it. You get an “urgent” call or email out of the blue from someone claiming to be a U.S. Marshal or a police officer. They say you missed jury duty and you’ll be arrested unless you pay them now. Only you never got a summons and you know this isn’t how the courts work. This is a scammer trying to steal your money, and if you give them information like your Social Security number or date of birth, they could try to steal your identity . Here’s how you know it’s a scam. Courts never ask you to pay over the phone. In fact, no government agency will do that. Only scammers insist that you can only pay with gift cards , a payment app , cryptocurrency , or a wire transfer service like Western Union or MoneyGram. Courts never ask potential jurors for sensitive information over the phone, like your Social Security number or birthdate. Only scammers do. If you get a call or email like this, don’t respond. Don’t pay or give them any personal information. If you think a call or email could be real, check the court’s website for jury duty information or call the court directly at a number you know is correct. Already paid or gave your information to a scammer? Read What To Do if You Were Scammed to find out what to do next. And tell the FTC at ReportFraud.ftc.gov . Image","If you’ve been summoned for jury duty, you know there are serious consequences for missing it — like fines, court appointments, or even jail time. Scammers know this too, and they’re calling and emailing to scare you into thinking you’ve missed jury duty and need to pay. It’s a scam. Learn how the scam works so you can avoid it. You get an “urgent” call or email out of the blue from someone claiming to be a U.S. Marshal or a police officer. They say you missed jury duty and you’ll be arrested unless you pay them now. Only you never got a summons and you know this isn’t how the courts work. This is a scammer trying to steal your money, and if you give them information like your Social Security number or date of birth, they could try to steal your identity . Here’s how you know it’s a scam. Courts never ask you to pay over the phone. In fact, no government agency will do that. Only scammers insist that you can only pay with gift cards , a payment app , cryptocurrency , or a wire transfer",1605
b819db61e6ae5d,2025-03-03,2025,3,FTC Consumer Advice - Consumer Alerts,"[""consumer_fraud""]","{""urls"": [], ""domains"": [], ""emails"": [], ""phones"": [], ""ip_addresses"": [], ""crypto_wallets"": []}",Welcome to NCPW 2025,https://consumer.ftc.gov/consumer-alerts/2025/02/welcome-ncpw-2025,"Today marks the start of National Consumer Protection Week (NCPW), a time of year when the FTC and its local, state, and federal partners focus on empowering consumers with free consumer protection resources. Experience says that one of the best ways to avoid a scam is to talk about it, so read on for ideas on how to start that conversation. In the Bureau of Consumer Protection (BCP), talented staff work to investigate fraud and shut down scams through law enforcement actions. Those actions are often based on the experiences consumers share at ReportFraud.ftc.gov . And people know how to spot and report scams because of the BCP team’s outreach — not only about the lessons learned from cases, but also about the warning signs of many kinds of scams. This kind of knowledge is power, giving you the tools to navigate the marketplace, make sound financial decisions, and spot, avoid, and report bad actors. During NCPW this week, consumer protection agencies, law enforcement, and the media will talk about how to spot and avoid imposters , unwanted calls , and other types of fraud . But people are far more likely to trust these messages and take them to heart when they come from a neighbor, friend, or family member. So, during NCPW and all year round, make a real difference to the people you care about: Share information on avoiding scams and consumer protection basics like how to make a budget and check your credit report for free Order free publications to pass out in your community Watch FTC videos and share them with friends on social media Sign up for Consumer Alerts and ask a friend to sign up, too Ready to do more? At ftc.gov/NCPW , you’ll find tools to promote NCPW and events to join.","Today marks the start of National Consumer Protection Week (NCPW), a time of year when the FTC and its local, state, and federal partners focus on empowering consumers with free consumer protection resources. Experience says that one of the best ways to avoid a scam is to talk about it, so read on for ideas on how to start that conversation. In the Bureau of Consumer Protection (BCP), talented staff work to investigate fraud and shut down scams through law enforcement actions. Those actions are often based on the experiences consumers share at ReportFraud.ftc.gov . And people know how to spot and report scams because of the BCP team’s outreach — not only about the lessons learned from cases, but also about the warning signs of many kinds of scams. This kind of knowledge is power, giving you the tools to navigate the marketplace, make sound financial decisions, and spot, avoid, and report bad actors. During NCPW this week, consumer protection agencies, law enforcement, and the media wil",1712
c712041c71ce6b,2025-02-27,2025,2,FTC Consumer Advice - Consumer Alerts,"[""consumer_fraud"", ""crypto_fraud""]","{""urls"": [], ""domains"": [], ""emails"": [], ""phones"": [], ""ip_addresses"": [], ""crypto_wallets"": []}",Fake check scam targets online car sellers,https://consumer.ftc.gov/consumer-alerts/2025/02/fake-check-scam-targets-online-car-sellers,"Are you selling a car online? If so, know that scammers may target you. They’ll pretend to be a buyer and try to trick you into sending them money. Here’s how the scam works. It starts with a message from someone who says they’re interested in buying your car. They say they aren’t local and can’t look at it in person. Next, they’ll send you a check as a deposit to hold the car. But the check they send is for more than you expected. The “buyer” says they “accidentally” overpaid and asks you to send the extra money back. But if you do, the buyer and the money will be gone because every bit of this was a lie. The fake check looks real, and the funds may even show up in your bank account after you deposit it. But it can take the bank weeks to figure out that the check was fake — and when they do, they’ll take the money back. So if you sent money to the scammer, you’ll have to repay the bank, too. Here’s what to know: Don’t accept a check for more than the selling price. If someone sends you a check for more than the selling price and asks you to send money back to them, it’s a scam. Never send money to anyone who says they overpaid you by check . Never use money from a check to send gift cards , money orders, cryptocurrency or to wire money to anyone who asks you to. Once you do, it’s like you’ve given them cash. It’s hard to get it back. Consider using an escrow or online payment service when you sell a car online. Read How To Spot, Avoid, and Report Fake Check Scams for more. If you spot a fake check scam, tell the FTC at ReportFraud.ftc.gov . And if you think you’ve paid a scammer, here's what to do .","Are you selling a car online? If so, know that scammers may target you. They’ll pretend to be a buyer and try to trick you into sending them money. Here’s how the scam works. It starts with a message from someone who says they’re interested in buying your car. They say they aren’t local and can’t look at it in person. Next, they’ll send you a check as a deposit to hold the car. But the check they send is for more than you expected. The “buyer” says they “accidentally” overpaid and asks you to send the extra money back. But if you do, the buyer and the money will be gone because every bit of this was a lie. The fake check looks real, and the funds may even show up in your bank account after you deposit it. But it can take the bank weeks to figure out that the check was fake — and when they do, they’ll take the money back. So if you sent money to the scammer, you’ll have to repay the bank, too. Here’s what to know: Don’t accept a check for more than the selling price. If someone sends yo",1627
3b769633f885e7,2025-02-26,2025,2,FTC Consumer Advice - Consumer Alerts,"[""consumer_fraud""]","{""urls"": [], ""domains"": [], ""emails"": [], ""phones"": [], ""ip_addresses"": [], ""crypto_wallets"": []}","Sign over a portion of your VA benefits? Nope, that’s a scam",https://consumer.ftc.gov/consumer-alerts/2025/02/sign-over-portion-your-va-benefits-nope-thats-scam,"Whether you served for four, ten, or twenty years, veterans pension and disability benefits might be an important — often essential — part of your life after the military. That’s why scammers call, email, or message to “help” you apply for them. But what they’re really after is your money. These “advisors” make promises they can’t keep and charge filing fees for services that are always free through the Department of Veterans Affairs (VA). Spot scams during the VA benefits claims process to avoid them. Scammers mask their schemes in offers to help . That might look like an email saying you’re missing out on some of your benefits and an offer to help you apply for them (for a fee, of course). But that’s a scam. Ignore that email. Some scammers charge fees for fake services like speeding up the claims process or guaranteeing you a 100% disability rating, but only the VA can determine eligibility and award benefits and services. There’s no speeding up the process, and there are no guarantees. If someone pressures you to sign over a portion of your VA benefits as payment for their help applying, say no. That’s a scam. VA accredited attorneys, claims agents, and Veterans Service Organization (VSO) representatives will help you apply for free . Skip the scams and go straight to the source — the VA. Here’s what to do: Apply directly to VA . They’ll help you gather and develop evidence to support your initial claim for VA benefits — for free. Need help? Only work with a VA accredited representative. Use the VA Accreditation Search tool to confirm that the person helping you is approved by the VA. Take your time. Scammers pressure you to act fast. Slow down. Read all papers and contracts before signing anything. If you spot a scam to steal veterans’ benefits, tell the FTC at ReportFraud.ftc.gov . Then, tell your state attorney general .","Whether you served for four, ten, or twenty years, veterans pension and disability benefits might be an important — often essential — part of your life after the military. That’s why scammers call, email, or message to “help” you apply for them. But what they’re really after is your money. These “advisors” make promises they can’t keep and charge filing fees for services that are always free through the Department of Veterans Affairs (VA). Spot scams during the VA benefits claims process to avoid them. Scammers mask their schemes in offers to help . That might look like an email saying you’re missing out on some of your benefits and an offer to help you apply for them (for a fee, of course). But that’s a scam. Ignore that email. Some scammers charge fees for fake services like speeding up the claims process or guaranteeing you a 100% disability rating, but only the VA can determine eligibility and award benefits and services. There’s no speeding up the process, and there are no guarant",1859
f1527e7b04f24e,2025-02-20,2025,2,FTC Consumer Advice - Consumer Alerts,"[""identity_fraud""]","{""urls"": [], ""domains"": [], ""emails"": [], ""phones"": [], ""ip_addresses"": [], ""crypto_wallets"": []}",Did someone use your SSN to file taxes? Here’s what to do,https://consumer.ftc.gov/consumer-alerts/2025/02/did-someone-use-your-ssn-file-taxes-heres-what-do,"If you’re filing your taxes online this year, watch for signs of tax identity theft, like someone using your Social Security number (SSN) to file and claim a tax refund. One way you’ll know is if the IRS rejects your tax return once you file. Learn to protect yourself while filing online and what to do if someone steals your tax refund. If you use tax preparation software like TurboTax, H&R Block, TaxAct, or TaxSlayer, protect your accounts by using two-factor authentication . Requiring two or more credentials to log in makes it harder for scammers to get into your account, even if they get your username and password. And always file early, if you can — before anyone else files using your personal information. But even if you’re careful, someone might still use your SSN to steal your refund . Now, if the IRS rejects the tax return you submitted online or through a tax preparer, it could just mean missing or incorrect information. But if the IRS says there’s more than one tax return filed in your name or they see income from an employer you know you don’t work for, that’s identity theft. Don’t panic — but do act quickly to communicate with the IRS. Here’s how: Report it to IdentityTheft.gov using as many details as possible. The site will create an FTC Identity Theft Report, an IRS Identity Theft Affidavit, and a personal recovery plan. Submit your IRS Identity Theft Affidavit through IdentityTheft.gov. This tells the IRS to begin investigating your case. Or get the Identity Theft Affidavit (IRS Form 14039) and submit it by mail. Follow the steps in your personal recovery plan — like freezing your credit and checking your credit reports — to limit the damage identity theft causes. Share IdentityTheft.gov/Steps with friends and loved ones to help them protect their personal information and stay ahead of identity thieves. Search Terms tax identity theft","If you’re filing your taxes online this year, watch for signs of tax identity theft, like someone using your Social Security number (SSN) to file and claim a tax refund. One way you’ll know is if the IRS rejects your tax return once you file. Learn to protect yourself while filing online and what to do if someone steals your tax refund. If you use tax preparation software like TurboTax, H&R Block, TaxAct, or TaxSlayer, protect your accounts by using two-factor authentication . Requiring two or more credentials to log in makes it harder for scammers to get into your account, even if they get your username and password. And always file early, if you can — before anyone else files using your personal information. But even if you’re careful, someone might still use your SSN to steal your refund . Now, if the IRS rejects the tax return you submitted online or through a tax preparer, it could just mean missing or incorrect information. But if the IRS says there’s more than one tax return fil",1882
8455376c3915fb,2025-02-14,2025,2,FTC Consumer Advice - Consumer Alerts,"[""consumer_fraud"", ""crypto_fraud""]","{""urls"": [], ""domains"": [], ""emails"": [], ""phones"": [], ""ip_addresses"": [], ""crypto_wallets"": []}",Looking for love? Watch out for scammers,https://consumer.ftc.gov/consumer-alerts/2025/02/looking-love-watch-out-scammers,"Thinking of trying your luck with an online dating app, or getting to know someone you’ve met on social media? Before you do, make sure you know how to spot a romance scammer. Here’s a typical romance scam : You meet someone on a site or app, and they want to move the conversation off the platform. You might talk or chat several times a day. But they can’t meet up. They might say they live far away, maybe for work or because they’re in the military. Eventually, they start asking for money — maybe for a plane ticket to visit you or emergency surgery. Or they might say they can help you invest your money in cryptocurrency or the stock market. It’s all a scam to get your money. Never send money or gifts to a love interest you haven’t met in person. If you suspect a romance scam: Talk to someone you trust. Do your friends or family say they’re concerned about your new love interest? Search online for the type of job the person has plus the word “scammer.” Have other people posted similar stories? Do a reverse image search of the person’s profile picture. Is it associated with another name or with details that don’t match up? Tell the FTC about romance scams at ReportFraud.ftc.gov . Also notify the app or site where you met the scammer, too. If you paid a scammer, your money might be gone already. No matter how you paid, it’s always worth asking the company you used to send the money if there’s a way to get it back. Read What To Do if You Were Scammed to learn more. Image","Thinking of trying your luck with an online dating app, or getting to know someone you’ve met on social media? Before you do, make sure you know how to spot a romance scammer. Here’s a typical romance scam : You meet someone on a site or app, and they want to move the conversation off the platform. You might talk or chat several times a day. But they can’t meet up. They might say they live far away, maybe for work or because they’re in the military. Eventually, they start asking for money — maybe for a plane ticket to visit you or emergency surgery. Or they might say they can help you invest your money in cryptocurrency or the stock market. It’s all a scam to get your money. Never send money or gifts to a love interest you haven’t met in person. If you suspect a romance scam: Talk to someone you trust. Do your friends or family say they’re concerned about your new love interest? Search online for the type of job the person has plus the word “scammer.” Have other people posted similar s",1491
583e6383cba7de,2025-02-12,2025,2,FTC Consumer Advice - Consumer Alerts,"[""other""]","{""urls"": [], ""domains"": [], ""emails"": [], ""phones"": [], ""ip_addresses"": [], ""crypto_wallets"": []}",Tax season 2025: where to find help,https://consumer.ftc.gov/consumer-alerts/2025/02/tax-season-2025-where-find-help,"Tax season is here and people have questions. Where to file? How to file? Can I file online? For free? For those answers, always start with the official IRS website at irs.gov . Looking for tax preparation and filing services? Here’s what to do. Check out free options to file your taxes offered by the IRS . If you live in one of the 25 eligible states , you may be able to use the IRS’s Direct File program to file your federal taxes directly with the IRS. Direct File is free in those states and the software will guide you through completing your federal tax return. If your 2024 adjusted gross income was $84,000 or less , you qualify for the IRS Free File program , a free guided tax preparation software for your federal taxes. Use this tool to find which free software is available to you, based on your income and situation. Depending on your income and which IRS partner site you use, you might be able to prepare and file your state taxes for free too. Use the IRS Free File Fillable Forms if your 2024 adjusted gross income was more than $84,000 . But these forms are an online version of the IRS paper forms, so you won’t get guided software. For your state tax return, go to the website for your state’s tax agency . Check out MilTax if you’re a servicemember or veteran . If your income is too high for the IRS Free File Program, there’s another free option for you. There’s no income limit for the Department of Defense’s free filing program, but there are some eligibility requirements . Look into the details . If a company advertises free tax preparation services, ask what qualifications you’ll have to meet for it to be free. Do you qualify?","Tax season is here and people have questions. Where to file? How to file? Can I file online? For free? For those answers, always start with the official IRS website at irs.gov . Looking for tax preparation and filing services? Here’s what to do. Check out free options to file your taxes offered by the IRS . If you live in one of the 25 eligible states , you may be able to use the IRS’s Direct File program to file your federal taxes directly with the IRS. Direct File is free in those states and the software will guide you through completing your federal tax return. If your 2024 adjusted gross income was $84,000 or less , you qualify for the IRS Free File program , a free guided tax preparation software for your federal taxes. Use this tool to find which free software is available to you, based on your income and situation. Depending on your income and which IRS partner site you use, you might be able to prepare and file your state taxes for free too. Use the IRS Free File Fillable Forms",1662
299af379ad44d5,2025-02-11,2025,2,FTC Consumer Advice - Consumer Alerts,"[""other""]","{""urls"": [], ""domains"": [], ""emails"": [], ""phones"": [], ""ip_addresses"": [], ""crypto_wallets"": []}",Have a problem with something you bought?,https://consumer.ftc.gov/consumer-alerts/2025/02/have-problem-something-you-bought,"The holiday shopping season is over, but the issues you’re having with a product might not be. Here’s what to do about it. Disappointed by a product or service? It’s a good idea to go back to the store or website first to try to resolve your problem. Be ready with receipts and any documentation that might be helpful. If you can’t find help at the store or site, use this sample complaint letter , which you can tailor to your situation. In addition to explaining the problem, you’ll want to also tell the business what you’re looking for — like a refund, repair, exchange, or store credit. Then send your letter to the business. For more information on filing complaints about specific types of products, steps to filing a complaint with a seller or manufacturer, or links to product recall information, go to USA.gov/complaints . If you think a business has been dishonest, contact your state attorney general or consumer protection office . Tell the FTC, too, at ReportFraud.ftc.gov . The FTC doesn't resolve individual reports, but your report helps law enforcement detect patterns and may lead to an investigation. Read Solving Problems With a Business: Returns, Refunds, and Other Resolutions for more. Note: This blog was updated February 21, 2025 to update language and add clarification.","The holiday shopping season is over, but the issues you’re having with a product might not be. Here’s what to do about it. Disappointed by a product or service? It’s a good idea to go back to the store or website first to try to resolve your problem. Be ready with receipts and any documentation that might be helpful. If you can’t find help at the store or site, use this sample complaint letter , which you can tailor to your situation. In addition to explaining the problem, you’ll want to also tell the business what you’re looking for — like a refund, repair, exchange, or store credit. Then send your letter to the business. For more information on filing complaints about specific types of products, steps to filing a complaint with a seller or manufacturer, or links to product recall information, go to USA.gov/complaints . If you think a business has been dishonest, contact your state attorney general or consumer protection office . Tell the FTC, too, at ReportFraud.ftc.gov . The FTC doe",1297
a20304f2659dd5,2025-02-07,2025,2,FTC Consumer Advice - Consumer Alerts,"[""consumer_fraud""]","{""urls"": [], ""domains"": [], ""emails"": [], ""phones"": [], ""ip_addresses"": [], ""crypto_wallets"": []}",Four ways to avoid scams after a weather-related disaster,https://consumer.ftc.gov/consumer-alerts/2025/01/four-ways-avoid-scams-after-weather-related-disaster,"Whenever severe weather strikes — blizzards, heavy winds, or the recent devastating fires in Los Angeles — you can bet scammers are following the news to target people affected. So, how do you protect yourself against weather-related scams? Weather-related disasters mean big bucks for scammers. They’ll appear right after an emergency and offer to get your power back on, make essential repairs, or help with whatever you need. But if you pay them, they’ll take your money and disappear, charge you for things you don’t need, or leave before completing the work you paid them to do. It’s hard to anticipate the damage a weather emergency can cause. Here are four ways to avoid the weather-related scams. Spot utility imposter scams . Utility imposters work year-round, but after a weather emergency, they might call or knock on your door saying they need to repair or replace equipment. Then they’ll ask you to pay. Don’t give them money. But do ask for identification and verify who you’re dealing with. Hire only contractors who are licensed and insured . Check with your state or county government to confirm a contractor’s license. Ask the contractor for proof of insurance and get a written contract. Never pay for repairs or debris removal in cash . Paying by credit card offers you some protections. And only pay in full after the work is done and you’re satisfied with it. Read about other weather-related scams at ftc.gov/WeatherEmergencies . Then share the information with friends and family to help them avoid losing money, too. Suspect a scam? Tell the FTC at ReportFraud.ftc.gov .","Whenever severe weather strikes — blizzards, heavy winds, or the recent devastating fires in Los Angeles — you can bet scammers are following the news to target people affected. So, how do you protect yourself against weather-related scams? Weather-related disasters mean big bucks for scammers. They’ll appear right after an emergency and offer to get your power back on, make essential repairs, or help with whatever you need. But if you pay them, they’ll take your money and disappear, charge you for things you don’t need, or leave before completing the work you paid them to do. It’s hard to anticipate the damage a weather emergency can cause. Here are four ways to avoid the weather-related scams. Spot utility imposter scams . Utility imposters work year-round, but after a weather emergency, they might call or knock on your door saying they need to repair or replace equipment. Then they’ll ask you to pay. Don’t give them money. But do ask for identification and verify who you’re dealing ",1595
7873d8cb00587c,2025-02-05,2025,2,FTC Consumer Advice - Consumer Alerts,"[""other""]","{""urls"": [], ""domains"": [], ""emails"": [], ""phones"": [], ""ip_addresses"": [], ""crypto_wallets"": []}",Some things to know this Medicare Advantage Open Enrollment Period,https://consumer.ftc.gov/consumer-alerts/2025/01/some-things-know-medicare-advantage-open-enrollment-period,"Enrolled in a Medicare Advantage plan you’re not sure is right for you? You can make changes to your health and prescription drug coverage during the Medicare Advantage open enrollment period, which started January 1 and runs through March 31, 2025. As a reminder, Medicare Advantage (MA) plans are offered by private companies. They can differ from original Medicare — and from each other — when it comes to key things like in-network coverage, out of pocket costs, and referral policies for specialists. During Medicare Advantage open enrollment, you’re able to switch from your current MA plan to another MA plan. You can also drop your MA plan, return to original Medicare, and join a separate Medicare drug plan. Here are some things to keep in mind if you’re reviewing and comparing your coverage options: Confirm what you’re really getting . If you’re thinking about switching to another MA plan, don’t just take an ad, agent, or broker’s word for it when it comes to the details. Call the plan directly, check its website, or call 1-800-MEDICARE: Will your primary doctor, or other doctors you see, be in-network? Will your costs (including copayments) change? Will your prescriptions be covered? Will you need prior authorizations to get the care you need? Keep records . If you talked to an agent or broker about a plan and what it covers, keep track of who you talked to, when you talked, and what they told you. Ask for a written description of the plan’s terms so you can review them later. Get help comparing Medicare costs, coverage, and plans. For local help, contact the State Health Insurance Assistance Program ( SHIP ) in your U.S. state or territory. And, as always, find unbiased information about your coverage options at Medicare.gov and 1-800-MEDICARE. If you think you made the wrong plan choice because an agent, broker, or ad gave you misleading information, call 1-800-MEDICARE. Tell them what happened and they’ll share what options you have. Then tell the FTC: ReportFraud.ftc.gov .","Enrolled in a Medicare Advantage plan you’re not sure is right for you? You can make changes to your health and prescription drug coverage during the Medicare Advantage open enrollment period, which started January 1 and runs through March 31, 2025. As a reminder, Medicare Advantage (MA) plans are offered by private companies. They can differ from original Medicare — and from each other — when it comes to key things like in-network coverage, out of pocket costs, and referral policies for specialists. During Medicare Advantage open enrollment, you’re able to switch from your current MA plan to another MA plan. You can also drop your MA plan, return to original Medicare, and join a separate Medicare drug plan. Here are some things to keep in mind if you’re reviewing and comparing your coverage options: Confirm what you’re really getting . If you’re thinking about switching to another MA plan, don’t just take an ad, agent, or broker’s word for it when it comes to the details. Call the pla",2013
8f3ceb101f364e,2025-02-03,2025,2,FTC Consumer Advice - Consumer Alerts,"[""consumer_fraud"", ""crypto_fraud""]","{""urls"": [], ""domains"": [], ""emails"": [], ""phones"": [], ""ip_addresses"": [], ""crypto_wallets"": []}","Scammers impersonate FTC officials, including Chairman Andrew Ferguson",https://consumer.ftc.gov/consumer-alerts/2025/02/scammers-impersonate-ftc-officials-including-chairman-andrew-ferguson,"Scammers lie and pretend to be someone they’re not to trick you into giving them money, access to your accounts, or your personal information. They pretend to be from a business you know or from a government agency — or both. In the latest twist on these constantly evolving schemes, scammers are claiming to be FTC Chairman Andrew Ferguson. The scam often starts with an unexpected call or message about a routine problem — like a suspicious purchase on your Amazon account , a virus on your computer , or an account breach . Then the scammer transfers you to someone they claim is with the government and can help with the problem. The fraudsters go to great lengths to gain your trust. Some make up government agency names that sound real but aren’t. Others impersonate real government agencies, including the FTC. Some scammers use made-up employee names and fake employee ID badges . While others have the nerve to use the names of real FTC officials, including Chairman Andrew Ferguson . No matter who they say they are, the helper does not work for the government, and they’re not there to help you. They’re in on the scam. The scammer lies and says you must move your money to protect it. Then they tell you to transfer money from your bank or retirement account to a supposedly secure account . Or to deposit it at a cryptocurrency ATM . The problem is the scammer controls those accounts and quickly steals your money. What to know Someone who really works at the FTC won’t tell you to move your money to protect it. They won’t tell you to deposit your money into a cryptocurrency ATM. And they won’t tell you to give cash or gold to someone they’ll send to pick it up. What to do If you get an unexpected call or message about a problem with one of your accounts and you think it could be real, verify the story. Contact your bank, broker, investment advisor, or credit card company by using the number you find on your account statement, or logging into your account. Don’t use contact information you got in the unexpected message or call. Report imposter scams and other attempts to steal your money or personal information to the FTC at ReportFraud.ftc.gov . Search Terms scam Scams FTC Impersonators Government Impersonators","Scammers lie and pretend to be someone they’re not to trick you into giving them money, access to your accounts, or your personal information. They pretend to be from a business you know or from a government agency — or both. In the latest twist on these constantly evolving schemes, scammers are claiming to be FTC Chairman Andrew Ferguson. The scam often starts with an unexpected call or message about a routine problem — like a suspicious purchase on your Amazon account , a virus on your computer , or an account breach . Then the scammer transfers you to someone they claim is with the government and can help with the problem. The fraudsters go to great lengths to gain your trust. Some make up government agency names that sound real but aren’t. Others impersonate real government agencies, including the FTC. Some scammers use made-up employee names and fake employee ID badges . While others have the nerve to use the names of real FTC officials, including Chairman Andrew Ferguson . No mat",2240
8703ebd442e94c,2025-01-31,2025,1,FTC Consumer Advice - Consumer Alerts,"[""cybercrime"", ""identity_fraud""]","{""urls"": [], ""domains"": [], ""emails"": [], ""phones"": [], ""ip_addresses"": [], ""crypto_wallets"": []}","Freezing? Maybe freeze your credit, too",https://consumer.ftc.gov/consumer-alerts/2025/01/freezing-maybe-freeze-your-credit-too,"New year, new chance to think about ways to protect yourself from identity theft. What’s one way? Freeze your credit. You don’t have to wait for your Social Security number or other information to be exposed in a data breach — or misused by an identity thief — to benefit from a credit freeze. Here’s how a credit freeze can protect you: it stops lenders from getting into your credit report. Because lenders usually won’t give you credit if they can’t review your credit report, a freeze can help stop would-be identity thieves from opening new accounts in your name. Some more things to know: Anyone can place a credit freeze, they’re free to place and lift, and they don’t affect your credit score. To place a credit freeze, contact all three credit bureaus: Equifax , Experian , and TransUnion . Credit freezes last until you lift them. So if someone needs to check your credit — like if you’re applying for a new credit card or a car loan — you’ll need to contact all three bureaus again. (Or if you know which bureau a lender will use, you can lift for only that one. For free.) You may have also heard about fraud alerts, which are another useful tool against identity theft. Learn about the difference between credit freezes and fraud alerts here . Finally, if you think someone’s stolen your identity, go to IdentityTheft.gov to report what happened and get an individualized recovery plan with next steps. Image","New year, new chance to think about ways to protect yourself from identity theft. What’s one way? Freeze your credit. You don’t have to wait for your Social Security number or other information to be exposed in a data breach — or misused by an identity thief — to benefit from a credit freeze. Here’s how a credit freeze can protect you: it stops lenders from getting into your credit report. Because lenders usually won’t give you credit if they can’t review your credit report, a freeze can help stop would-be identity thieves from opening new accounts in your name. Some more things to know: Anyone can place a credit freeze, they’re free to place and lift, and they don’t affect your credit score. To place a credit freeze, contact all three credit bureaus: Equifax , Experian , and TransUnion . Credit freezes last until you lift them. So if someone needs to check your credit — like if you’re applying for a new credit card or a car loan — you’ll need to contact all three bureaus again. (Or if",1421
517e4b7a2a3a43,2025-01-31,2025,1,FTC Consumer Advice - Consumer Alerts,"[""identity_fraud""]","{""urls"": [], ""domains"": [], ""emails"": [], ""phones"": [], ""ip_addresses"": [], ""crypto_wallets"": []}",Start planning for National Consumer Protection Week 2025,https://consumer.ftc.gov/consumer-alerts/2025/01/start-planning-national-consumer-protection-week-2025,"March is coming right up — which means National Consumer Protection Week (NCPW) isn’t far behind. This year, NCPW is March 2-8, 2025. Now’s the time to start planning. During NCPW, local, state, and national organizations, along with people like you, work together to share information about consumer issues and help people learn to spot, report, and avoid scams. Here are some ways to join in: Give out FTC materials . Order and share free resources on avoiding frauds and scams at Bulkorder.ftc.gov . Order by February 3 rd to ensure delivery in time for NCPW. Encourage your friends and family to report scams and identity theft to the FTC. Their reports can help the FTC and its law enforcement partners build cases that stop scams and alert others in their community about current fraud trends. Share FTC resources for every community. Find consumer protection basics for college students , a dedicated website for the military community , a campaign for older adults , and more. Check back for updates on upcoming NCPW events at ftc.gov/ncpw .","March is coming right up — which means National Consumer Protection Week (NCPW) isn’t far behind. This year, NCPW is March 2-8, 2025. Now’s the time to start planning. During NCPW, local, state, and national organizations, along with people like you, work together to share information about consumer issues and help people learn to spot, report, and avoid scams. Here are some ways to join in: Give out FTC materials . Order and share free resources on avoiding frauds and scams at Bulkorder.ftc.gov . Order by February 3 rd to ensure delivery in time for NCPW. Encourage your friends and family to report scams and identity theft to the FTC. Their reports can help the FTC and its law enforcement partners build cases that stop scams and alert others in their community about current fraud trends. Share FTC resources for every community. Find consumer protection basics for college students , a dedicated website for the military community , a campaign for older adults , and more. Check back for ",1049
a7f13f22f1b1ca,2025-01-27,2025,1,FTC Consumer Advice - Consumer Alerts,"[""identity_fraud""]","{""urls"": [], ""domains"": [], ""emails"": [], ""phones"": [], ""ip_addresses"": [], ""crypto_wallets"": []}",Join us for these upcoming Identity Theft Awareness Week events!,https://consumer.ftc.gov/consumer-alerts/2025/01/join-us-these-upcoming-identity-theft-awareness-week-events,"Today begins Identity Theft Awareness Week (IDTAW) 2025, and we hope you'll join us during some of the events planned for this week. IDTAW is an excellent opportunity to learn and talk about identity theft and raise awareness to help protect yourself, your family, and your friends. During IDTAW, the FTC and its partners work together to share information on what identity thieves want to steal and why, understand how identity theft happens, and learn how to avoid it. Identity theft can happen to anyone, but there are things you can do to reduce the chance that someone will steal your identity. This week, help spread the word about identity theft! Join one of the events listed below and at ftc.gov/IDTheftWeek Share social media images to engage others in the conversation (use the hashtags #IDTheftWeek and #IDTheft) View and share videos on identity theft with your community and network. Identity Theft Awareness Week events Monday, January 27 – 1 PM ET Webinar: The FTC and BBB Institute for Marketplace Trust discuss how scammers target military consumers, how to protect your personal and financial information and military benefits, and how to share what you know with others. Join here. Tuesday, January 28 Webinar – Recorded: The FTC and the U.S. Department of Veterans Affairs celebrate Identity Theft Awareness Week and Data Privacy Week in a discussion to help veterans spot and avoid the scams and fraud impacting veterans. Watch here. Wednesday, January 29 – 12 PM ET Webinar: The FTC and the Korean Community Service Center of Greater Washington discuss understanding and avoiding identity theft. This event will be in Korean. Join here. Thursday, January 30 Webinar – 12 PM ET: The FTC and the Social Security Administration discuss understanding and avoiding identity theft. Join here . Webinar – 2 PM ET: The FTC and the Social Security Administration discuss understanding and avoiding identity theft. This event will be in Spanish. Join here.","Today begins Identity Theft Awareness Week (IDTAW) 2025, and we hope you'll join us during some of the events planned for this week. IDTAW is an excellent opportunity to learn and talk about identity theft and raise awareness to help protect yourself, your family, and your friends. During IDTAW, the FTC and its partners work together to share information on what identity thieves want to steal and why, understand how identity theft happens, and learn how to avoid it. Identity theft can happen to anyone, but there are things you can do to reduce the chance that someone will steal your identity. This week, help spread the word about identity theft! Join one of the events listed below and at ftc.gov/IDTheftWeek Share social media images to engage others in the conversation (use the hashtags #IDTheftWeek and #IDTheft) View and share videos on identity theft with your community and network. Identity Theft Awareness Week events Monday, January 27 – 1 PM ET Webinar: The FTC and BBB Institute f",1969
049f669ceff370,2025-01-24,2025,1,FTC Consumer Advice - Consumer Alerts,"[""consumer_fraud"", ""cybercrime""]","{""urls"": [], ""domains"": [], ""emails"": [], ""phones"": [], ""ip_addresses"": [], ""crypto_wallets"": []}","Dealing with spam texts, emails, and junk mail",https://consumer.ftc.gov/consumer-alerts/2025/01/dealing-spam-texts-emails-junk-mail,"If it’s not scammers spamming your phone with texts or filling up your inbox with emails, it’s your mailbox crammed with ads and other mail you didn’t ask for. The junk messages and mail might seem endless, but there are some ways to help scale it back. Scammers send phishing texts and emails that look legit to trick you into giving them personal or financial information. Legit companies might send mail that you just don’t want — things like magazines, catalogs, or prescreened offers of credit and insurance . While these aren’t necessarily scams, they can pile up quickly. To help you cut down on spam texts and emails: Use filters. Check if your mobile phone has options to filter and block texts from unknown senders. Some call blocking apps can also help block unwanted messages. Many popular email providers (like Gmail or Yahoo Mail) have strong spam filters turned on by default. But if any spam gets into your inbox, mark it as spam or junk . Unsubscribe from unwanted emails. Getting fewer unwanted emails helps you avoid clicking on links that can lead to phishing attacks . Report unwanted messages. Unwanted messages often lead to scams. Report them. Use your phone’s “report junk” option or forward unwanted texts to 7726 (SPAM) and unwanted emails to your email provider . To help you cut down on junk mail: Register with DMAchoice.org to decide what types of mail you do and don’t want from marketers. Opt out of getting prescreened credit and insurance offers in the mail. You can choose to opt out for five years or permanently. Learn more about how to get fewer spam texts , emails , and junk mail . If you spot a scam, report it to the FTC at ReportFraud.ftc.gov . [Note: Edited January 28, 2025 to give the specific site to register mail preferences]","If it’s not scammers spamming your phone with texts or filling up your inbox with emails, it’s your mailbox crammed with ads and other mail you didn’t ask for. The junk messages and mail might seem endless, but there are some ways to help scale it back. Scammers send phishing texts and emails that look legit to trick you into giving them personal or financial information. Legit companies might send mail that you just don’t want — things like magazines, catalogs, or prescreened offers of credit and insurance . While these aren’t necessarily scams, they can pile up quickly. To help you cut down on spam texts and emails: Use filters. Check if your mobile phone has options to filter and block texts from unknown senders. Some call blocking apps can also help block unwanted messages. Many popular email providers (like Gmail or Yahoo Mail) have strong spam filters turned on by default. But if any spam gets into your inbox, mark it as spam or junk . Unsubscribe from unwanted emails. Getting fe",1775
2b4faf6be1fc8c,2025-01-23,2025,1,FTC Consumer Advice - Consumer Alerts,"[""consumer_fraud"", ""cybercrime""]","{""urls"": [], ""domains"": [], ""emails"": [], ""phones"": [], ""ip_addresses"": [], ""crypto_wallets"": []}",Scam alert: QR code on an unexpected package,https://consumer.ftc.gov/consumer-alerts/2025/01/scam-alert-qr-code-unexpected-package,"An unexpected package from an unknown sender arrives in your name. You open it and find a note that says it’s a gift, but it doesn't say who sent it. The note also says to scan a QR code to find out who sent it — or to get instructions on how to return it. Did someone really send you a gift? Or is it an attempt to steal your personal information? If you know it’s really a gift, you can keep it. But know that the unexpected package could be a new twist on a brushing scam that could steal your personal information. If you scan the QR code, it could take you to a phishing website that steals your personal information, like credit card numbers or usernames and passwords. It could also download malware onto your phone and give hackers access to your device. If you scanned the QR code and entered your credentials, like your username and password, into a website, change your password right away. Create a strong password that is hard to guess, and turn on two-factor authentication . If you’re concerned someone has your personal information, get your free credit report at AnnualCreditReport.com . Look for signs that someone is using your information, like accounts in your name you don’t recognize. (You can get a free credit report every week.) Also review your credit card bills and bank account statements and look for transactions you didn’t make. And consider taking other steps to protect your identity , like freezing your credit or putting a fraud alert on your credit report. If you think someone stole your identity, report it, and get a personal recovery plan at IdentityTheft.gov . What else can you do to protect your personal information? Regularly update your computer software and your phone to get the latest security patches. And learn to recognize a phishing email or text message . And what about the package? The law says you can keep it as a gift . Search Terms scam","An unexpected package from an unknown sender arrives in your name. You open it and find a note that says it’s a gift, but it doesn't say who sent it. The note also says to scan a QR code to find out who sent it — or to get instructions on how to return it. Did someone really send you a gift? Or is it an attempt to steal your personal information? If you know it’s really a gift, you can keep it. But know that the unexpected package could be a new twist on a brushing scam that could steal your personal information. If you scan the QR code, it could take you to a phishing website that steals your personal information, like credit card numbers or usernames and passwords. It could also download malware onto your phone and give hackers access to your device. If you scanned the QR code and entered your credentials, like your username and password, into a website, change your password right away. Create a strong password that is hard to guess, and turn on two-factor authentication . If you’re ",1897
af0a317a8996d6,2025-01-17,2025,1,FTC Consumer Advice - Consumer Alerts,"[""other""]","{""urls"": [], ""domains"": [], ""emails"": [], ""phones"": [], ""ip_addresses"": [], ""crypto_wallets"": []}",FTC settlement order bans sales of Genshin Impact loot boxes to kids under 16 without their parents' consent,https://consumer.ftc.gov/consumer-alerts/2025/01/ftc-settlement-order-bans-sales-genshin-impact-loot-boxes-kids-under-16-without-their-parents,"If you don’t know what a loot box is, just ask any kid in your life to explain it. While you’re at it, ask them about the video game Genshin Impact. Then tell them about why the FTC just sued the game’s developer HoYoverse (Cognosphere Pte. Ltd and Cognosphere, LLC) for its confusing loot box system that costs players a LOT of money. Free-to-play video games often make money by selling things like characters, weapons, or in-game currency. For players of games like Genshin Impact, getting the most popular (and most advertised) characters or gear meant buying “loot boxes” — virtual mystery boxes that may (or may not) have what you want. The problem? According to the FTC , to get loot boxes in the game, you had to make a confusing series of in-game purchases — involving bundles of currency that had to be exchanged multiple times for different currencies. What’s more, the FTC says, the game misled players about the odds of getting many of their most coveted prizes. Many players (including kids and teens) racked up hundreds and even thousands of dollars trying their luck. Thanks to a settlement with the FTC, HoYoverse will no longer sell loot boxes to kids under 16 without their parents’ consent, and will make sure kids under 13 get the protection of the Children’s Online Privacy Protection Act. The company will also make clear how much each loot box costs in real money and what the odds are of getting each prize. Tell the FTC about fraud, scams, and bad business practices at ReportFraud.ftc.gov .","If you don’t know what a loot box is, just ask any kid in your life to explain it. While you’re at it, ask them about the video game Genshin Impact. Then tell them about why the FTC just sued the game’s developer HoYoverse (Cognosphere Pte. Ltd and Cognosphere, LLC) for its confusing loot box system that costs players a LOT of money. Free-to-play video games often make money by selling things like characters, weapons, or in-game currency. For players of games like Genshin Impact, getting the most popular (and most advertised) characters or gear meant buying “loot boxes” — virtual mystery boxes that may (or may not) have what you want. The problem? According to the FTC , to get loot boxes in the game, you had to make a confusing series of in-game purchases — involving bundles of currency that had to be exchanged multiple times for different currencies. What’s more, the FTC says, the game misled players about the odds of getting many of their most coveted prizes. Many players (including ",1517
066cb769c69b43,2025-01-17,2025,1,FTC Consumer Advice - Consumer Alerts,"[""consumer_fraud"", ""cybercrime""]","{""urls"": [], ""domains"": [], ""emails"": [], ""phones"": [], ""ip_addresses"": [], ""crypto_wallets"": []}",Got a text about unpaid tolls? It’s probably a scam,https://consumer.ftc.gov/consumer-alerts/2025/01/got-text-about-unpaid-tolls-its-probably-scam,"Whether you’ve driven through a toll recently or not, you might’ve gotten a text saying you owe money for unpaid tolls. It’s probably a scam. Scammers are pretending to be tolling agencies from coast to coast and sending texts demanding money. Learn how the scam works so you can avoid it. You get a text out of the blue that says you have unpaid tolls and need to pay immediately. The scammy text might show a dollar amount for how much you supposedly owe and include a link that takes you to a page to enter your bank or credit card info — but it’s a phishing scam . Not only is the scammer trying to steal your money, but if you click the link, they could get your personal info (like your driver’s license number) — and even steal your identity . To avoid a text scam like this: Don’t click on any links in, or respond to, unexpected texts. Scammers want you to react quickly, but it’s best to stop and check it out. Check to see if the text is legit. Reach out to the state’s tolling agency using a phone number or website you know is real — not the info from the text. Report and delete unwanted text messages. Use your phone’s “report junk” option to report unwanted texts to your messaging app or forward them to 7726 (SPAM). Once you’ve checked it out and reported it, delete the text. Learn more about spotting and avoiding text scams at ftc.gov/textscams . Image","Whether you’ve driven through a toll recently or not, you might’ve gotten a text saying you owe money for unpaid tolls. It’s probably a scam. Scammers are pretending to be tolling agencies from coast to coast and sending texts demanding money. Learn how the scam works so you can avoid it. You get a text out of the blue that says you have unpaid tolls and need to pay immediately. The scammy text might show a dollar amount for how much you supposedly owe and include a link that takes you to a page to enter your bank or credit card info — but it’s a phishing scam . Not only is the scammer trying to steal your money, but if you click the link, they could get your personal info (like your driver’s license number) — and even steal your identity . To avoid a text scam like this: Don’t click on any links in, or respond to, unexpected texts. Scammers want you to react quickly, but it’s best to stop and check it out. Check to see if the text is legit. Reach out to the state’s tolling agency usin",1373
50407131e107e1,2025-01-13,2025,1,FTC Consumer Advice - Consumer Alerts,"[""other""]","{""urls"": [], ""domains"": [], ""emails"": [], ""phones"": [], ""ip_addresses"": [], ""crypto_wallets"": []}",Ever joined a business opportunity to make big money? We want to hear from you,https://consumer.ftc.gov/consumer-alerts/2025/01/ever-joined-business-opportunity-make-big-money-we-want-hear-you,"Have you ever joined a multi-level marketing program (MLM) where you sold products to consumers? Or recruited others to do the same? Maybe someone’s pitched you money-making opportunities like business coaching, or another type of business investment? Did they tell you how much money you’d earn — and did those claims add up? Want to tell us more? Here’s your chance (actually, three chances). The FTC is considering new rules aimed at curbing false earnings claims by promoters of MLMs and money-making opportunities — and we want to hear from you about these proposed rules. Will the proposals help the FTC protect you? Would they discourage illegal behavior by businesses? What changes would help? Here’s how to participate: One proposed rule would make it illegal for money-making opportunities (like business coaching or investment opportunities) to misrepresent earnings. To comment, check out the proposed rule . Another proposed rule would prohibit MLMs from misrepresenting earnings to potential participants. It would also require MLMs to back up earnings claims with information — in writing — upon request. To comment, check out the proposed rule . The third is a chance to weigh in on whether the FTC should propose additional rule requirements for the MLM industry — like requiring MLMs to provide information about typical earnings whenever they make earnings claims, or imposing a waiting period before recruits can join or pay any money to the MLM. To comment, check out the advance notice of proposed rulemaking . It’s easy to share your ideas online. Your practical, real-world insights about these FTC proposals will help make sure the rules work for people. You’ll have 60 days to review and comment on each proposal on Regulations.gov. That 60-day period starts from the date the proposals are published in the Federal Register — check back for the link when it’s live. We hope you’ll weigh in.","Have you ever joined a multi-level marketing program (MLM) where you sold products to consumers? Or recruited others to do the same? Maybe someone’s pitched you money-making opportunities like business coaching, or another type of business investment? Did they tell you how much money you’d earn — and did those claims add up? Want to tell us more? Here’s your chance (actually, three chances). The FTC is considering new rules aimed at curbing false earnings claims by promoters of MLMs and money-making opportunities — and we want to hear from you about these proposed rules. Will the proposals help the FTC protect you? Would they discourage illegal behavior by businesses? What changes would help? Here’s how to participate: One proposed rule would make it illegal for money-making opportunities (like business coaching or investment opportunities) to misrepresent earnings. To comment, check out the proposed rule . Another proposed rule would prohibit MLMs from misrepresenting earnings to pote",1917
4d078e036f18c5,2025-01-10,2025,1,FTC Consumer Advice - Consumer Alerts,"[""consumer_fraud""]","{""urls"": [], ""domains"": [], ""emails"": [], ""phones"": [], ""ip_addresses"": [], ""crypto_wallets"": []}",The very picture of public service,https://consumer.ftc.gov/consumer-alerts/2025/01/very-picture-public-service,"When, over many years, an agency finds itself repeatedly turning to the same person — to share ideas, to find out what’s going on in the community, to make connections — it seems overdue to give that person an award. And many thanks. Now, the thanks have come regularly: from the FTC’s offices in Cleveland and in D.C. But today is all about the award: specifically, the FTC’s Bureau of Consumer Protection Partner Award for Sheryl Harris, Director of the Cuyahoga County Department of Consumer Affairs in Ohio. So, let’s talk about Sheryl, who regularly carries out creative and novel ideas to combat scammers. Her Scam Squad brings together Cleveland-area nonprofits, social services agencies, county agencies, and state, local, and federal law enforcement – including her partners in Cleveland’s East Central Regional Office of the FTC. Their goal? To alert Cuyahoga County residents about scams, encourage reporting, and share those reports with the agency best suited to investigate them. Sheryl has also been a champion of the FTC’s Consumer Sentinel Network — a database accessible by thousands of law enforcement agencies nationwide. Sheryl leads her team in creating clear and plain language scam alerts and getting them into residents’ hands in innovative ways — including the county’s Ready Notify text message alert system . In fact, it was back in the days of Sheryl’s consumer column for the Cleveland Plain Dealer that DC-based FTC-ers first sat up and took note: of her writing, her insights, her reach into the community, and her ability to get people’s attention on urgent","When, over many years, an agency finds itself repeatedly turning to the same person — to share ideas, to find out what’s going on in the community, to make connections — it seems overdue to give that person an award. And many thanks. Now, the thanks have come regularly: from the FTC’s offices in Cleveland and in D.C. But today is all about the award: specifically, the FTC’s Bureau of Consumer Protection Partner Award for Sheryl Harris, Director of the Cuyahoga County Department of Consumer Affairs in Ohio. So, let’s talk about Sheryl, who regularly carries out creative and novel ideas to combat scammers. Her Scam Squad brings together Cleveland-area nonprofits, social services agencies, county agencies, and state, local, and federal law enforcement – including her partners in Cleveland’s East Central Regional Office of the FTC. Their goal? To alert Cuyahoga County residents about scams, encourage reporting, and share those reports with the agency best suited to investigate them. Sheryl",1590
ff48187734c7bc,2025-01-08,2025,1,FTC Consumer Advice - Consumer Alerts,"[""consumer_fraud"", ""identity_fraud""]","{""urls"": [], ""domains"": [], ""emails"": [], ""phones"": [], ""ip_addresses"": [], ""crypto_wallets"": []}",Identity Theft Awareness Week 2025 is coming!,https://consumer.ftc.gov/consumer-alerts/2025/01/identity-theft-awareness-week-2025-coming,"Image Are you interested in learning more about how to protect yourself from identity theft? Check out Identity Theft Awareness Week . During the week, the FTC and its partners will host free webinars and other events to talk about how to spot, avoid, report, and recover from identity theft. Mark your calendars. Identity Theft Awareness Week starts Monday, January 27! Identity theft can happen to anyone and can take many forms. Someone could open a credit card or utility account in your name, or use your information to get a loan, a job, or medical care. They might even file taxes in your name to get your refund. Identity Theft Awareness Week is an excellent opportunity to learn and talk about identity theft to help protect yourself, your family, and your friends. Here are some ways you can participate in and support your community during Identity Theft Awareness Week: Visit the Identity Theft Awareness Week 2025 website to find out about scheduled events you can participate in. Get information in multiple languages about how to spot, avoid, and report identity theft at ftc.gov/languages and share it in your community. Watch and share videos on social media in English , Spanish , Chinese , and Korean . Share images before and during Identity Theft Awareness Week on your social media to help gather support and attention. Order publications , including bookmarks and one-page flyers, and share them with people you know or place them at places of worship and libraries where people can find them. Keep an eye out for updates on the Identity Theft Awareness Week events at ftc.gov/IDTheftWeek ! Whether you’re chatting with friends and family, posting on social media, or speaking at a community group meeting, talking about identity theft can help protect you and your community. Search Terms identity theft scam","Image Are you interested in learning more about how to protect yourself from identity theft? Check out Identity Theft Awareness Week . During the week, the FTC and its partners will host free webinars and other events to talk about how to spot, avoid, report, and recover from identity theft. Mark your calendars. Identity Theft Awareness Week starts Monday, January 27! Identity theft can happen to anyone and can take many forms. Someone could open a credit card or utility account in your name, or use your information to get a loan, a job, or medical care. They might even file taxes in your name to get your refund. Identity Theft Awareness Week is an excellent opportunity to learn and talk about identity theft to help protect yourself, your family, and your friends. Here are some ways you can participate in and support your community during Identity Theft Awareness Week: Visit the Identity Theft Awareness Week 2025 website to find out about scheduled events you can participate in. Get in",1832
24162ea3f6fb77,2025-01-07,2025,1,FTC Consumer Advice - Consumer Alerts,"[""other""]","{""urls"": [], ""domains"": [], ""emails"": [], ""phones"": [], ""ip_addresses"": [], ""crypto_wallets"": []}",Taking the guesswork out of gigs,https://consumer.ftc.gov/consumer-alerts/2025/01/taking-guesswork-out-gigs,"Say you’re looking for ways to make extra cash and see an ad for a gig doing lawn or handy work, house cleaning, or assembling furniture. What they promise you’ll make per hour sounds good. When you complete the work, you expect to make what you saw advertised, right? But the FTC says that’s not what happened for most people who signed up for gigs on the Handy Technologies platform. The FTC says Handy’s ads displayed an inflated hourly rate that most people weren’t likely to make. Other ads claimed you could get paid right away but didn’t disclose a fee would be deducted to expedite payments. Handy, now owned by Angi Services, also charged gig workers fines for incomplete jobs if a customer didn’t properly cancel or let them do the work. The FTC says Handy failed to clearly explain how gig workers could avoid those fines. To settle the case, Handy will clearly explain how workers can avoid all possible fines, fees, and charges — before people sign up for a gig. The company will also pay $2.95 million to the FTC for consumer refunds. Are you thinking about becoming a gig worker? Here’s how to evaluate the opportunity: Research the company online. Read about how it pays workers and any other conditions of the job. Understand any charges or penalties that may be deducted from your pay and how to avoid them. Consult with other gig workers. Ask them about their experiences, income, and expenses. Check earning claims. Find out if you’ll be paid hourly or by gig. Get a breakdown of your earnings when you’re on the job to see if you’re getting paid what they promised. Do you suspect a company is not delivering on its hourly earnings promises or unfairly deducting money from your pay? Tell the FTC at ReportFraud.ftc.gov . Image","Say you’re looking for ways to make extra cash and see an ad for a gig doing lawn or handy work, house cleaning, or assembling furniture. What they promise you’ll make per hour sounds good. When you complete the work, you expect to make what you saw advertised, right? But the FTC says that’s not what happened for most people who signed up for gigs on the Handy Technologies platform. The FTC says Handy’s ads displayed an inflated hourly rate that most people weren’t likely to make. Other ads claimed you could get paid right away but didn’t disclose a fee would be deducted to expedite payments. Handy, now owned by Angi Services, also charged gig workers fines for incomplete jobs if a customer didn’t properly cancel or let them do the work. The FTC says Handy failed to clearly explain how gig workers could avoid those fines. To settle the case, Handy will clearly explain how workers can avoid all possible fines, fees, and charges — before people sign up for a gig. The company will also pa",1748
07ba81339411ba,2025-01-06,2025,1,FTC Consumer Advice - Consumer Alerts,"[""consumer_fraud"", ""identity_fraud""]","{""urls"": [], ""domains"": [], ""emails"": [], ""phones"": [], ""ip_addresses"": [], ""crypto_wallets"": []}",Got a package you didn’t order? It’s probably a scam,https://consumer.ftc.gov/consumer-alerts/2025/01/got-package-you-didnt-order-its-probably-scam,"What could be better than opening the mailbox or the front door and finding an unexpected package? Free gifts might seem like fun — but when an unexpected package lands on your doorstep, it may come with a higher cost than you expected. Scammers are sending people fake “luxury” items like rings, beauty products, and even Bluetooth speakers. This is sometimes called a “brushing scam,” so called because it’s “brushing up” — or increasing — the scammer’s sales. How does it work? Scammers or sellers of knock-off merchandise find your address or other personal information online. They send you goods you never ordered and use your information to write fake online reviews about their products in your name — which helps them boost sales. “Who cares if they write a fake review in my name?” you might say. Well, if you got a package you didn’t order, it means someone likely has your personal information — and undoing the potential harm from identity theft could cost you time and money. If you got an unexpected package you didn’t order: Change passwords on all your online shopping accounts in case they were compromised. If the package came from Amazon or another online marketplace, send the platform a message so they can investigate removing the seller. Check your credit weekly for free at AnnualCreditReport.com to monitor the information in your credit report and check for signs of identity theft . Don’t contact the sender . If you search online for the sender and reach out, anyone who responds will likely try to get more sensitive information from you to try to steal your money. Got a package you didn’t order? Keep the merchandise and report fake reviews and scams to the FTC at ReportFraud.ftc.gov .","What could be better than opening the mailbox or the front door and finding an unexpected package? Free gifts might seem like fun — but when an unexpected package lands on your doorstep, it may come with a higher cost than you expected. Scammers are sending people fake “luxury” items like rings, beauty products, and even Bluetooth speakers. This is sometimes called a “brushing scam,” so called because it’s “brushing up” — or increasing — the scammer’s sales. How does it work? Scammers or sellers of knock-off merchandise find your address or other personal information online. They send you goods you never ordered and use your information to write fake online reviews about their products in your name — which helps them boost sales. “Who cares if they write a fake review in my name?” you might say. Well, if you got a package you didn’t order, it means someone likely has your personal information — and undoing the potential harm from identity theft could cost you time and money. If you got",1718
7f32c5980281c0,2025-01-03,2025,1,FTC Consumer Advice - Consumer Alerts,"[""consumer_fraud""]","{""urls"": [], ""domains"": [], ""emails"": [], ""phones"": [], ""ip_addresses"": [], ""crypto_wallets"": []}",What to know before you upgrade your phone. And how to protect your new one,https://consumer.ftc.gov/consumer-alerts/2025/01/what-know-you-upgrade-your-phone-how-protect-your-new-one,"Image It’s that time of year when ads enticing you to upgrade your mobile phone seem to be everywhere you turn. If you’re thinking about upgrading your phone, here are four easy steps to remove your personal information from your phone before you trade it in. Save your information. Whether you’re going to trade in, sell, or donate your phone, start by backing up your data . You’ll need this copy when you set up a new phone. Remove SIM and SD cards. If your phone has a SIM card , remove it because it may have your personal information on it. If you’re keeping your phone number, ask if you can transfer your SIM card to the new phone. If you’re not going to reuse the SIM card, destroy it. If your phone has an SD storage card, remove it, too. Unlink accounts connected to the device. If you use multi-factor authentication to log in to any accounts, remove your phone from the list of trusted devices for those accounts. And double check that your phone is no longer connected to your online accounts. Here’s how to unlink the phone from your Microsoft , Apple , and Google Erase your personal information. Finally, restore your phone to the factory settings . That’ll erase all your personal information, like your account numbers, passwords, messages, videos, and photos. Once you set up your new device, set it to automatically lock when you’re not using it, keep it up to date, and back up your data. Check out Three ways to protect the personal info on your phone for details on how to do that. If you use an authenticator app to log into your accounts, set up the app on your new phone. And finally, if you’re not trading in or selling your phone, learn about where you can recycle it . Search Terms scam personal information mobile","Image It’s that time of year when ads enticing you to upgrade your mobile phone seem to be everywhere you turn. If you’re thinking about upgrading your phone, here are four easy steps to remove your personal information from your phone before you trade it in. Save your information. Whether you’re going to trade in, sell, or donate your phone, start by backing up your data . You’ll need this copy when you set up a new phone. Remove SIM and SD cards. If your phone has a SIM card , remove it because it may have your personal information on it. If you’re keeping your phone number, ask if you can transfer your SIM card to the new phone. If you’re not going to reuse the SIM card, destroy it. If your phone has an SD storage card, remove it, too. Unlink accounts connected to the device. If you use multi-factor authentication to log in to any accounts, remove your phone from the list of trusted devices for those accounts. And double check that your phone is no longer connected to your online ac",1744
340fcbdea6c4e3,2024-12-30,2024,12,FTC Consumer Advice - Consumer Alerts,"[""cybercrime""]","{""urls"": [], ""domains"": [], ""emails"": [], ""phones"": [""(877) 382-4357""], ""ip_addresses"": [], ""crypto_wallets"": []}",Stay ahead of scammers in 2025,https://consumer.ftc.gov/consumer-alerts/2024/12/stay-ahead-scammers-2025,"With scammers targeting our entire life savings with their schemes, we all need to be alert and know how to detect their latest tricks. Something as simple as talking about scams you know about is a great way to help you and your community stay protected. And being part of this solution doesn’t require training or a lot of time! The FTC has free materials and information on hundreds of different scams both in print and online. Here are a few ideas to help you become a fraud fighter. Learn more about what scammers say and do. Start at consumer.ftc.gov where you’ll find articles, consumer alerts, and advice to help you spot and avoid scams. Check out resources in multiple languages. If you know people who prefer to get information in their native language, ftc.gov/languages has materials in more than a dozen languages. Get print materials to share with your community. Go to ftc.gov/BulkOrder and order free resources on a variety of consumer topics. Delivery is also free. Keep up with the latest. Sign up for FTC consumer alerts at ftc.gov/ConsumerAlerts to get email updates on recent scams, announcements, and advice. Share what you know . Have a conversation, leave FTC materials where people will see them, or post on social media. Are you part of a group? Consider using Pass It On or Pásalo presentations, complete with notes and supporting materials, to start a conversation about scams. All FTC content is in the public domain, which means there’s no copyright or permission needed to use it. Please remember the FTC wants to hear about scams in any language, even if you didn’t lose money. Report in English at ReportFraud.ftc.gov — or in Spanish at ReporteFraude.ftc.gov . To report in other languages, call (877) 382-4357 and press 3 to speak to an interpreter in your preferred language. Scams All Scams Phishing Scams Avoiding and Reporting Scams Scams Against Older Adults Gift Card Scams Business Impersonators FTC Impersonators Government Impersonators Phone Scams","With scammers targeting our entire life savings with their schemes, we all need to be alert and know how to detect their latest tricks. Something as simple as talking about scams you know about is a great way to help you and your community stay protected. And being part of this solution doesn’t require training or a lot of time! The FTC has free materials and information on hundreds of different scams both in print and online. Here are a few ideas to help you become a fraud fighter. Learn more about what scammers say and do. Start at consumer.ftc.gov where you’ll find articles, consumer alerts, and advice to help you spot and avoid scams. Check out resources in multiple languages. If you know people who prefer to get information in their native language, ftc.gov/languages has materials in more than a dozen languages. Get print materials to share with your community. Go to ftc.gov/BulkOrder and order free resources on a variety of consumer topics. Delivery is also free. Keep up with the",1992
d5a2ebb295deb8,2024-12-26,2024,12,FTC Consumer Advice - Consumer Alerts,"[""consumer_fraud""]","{""urls"": [], ""domains"": [], ""emails"": [], ""phones"": [""(877) 382-4357""], ""ip_addresses"": [], ""crypto_wallets"": []}",Detect immigration scams that start on social media,https://consumer.ftc.gov/consumer-alerts/2024/12/detect-immigration-scams-start-social-media,"Scammers are impersonating attorneys and law firms, offering immigration services on social media. The posts on Facebook and other platforms might be in English or your preferred language. If you press like or leave a comment, they’ll contact you and guarantee you’ll get a work permit, green card, or citizenship — but it’s a scam. How do you spot and avoid the scammers? The elaborate scam often starts with an offer to help you with immigration paperwork. Next, they ask you to send them money using Western Union or Zelle. In return, they say they’ll supposedly get you an appointment with U.S. Citizenship and Immigration Services (USCIS). People who paid report having virtual appointments on Zoom or WhatsApp with a “USCIS officer” in uniform — all part of the scam. The truth? Some immigration proceedings are now virtual, but applicants get their appointments by mail or through their MyUSCIS account , never on messenger apps. To protect yourself and others from immigration scams: Go to USCIS.gov for legitimate immigration information. If you have a pending application or petition, check your case status online. Recognize fake government websites. Even if a page looks legit, if the address doesn’t end with .gov, it isn’t a government website. Know what types of payment USCIS accepts for filing fees . Anyone who asks you pay USCIS a different way is a scammer. Share what you know. Forward this alert to people in immigrant communities. Tell them to check out ftc.gov/immigration for advice on how to find real immigration help and avoid scams targeting immigrants. Have you spotted an immigration scam or think you may have paid a scammer? Tell the FTC at ReportFraud.ftc.gov — or in Spanish at ReporteFraude.ftc.gov . To report in other languages, call (877) 382-4357 and press 3 to speak to an interpreter in your preferred language. Image Search Terms immigration Scams All Scams Scams Against Immigrants","Scammers are impersonating attorneys and law firms, offering immigration services on social media. The posts on Facebook and other platforms might be in English or your preferred language. If you press like or leave a comment, they’ll contact you and guarantee you’ll get a work permit, green card, or citizenship — but it’s a scam. How do you spot and avoid the scammers? The elaborate scam often starts with an offer to help you with immigration paperwork. Next, they ask you to send them money using Western Union or Zelle. In return, they say they’ll supposedly get you an appointment with U.S. Citizenship and Immigration Services (USCIS). People who paid report having virtual appointments on Zoom or WhatsApp with a “USCIS officer” in uniform — all part of the scam. The truth? Some immigration proceedings are now virtual, but applicants get their appointments by mail or through their MyUSCIS account , never on messenger apps. To protect yourself and others from immigration scams: Go to US",1925
7a7dfd54d60597,2024-12-23,2024,12,FTC Consumer Advice - Consumer Alerts,"[""consumer_fraud"", ""crypto_fraud""]","{""urls"": [], ""domains"": [], ""emails"": [], ""phones"": [], ""ip_addresses"": [], ""crypto_wallets"": []}",’Tis the season of taking for scammers,https://consumer.ftc.gov/consumer-alerts/2024/12/tis-season-taking-scammers,"You’re probably getting emails, texts, and calls asking for end-of-year donations. It’s the season of giving, after all. Scammers know this is a popular time to donate, so they’re out there, too, trying to trick people into giving to them instead of a real charity. To make sure the charity you picked is legit and your money will support programs you care about: Do some research. Search the charity’s name plus “complaint,” “review,” “rating,” or “scam.” Use these organizations to research charities. And if you’re looking to donate through a crowdfunding page, watch for scams there , too. Pay by check or credit card , which is safer. And if a charity insists you pay with cryptocurrency, by wiring money through Western Union or MoneyGram, with a payment app, or with a gift card, it’s likely a scam. Check how much of your donation goes to the program you want to support. Ask anyone who calls asking for a donation. Then verify that information on the charity’s website. Some fundraising efforts can be expensive. If a high percentage of what you donate goes to fundraising, it leaves the charity with little money to spend on its actual programs. Check if it’s tax deductible. One pitch you might hear a lot: “Give before December 31 st to get a tax deduction for 2024.” But that’s only true if the charity is listed in the IRS Tax Exempt Organizational Search Tool . Remember that donations to individuals and PACs are not tax deductible. Spotted a charity scam? Tell the FTC at ReportFraud.ftc.gov . Image","You’re probably getting emails, texts, and calls asking for end-of-year donations. It’s the season of giving, after all. Scammers know this is a popular time to donate, so they’re out there, too, trying to trick people into giving to them instead of a real charity. To make sure the charity you picked is legit and your money will support programs you care about: Do some research. Search the charity’s name plus “complaint,” “review,” “rating,” or “scam.” Use these organizations to research charities. And if you’re looking to donate through a crowdfunding page, watch for scams there , too. Pay by check or credit card , which is safer. And if a charity insists you pay with cryptocurrency, by wiring money through Western Union or MoneyGram, with a payment app, or with a gift card, it’s likely a scam. Check how much of your donation goes to the program you want to support. Ask anyone who calls asking for a donation. Then verify that information on the charity’s website. Some fundraising effo",1516
e70c6a60618170,2024-12-20,2024,12,FTC Consumer Advice - Consumer Alerts,"[""identity_fraud""]","{""urls"": [], ""domains"": [], ""emails"": [], ""phones"": [], ""ip_addresses"": [], ""crypto_wallets"": []}",Looking ahead to the new year,https://consumer.ftc.gov/consumer-alerts/2024/12/looking-ahead-new-year,"For many, December means spending lots of money on presents, food, travel, and other things to get you through the end of the year. And after we stretch our wallets, January’s often for taking stock and planning for the year to come. If that’s true for you, here are some things to hopefully save you time as you transition from holiday festivities to financial goals in the new year. Are you: Trying to stay on top of your credit? Check your credit reports to make sure there’s nothing on there you don’t recognize. (If there is, it could be a sign of identity theft .) And if your credit’s not what you’d like it to be, take steps to improve it . Saving for something big, or wanting to build more of a nest egg? Here’s a budget worksheet to track how much you’re taking in and how much you’re spending. Wanting to tackle your debt? Learn about steps to take yourself , how to get help , and what to know if you’re getting calls from debt collectors . Looking for more? The FTC’s consumer.gov site has tools to help you in the new year and beyond. Get the basics on these and other","For many, December means spending lots of money on presents, food, travel, and other things to get you through the end of the year. And after we stretch our wallets, January’s often for taking stock and planning for the year to come. If that’s true for you, here are some things to hopefully save you time as you transition from holiday festivities to financial goals in the new year. Are you: Trying to stay on top of your credit? Check your credit reports to make sure there’s nothing on there you don’t recognize. (If there is, it could be a sign of identity theft .) And if your credit’s not what you’d like it to be, take steps to improve it . Saving for something big, or wanting to build more of a nest egg? Here’s a budget worksheet to track how much you’re taking in and how much you’re spending. Wanting to tackle your debt? Learn about steps to take yourself , how to get help , and what to know if you’re getting calls from debt collectors . Looking for more? The FTC’s consumer.gov site ",1083
a5d5521f707a23,2024-12-19,2024,12,FTC Consumer Advice - Consumer Alerts,"[""consumer_fraud""]","{""urls"": [], ""domains"": [], ""emails"": [], ""phones"": [], ""ip_addresses"": [], ""crypto_wallets"": []}",Check out gift cards before you buy them,https://consumer.ftc.gov/consumer-alerts/2024/12/check-out-gift-cards-you-buy-them,"Doing some holiday shopping? Here’s a type of gift card scam to look out for: scammers can get the gift card number and PIN before you buy the card. So if gift cards are on your holiday shopping list, keep reading. Scammers sometimes tamper with gift cards in store displays. They might remove the protective stickers from gift cards or even scratch off the back. That way, they can steal the card numbers and PIN. With those numbers, a scammer can get any money you put on a gift card — even if they don’t physically have the card. They just wait for you to load money on the card and — poof! — it’s gone. If you’re buying gift cards this holiday season: Check for signs of tampering. If it looks like someone scratched off the back of a gift card or removed any stickers, tell a cashier or manager. Scammers might tamper with gift cards in batches, so if you see something suspicious on one card, consider looking at a different store. Pay by credit card if you can. You get the most protections when you pay with a credit card. If you run into problems and file a chargeback, your credit card will investigate and you might get your money back. Keep copies of the gift card and store receipt. If the gift card doesn’t work or doesn’t have any money on it, the number on the card and store receipt will help you report to the gift card company . The sooner you report, the better. You can also report fraud to the FTC. Report gift card scams at ReportFraud.ftc.gov . Learn more about this and other gift card scams at ftc.gov/giftcards .","Doing some holiday shopping? Here’s a type of gift card scam to look out for: scammers can get the gift card number and PIN before you buy the card. So if gift cards are on your holiday shopping list, keep reading. Scammers sometimes tamper with gift cards in store displays. They might remove the protective stickers from gift cards or even scratch off the back. That way, they can steal the card numbers and PIN. With those numbers, a scammer can get any money you put on a gift card — even if they don’t physically have the card. They just wait for you to load money on the card and — poof! — it’s gone. If you’re buying gift cards this holiday season: Check for signs of tampering. If it looks like someone scratched off the back of a gift card or removed any stickers, tell a cashier or manager. Scammers might tamper with gift cards in batches, so if you see something suspicious on one card, consider looking at a different store. Pay by credit card if you can. You get the most protections wh",1539
6edb9a89c3d518,2024-12-16,2024,12,FTC Consumer Advice - Consumer Alerts,"[""consumer_fraud"", ""crypto_fraud""]","{""urls"": [], ""domains"": [], ""emails"": [], ""phones"": [], ""ip_addresses"": [], ""crypto_wallets"": []}",Getting a pet? Avoid scams,https://consumer.ftc.gov/consumer-alerts/2024/12/getting-pet-avoid-scams,"During the holidays, adding a dog, cat, or other adorable animal to the family is top of mind for many, and scammers know it. While there are lots of fur babies waiting for their forever home, scammers try to take advantage of the situation by posting fake ads for pets — all designed to take your money and leave you in the doghouse. Here’s what to know. Scammers are posting ads (particularly for puppies), pretending these precious pooches are for sale. You might see these ads online or on streetcorners — sometimes advertising purebred puppies for a few hundred dollars when they often cost thousands — pushing you to act fast before they’ve gone to other homes. The scammer hopes the irresistibly cute puppy picture they posted will be enough to draw you in, and they’ll insist you pay for it up front. But if you pay, not only will you never see that puppy (who might not even exist), but you might also never see that money again. If you’re thinking of getting a furry friend for yourself or a loved one: Do some research. Search online for the name of the seller or business and words like “review,” “scam,” or “complaint.” See what others are saying. Watch how you’re asked to pay. Only scammers say you must pay with gift cards , a payment app , cryptocurrency , or a wire transfer service like Western Union or MoneyGram since it’s hard to get your money back. Find out what to do if you sent money to a scammer . Consider a local rescue or animal shelter. Animals of all breeds and ages are waiting to be adopted. An online search will point you to them, where you’ll be able to adopt for a small fee. If you spot one of these scams, tell the FTC at ReportFraud.ftc.gov . Image Scams Avoiding and Reporting Scams","During the holidays, adding a dog, cat, or other adorable animal to the family is top of mind for many, and scammers know it. While there are lots of fur babies waiting for their forever home, scammers try to take advantage of the situation by posting fake ads for pets — all designed to take your money and leave you in the doghouse. Here’s what to know. Scammers are posting ads (particularly for puppies), pretending these precious pooches are for sale. You might see these ads online or on streetcorners — sometimes advertising purebred puppies for a few hundred dollars when they often cost thousands — pushing you to act fast before they’ve gone to other homes. The scammer hopes the irresistibly cute puppy picture they posted will be enough to draw you in, and they’ll insist you pay for it up front. But if you pay, not only will you never see that puppy (who might not even exist), but you might also never see that money again. If you’re thinking of getting a furry friend for yourself or ",1725
64fcfbb9d1e8c4,2024-12-13,2024,12,FTC Consumer Advice - Consumer Alerts,"[""other""]","{""urls"": [], ""domains"": [], ""emails"": [], ""phones"": [], ""ip_addresses"": [], ""crypto_wallets"": []}",You heard that correctly: Scammers are committing hospice fraud,https://consumer.ftc.gov/consumer-alerts/2024/12/you-heard-correctly-scammers-are-committing-hospice-fraud,"Did someone reach out and offer free, in-home perks like cooking and cleaning in exchange for your Medicare number? Don’t give it. That could be a scammer trying to commit hospice fraud. Scammers are targeting older adults — with calls, texts, emails, fake ads, and even door-to-door visits — claiming they’ll set you up with services like free cooking, cleaning, and home health care. What they likely won’t tell you is how: They want to commit fraud by signing you up for Medicare hospice — that’s right, hospice — care. Then, they can bill Medicare for all kinds of services in your name. Here’s what to know: Hospice care is a specialized service, often done at home, for people with a terminal illness approaching the end of life. Only your doctor can certify that you’re eligible for hospice (meaning your life expectancy is 6 months or less). If you‘re signed up for hospice and don’t need it, this could affect your Medicare coverage in the future. Anyone who tells you differently is a scammer. Here are some ways to avoid hospice scams: Never give your Medicare number to someone offering “free” services like housekeeping or cooking. Medicare doesn’t offer free services like that. Never agree to sign up for hospice care in exchange for perks or gifts like money, gift cards, or groceries. Know that Medicare will never come to your home to sign you up for services. If someone comes to your door, says they’re from Medicare, and tries to get you to sign up for services, they’re lying. Don’t give them any information. If you think you’ve spotted or experienced hospice fraud, report it as soon as possible. Call 1-800-MEDICARE or reach out to your local Senior Medicare Patrol for help. Learn more at Medicare.gov/fraud .","Did someone reach out and offer free, in-home perks like cooking and cleaning in exchange for your Medicare number? Don’t give it. That could be a scammer trying to commit hospice fraud. Scammers are targeting older adults — with calls, texts, emails, fake ads, and even door-to-door visits — claiming they’ll set you up with services like free cooking, cleaning, and home health care. What they likely won’t tell you is how: They want to commit fraud by signing you up for Medicare hospice — that’s right, hospice — care. Then, they can bill Medicare for all kinds of services in your name. Here’s what to know: Hospice care is a specialized service, often done at home, for people with a terminal illness approaching the end of life. Only your doctor can certify that you’re eligible for hospice (meaning your life expectancy is 6 months or less). If you‘re signed up for hospice and don’t need it, this could affect your Medicare coverage in the future. Anyone who tells you differently is a scamm",1735
913e17e0aecaa1,2024-12-12,2024,12,FTC Consumer Advice - Consumer Alerts,"[""consumer_fraud"", ""crypto_fraud""]","{""urls"": [], ""domains"": [], ""emails"": [], ""phones"": [], ""ip_addresses"": [], ""crypto_wallets"": []}",Task scams create the illusion of making money,https://consumer.ftc.gov/consumer-alerts/2024/11/task-scams-create-illusion-making-money,"Have you been getting unexpected messages about online work? The FTC’s new Data Spotlight highlights a big increase in the number of people reporting gamified job scams , or “task scams.” Read on to learn what they are and how to avoid them. In a task scam, scammers ask you to do simple, repetitive tasks, such as liking videos or rating product images online. The supposed “job” is to complete tasks in an app or online platform for which you’ll “earn money” from a “commission” on each click. But those promises are fake: there aren’t any commissions and nobody but the scammers make any money. Task scams usually start with an unexpected text offering online work. They say you can “make good money” by “product boosting” or doing “optimization tasks” online. Once you complete each task, you’ll see an ever-increasing tally of supposed earnings in the app. (They’re fake.) At some point, the app or online platform will ask you to deposit your own money — usually in crypto — to complete your next set of tasks and to get your supposed (fake) earnings out of the app. But if you make the deposit, not only is your real money is gone, you’ll never get those fake earnings. To spot and avoid task scams: Ignore generic and unexpected texts or WhatsApp messages about jobs. Real employers will never contact you that way. Never pay anyone to get paid, or to get a job. That’s a sure sign of a scam. Don’t trust anyone who says they’ll pay you to rate or like things online. That’s illegal and no honest company will do it. Learn more about spotting and avoiding scams at ftc.gov/scams and report scams to the FTC at ReportFraud.ftc.gov . Image","Have you been getting unexpected messages about online work? The FTC’s new Data Spotlight highlights a big increase in the number of people reporting gamified job scams , or “task scams.” Read on to learn what they are and how to avoid them. In a task scam, scammers ask you to do simple, repetitive tasks, such as liking videos or rating product images online. The supposed “job” is to complete tasks in an app or online platform for which you’ll “earn money” from a “commission” on each click. But those promises are fake: there aren’t any commissions and nobody but the scammers make any money. Task scams usually start with an unexpected text offering online work. They say you can “make good money” by “product boosting” or doing “optimization tasks” online. Once you complete each task, you’ll see an ever-increasing tally of supposed earnings in the app. (They’re fake.) At some point, the app or online platform will ask you to deposit your own money — usually in crypto — to complete your ne",1645
1dd17204ba5123,2024-12-11,2024,12,FTC Consumer Advice - Consumer Alerts,"[""consumer_fraud"", ""cybercrime"", ""identity_fraud""]","{""urls"": [], ""domains"": [], ""emails"": [], ""phones"": [], ""ip_addresses"": [], ""crypto_wallets"": []}",Phishing scams can be hard to spot,https://consumer.ftc.gov/consumer-alerts/2024/12/phishing-scams-can-be-hard-spot,"Scammers love a good disguise. One day they show up texting you about a delivery you missed , the next they say you need to sort an issue with your Netflix account . Here’s how to avoid these phishing scams. Phishing emails and text messages often tell a story to trick you into clicking on a link or opening an attachment. Maybe it’s an unexpected email or text message pretending to be from a company you know or trust, like a utility company asking you to make a payment. Or maybe it’s an unexpected party invitation that looks like it’s from a friend or family member. Don’t click on links or download attachments in these messages. It might lead to a request for personal information, like your Social Security, credit card, or bank account number — and identity theft . Or, the link or attachment could download harmful malware onto your device. How can you spot these scams? If you get an email or text message that asks you to click on a link or open an attachment, ask yourself: Do I have an account with the company or know the person who contacted me? If the answer is “No,” it’s likely a phishing scam. While real companies might communicate with you by email, legitimate companies won’t unexpectedly email or text with a link to update your payment or account information. For other signs of phishing, check out How to recognize phishing . If the answer is “Yes,” contact the company using a phone number or website you know is real — not the information in the email. Or contact your friend directly on a separate email or text string to confirm it’s really them. They’ll understand if you’re suspicious about that unexpected invitation to click a link. Image","Scammers love a good disguise. One day they show up texting you about a delivery you missed , the next they say you need to sort an issue with your Netflix account . Here’s how to avoid these phishing scams. Phishing emails and text messages often tell a story to trick you into clicking on a link or opening an attachment. Maybe it’s an unexpected email or text message pretending to be from a company you know or trust, like a utility company asking you to make a payment. Or maybe it’s an unexpected party invitation that looks like it’s from a friend or family member. Don’t click on links or download attachments in these messages. It might lead to a request for personal information, like your Social Security, credit card, or bank account number — and identity theft . Or, the link or attachment could download harmful malware onto your device. How can you spot these scams? If you get an email or text message that asks you to click on a link or open an attachment, ask yourself: Do I have an",1673
7e2cd19d708740,2024-12-10,2024,12,FTC Consumer Advice - Consumer Alerts,"[""other""]","{""urls"": [], ""domains"": [], ""emails"": [], ""phones"": [""1-800-318-2596""], ""ip_addresses"": [], ""crypto_wallets"": []}",The low-down on health insurance ads during open season,https://consumer.ftc.gov/consumer-alerts/2024/12/low-down-health-insurance-ads-during-open-season,"During open season for the Health Insurance Marketplace, you might have seen an increase — maybe a flood — of ads for health plans. The ads might promise comprehensive health insurance…but the plan turns out to have limited benefits. Or it’s a medical discount card and not insurance at all. Some ads might promise rewards or rebates to anyone who signs up for a plan. Or they might say they’re from the government – or government-endorsed, hoping to gain your trust. How to make heads or tails of it all? In this flood of advertising, your life raft is the official source for the type of insurance you’re after: For insurance through the Health Insurance Marketplace , start at HealthCare.gov or call the Marketplace Call Center at 1-800-318-2596. And learn to avoid scams related to the Health Insurance Marketplace . Now, if you’ve wondered if those ads are legit, you’re not alone. In fact, the FTC just sent out letters to marketers and businesses that promote health insurance plans and products. Why? To remind companies about the laws they need to follow when they market health plans. For the rest of us, these letters are a good reminder to watch for potentially scammy ads and avoid so-called health plans that don’t give the coverage we thought we were getting. The letters also give the reminder that it’s illegal for companies to robocall you with prerecorded messages that market you for health insurance. So, if someone DOES call you this way, you KNOW they’re either a scammer or, at the very least, someone you might not want to do business with. Tell the FTC at ReportFraud.ftc.gov so staff can investigate.","During open season for the Health Insurance Marketplace, you might have seen an increase — maybe a flood — of ads for health plans. The ads might promise comprehensive health insurance…but the plan turns out to have limited benefits. Or it’s a medical discount card and not insurance at all. Some ads might promise rewards or rebates to anyone who signs up for a plan. Or they might say they’re from the government – or government-endorsed, hoping to gain your trust. How to make heads or tails of it all? In this flood of advertising, your life raft is the official source for the type of insurance you’re after: For insurance through the Health Insurance Marketplace , start at HealthCare.gov or call the Marketplace Call Center at 1-800-318-2596. And learn to avoid scams related to the Health Insurance Marketplace . Now, if you’ve wondered if those ads are legit, you’re not alone. In fact, the FTC just sent out letters to marketers and businesses that promote health insurance plans and produc",1627
4f79dcccf7e8c2,2024-12-06,2024,12,FTC Consumer Advice - Consumer Alerts,"[""consumer_fraud""]","{""urls"": [], ""domains"": [], ""emails"": [], ""phones"": [], ""ip_addresses"": [], ""crypto_wallets"": []}",Looking for an American flag that’s Made in the USA? Here’s what to know,https://consumer.ftc.gov/consumer-alerts/2024/12/looking-american-flag-thats-made-usa-heres-what-know,"When it comes to buying an American flag, there are lots to choose from. Not all are Made in the USA. If you’re searching for one that is, here’s what to look out for. Imported flags must have labels saying where they’re made. So, if you’re shopping in a store, check out the product label. Online, you might not find this information, especially if you’re shopping for a smaller flag. Instead, look at where the seller’s located — look for the address in the website’s terms of service or privacy policy. If the store is overseas, there’s a good chance its products are not Made in the USA. Also take the time to read reviews. Is the seller reputable? Search online for the seller’s name plus terms like “review,” “complaint,” or “scam.” See what other people have to say. And what if a seller says their American flag “ ships from the USA ”? That doesn’t necessarily mean it was made in the United States. Some stores ship imported products to U.S. distribution centers for storage and processing before sending them to you. Finally, know that even if you shop carefully, scammers are out there. You might click “buy” and never get your flag. Or maybe a flag shows up, but it’s not what you expected. Paying by credit card, if you can, helps protect you if you pay for something and it never comes. And if you think someone is trying to pass a flag off as Made in the USA when it’s not, report it to the FTC at ReportFraud.ftc.gov . For more advice on shopping safely, read Online Shopping . Search Terms Made in USA","When it comes to buying an American flag, there are lots to choose from. Not all are Made in the USA. If you’re searching for one that is, here’s what to look out for. Imported flags must have labels saying where they’re made. So, if you’re shopping in a store, check out the product label. Online, you might not find this information, especially if you’re shopping for a smaller flag. Instead, look at where the seller’s located — look for the address in the website’s terms of service or privacy policy. If the store is overseas, there’s a good chance its products are not Made in the USA. Also take the time to read reviews. Is the seller reputable? Search online for the seller’s name plus terms like “review,” “complaint,” or “scam.” See what other people have to say. And what if a seller says their American flag “ ships from the USA ”? That doesn’t necessarily mean it was made in the United States. Some stores ship imported products to U.S. distribution centers for storage and processing b",1518
71e22924951b3e,2024-12-05,2024,12,FTC Consumer Advice - Consumer Alerts,"[""consumer_fraud""]","{""urls"": [], ""domains"": [], ""emails"": [], ""phones"": [], ""ip_addresses"": [], ""crypto_wallets"": []}",That random text offering you a job? It’s probably a scam,https://consumer.ftc.gov/consumer-alerts/2024/11/random-text-offering-you-job-its-probably-scam,"If you need a job, that text messaging offering a full- or part-time position you didn’t apply for might seem great. You might be thinking, why not check it out? Unfortunately, it’s likely a job scam. Here’s how the scam might work. You get a text out of the blue from someone who says they’re a recruiter for a company. It might even look like the text is from a company you know. Either way, you didn’t apply for a job with that company . But the text asks you to reply with some personal or financial information or click a link. That’s probably a scam designed to steal your money or identity . Don’t click any links or respond to the text. To avoid a job scam like this: Start your job search with sources you know are legit. Try visiting sites like your state’s job bank at Career OneStop . Don’t click on links or respond to unexpected texts. If you think the text could be legit, contact the company using a website or phone number you know is real — not the information in the text. Do some research. Search online for the name of the company and words like “review,” “scam,” or “complaint.” If you can’t find the company online, steer clear. Block unwanted texts. Scammers send texts designed to get your attention. Some phone settings and call-blocking apps let you block unwanted texts so you don’t hear from scammers in the first place. If you spot a text scam, tell the FTC at ReportFraud.ftc.gov and forward it to 7726 (SPAM), or use your phone’s report “junk” option to delete and report it. Image","If you need a job, that text messaging offering a full- or part-time position you didn’t apply for might seem great. You might be thinking, why not check it out? Unfortunately, it’s likely a job scam. Here’s how the scam might work. You get a text out of the blue from someone who says they’re a recruiter for a company. It might even look like the text is from a company you know. Either way, you didn’t apply for a job with that company . But the text asks you to reply with some personal or financial information or click a link. That’s probably a scam designed to steal your money or identity . Don’t click any links or respond to the text. To avoid a job scam like this: Start your job search with sources you know are legit. Try visiting sites like your state’s job bank at Career OneStop . Don’t click on links or respond to unexpected texts. If you think the text could be legit, contact the company using a website or phone number you know is real — not the information in the text. Do some ",1513
b8222e22d004ee,2024-12-02,2024,12,FTC Consumer Advice - Consumer Alerts,"[""consumer_fraud"", ""cybercrime""]","{""urls"": [], ""domains"": [], ""emails"": [], ""phones"": [], ""ip_addresses"": [], ""crypto_wallets"": []}",Scammers are delivering phishing messages this holiday season,https://consumer.ftc.gov/consumer-alerts/2024/12/scammers-are-delivering-phishing-messages-holiday-season,"During the holiday season, you might expect to get more deliveries. Some might even be surprise gifts. Scammers are counting on that when they send fake delivery notifications to you by email and text, hoping you’ll click. Here’s how to spot these scams. You get an email or text and it says you missed the delivery. Or it might say your item can’t be delivered because you need to update your street address or zip code. Sometimes these scammers create a sense of urgency by saying if you don’t respond right away, they'll return your package to the sender. The scammers say both of these issues can easily be fixed: just click on a link. Why do they want you to click that link? It’s a phishing scam . If you click, scammers could get information like your usernames and passwords for your online banking, email, or social media accounts. Scammers could then use those to steal your identity and open new accounts in your name. They might also install malware on your computer. To avoid fake shipping notification scams: Don’t click on links in messages about an unexpected delivery . If you get a message about an unexpected package delivery that tells you to click on a link for some reason, don’t click. Contact the shipping company directly to get more information . If you think the message might be legitimate, contact the shipping company using a phone number or website you know is real. Don’t use the information in the message. Check your order status . If you think the message could be about something you recently ordered, go to the site where you bought the item and look up the shipping and delivery status there. No matter the time of year, it always pays to protect your personal information. Check out these resources to help you weed out spam text messages , phishing emails , and unwanted calls . Image","During the holiday season, you might expect to get more deliveries. Some might even be surprise gifts. Scammers are counting on that when they send fake delivery notifications to you by email and text, hoping you’ll click. Here’s how to spot these scams. You get an email or text and it says you missed the delivery. Or it might say your item can’t be delivered because you need to update your street address or zip code. Sometimes these scammers create a sense of urgency by saying if you don’t respond right away, they'll return your package to the sender. The scammers say both of these issues can easily be fixed: just click on a link. Why do they want you to click that link? It’s a phishing scam . If you click, scammers could get information like your usernames and passwords for your online banking, email, or social media accounts. Scammers could then use those to steal your identity and open new accounts in your name. They might also install malware on your computer. To avoid fake shippi",1824
33d53a5088eb03,2024-11-26,2024,11,FTC Consumer Advice - Consumer Alerts,"[""other""]","{""urls"": [], ""domains"": [], ""emails"": [], ""phones"": [], ""ip_addresses"": [], ""crypto_wallets"": []}",How long will your smart device get software updates? It’s hard to know,https://consumer.ftc.gov/consumer-alerts/2024/11/how-long-will-your-smart-device-get-software-updates-its-hard-know,"Smart devices are everywhere. Devices track our health and fitness, control our lights and thermostats, and keep an eye on our homes and pets. We pay a premium for the smart features and functionality of these products. But what happens if the manufacturer stops updating the software that makes them “smart”? Manufacturers of smart products often push out free software updates with new features or bug fixes that can be critical for the product’s smart features to work as intended. As a consumer, knowing how long the manufacturer will update the product software could mean the difference between a product that you want and one you don’t care to have. But an FTC report revealed that many manufacturers don't make it easy to find that information . So, before you buy a smart product, consider if it’s worth the price. Search the product website or look on the manufacturer’s website for information about how long the manufacturer will update the software. If you can’t find it, contact the manufacturer by phone, email, or chat. Consider how the product will work if the manufacturer stops updating the software. For example, a smart light bulb might still work the old-fashioned way, by flipping the switch, but you won’t be able to control it remotely. But if your smart speaker can’t connect to your music streaming service, it’s not very useful. If the manufacturer does tell you when the software updates will end, find out whether the manufacturer offers a trade-in or recycling program for used electronics. Finally, if you buy, or already have, an internet-connected device, learn how to protect it from hackers . Image","Smart devices are everywhere. Devices track our health and fitness, control our lights and thermostats, and keep an eye on our homes and pets. We pay a premium for the smart features and functionality of these products. But what happens if the manufacturer stops updating the software that makes them “smart”? Manufacturers of smart products often push out free software updates with new features or bug fixes that can be critical for the product’s smart features to work as intended. As a consumer, knowing how long the manufacturer will update the product software could mean the difference between a product that you want and one you don’t care to have. But an FTC report revealed that many manufacturers don't make it easy to find that information . So, before you buy a smart product, consider if it’s worth the price. Search the product website or look on the manufacturer’s website for information about how long the manufacturer will update the software. If you can’t find it, contact the man",1634
6c8a21cef45b49,2024-11-26,2024,11,FTC Consumer Advice - Consumer Alerts,"[""consumer_fraud"", ""crypto_fraud""]","{""urls"": [], ""domains"": [], ""emails"": [], ""phones"": [], ""ip_addresses"": [], ""crypto_wallets"": []}","Give to a charity, not a scam",https://consumer.ftc.gov/consumer-alerts/2024/11/give-charity-not-scam,"There’s no shortage of good causes to donate to this holiday season. But before you give somewhere new, make sure you’re not donating to a scam. Scammers are pros at tricking people into donating. They’ll often even use names that sound a lot like other charities you’ve heard of to get your money. Here’s how to make sure your money is going to support the cause you care about: Don’t be rushed or pressured into giving, especially over the phone. If it’s a request to donate on social media, take the time to make sure the person who shared it with you knows the organization or person fundraising. Research the charity before you give. Search the name plus “complaint,” “review,” “rating,” or “scam.” Organizations like the Better Business Bureau's (BBB) Wise Giving Alliance , Charity Watch , or Candid also let you research charities. Don’t trust your caller ID. Technology makes it easy for scammers to fake caller ID information. Calls can look like they come from your local area code, or from a specific organization, even if they don’t. In reality, the caller could be anywhere in the world. Check out the charity’s website . Does it give you details about the programs you want to support or how it uses donations? How much of your donation will go directly to support the programs you care about? If you can’t find detailed information about a charity’s mission and programs, be suspicious. Pay attention to how you pay. If a charity asks you to pay with cryptocurrency, by wiring money through Western Union or MoneyGram, with a payment app, or with a gift card, it’s likely a scam. Donating by credit card or check is safer. Learn more about avoiding charity scams at ftc.gov/charity . Image Search Terms scam Scams Charity Scams","There’s no shortage of good causes to donate to this holiday season. But before you give somewhere new, make sure you’re not donating to a scam. Scammers are pros at tricking people into donating. They’ll often even use names that sound a lot like other charities you’ve heard of to get your money. Here’s how to make sure your money is going to support the cause you care about: Don’t be rushed or pressured into giving, especially over the phone. If it’s a request to donate on social media, take the time to make sure the person who shared it with you knows the organization or person fundraising. Research the charity before you give. Search the name plus “complaint,” “review,” “rating,” or “scam.” Organizations like the Better Business Bureau's (BBB) Wise Giving Alliance , Charity Watch , or Candid also let you research charities. Don’t trust your caller ID. Technology makes it easy for scammers to fake caller ID information. Calls can look like they come from your local area code, or fro",1743
30f4d7c8116db8,2024-11-25,2024,11,FTC Consumer Advice - Consumer Alerts,"[""consumer_fraud"", ""crypto_fraud""]","{""urls"": [], ""domains"": [], ""emails"": [], ""phones"": [], ""ip_addresses"": [], ""crypto_wallets"": []}",Don’t let scammers get in the way of your holiday shopping,https://consumer.ftc.gov/consumer-alerts/2024/11/dont-let-scammers-get-way-your-holiday-shopping,"As the holiday season approaches, it seems like there are more and more fake shopping sites. The ads on social media show expensive products like electric scooters, designer bags, and other popular toys and gifts at unbelievably low prices. Many of these bogus sites use photos and logos the scammers steal from legitimate businesses, but they won’t send you authentic products. If you’re wondering how to avoid these phony offers, there are a few ways to help you detect them. Unusually low prices are a sign of a scam. Don’t click on ads that advertise a product at a very low price when you know it’s usually a very expensive item. Clicking the link in the ad could take you to a scammy site that takes your money and sends you something that looks totally different from what was advertised…or send you nothing at all. To protect yourself while shopping online. Do some research. Especially before you buy from an unfamiliar seller, search online for the name of the seller plus words like “review,” “complaint,” or “scam.” See what others say about their experience with the seller. Check the terms of the sale. Look at the price, other charges, their refund policy, who pays for return shipping, and if there’s a restocking fee. Pay by credit card , whenever possible. Credit cards offer more protections, and give you the option to dispute charges if what you get isn’t what you ordered, or you get nothing at all. Never buy from online sellers who demand you pay with gift cards , wire transfers , payment apps , or cryptocurrency . Only scammers tell you to pay that way. Did you have a problem while shopping online ? First, contact the seller and try to work it out. If that doesn't work, contact the company you used to make the payment to dispute the charges. If they can’t help, tell the FTC at ReportFraud.ftc.gov . Image","As the holiday season approaches, it seems like there are more and more fake shopping sites. The ads on social media show expensive products like electric scooters, designer bags, and other popular toys and gifts at unbelievably low prices. Many of these bogus sites use photos and logos the scammers steal from legitimate businesses, but they won’t send you authentic products. If you’re wondering how to avoid these phony offers, there are a few ways to help you detect them. Unusually low prices are a sign of a scam. Don’t click on ads that advertise a product at a very low price when you know it’s usually a very expensive item. Clicking the link in the ad could take you to a scammy site that takes your money and sends you something that looks totally different from what was advertised…or send you nothing at all. To protect yourself while shopping online. Do some research. Especially before you buy from an unfamiliar seller, search online for the name of the seller plus words like “revie",1836
c4ecdb816705ab,2024-11-21,2024,11,FTC Consumer Advice - Consumer Alerts,"[""identity_fraud""]","{""urls"": [], ""domains"": [], ""emails"": [], ""phones"": [], ""ip_addresses"": [], ""crypto_wallets"": []}",Keep your personal information safe in the New Year,https://consumer.ftc.gov/consumer-alerts/2021/12/keep-your-personal-information-safe-new-year,"As 2021 winds down, lots of us are making resolutions for a fresh start in the New Year — maybe to exercise regularly, get our finances in order, or spend more time with friends. But your list isn’t complete until you add “update my security software” and “ protect my personal information ” to the mix. Scammers and hackers are always looking for new ways to steal your personal information online . Here are some steps you can take to help protect yourself and your information: Keep your security software, internet browser, and operating system up to date. Updating your software regularly helps make sure you have critical patches and protections against security threats. Create and use strong passwords. Making a password longer — 12 characters or more — is one of the easiest ways to increase its strength. Consider using a passphrase of random words so that your password is more memorable, but avoid using common words or phrases. Check out this password checklist , and don’t use the same password for different accounts. Use multi-factor authentication. Some accounts offer extra security by requiring two or more credentials to log in. You may have to give both a password and a passcode you get from an authentication app to log into your account. Multi-factor authentication makes it harder for scammers to log in to your accounts even if they manage to steal your username and password. Back up your data to protect it. Keep an extra copy of all your files with a secure cloud storage service, or save your files to an external storage device. That way, if something happens — say a virus , your device crashes, or you’re hacked — you still have your files. Protect your home network. Your devices, accounts, and whole network are only as secure as your router, since it’s the connecting point between your devices and the internet. Check out how to make your router more secure . By taking a few steps, you’ll be able to enjoy the feeling of accomplishment that comes with checking something off your list! Also, remember to report fraud, scams, or bad business practices to the FTC at ReportFraud.ftc.gov . And happy New Year from your friends at the FTC. Search Terms consumer privacy identity theft","As 2021 winds down, lots of us are making resolutions for a fresh start in the New Year — maybe to exercise regularly, get our finances in order, or spend more time with friends. But your list isn’t complete until you add “update my security software” and “ protect my personal information ” to the mix. Scammers and hackers are always looking for new ways to steal your personal information online . Here are some steps you can take to help protect yourself and your information: Keep your security software, internet browser, and operating system up to date. Updating your software regularly helps make sure you have critical patches and protections against security threats. Create and use strong passwords. Making a password longer — 12 characters or more — is one of the easiest ways to increase its strength. Consider using a passphrase of random words so that your password is more memorable, but avoid using common words or phrases. Check out this password checklist , and don’t use the same ",2218
a78246d0a16e17,2024-11-20,2024,11,FTC Consumer Advice - Consumer Alerts,"[""other""]","{""urls"": [], ""domains"": [], ""emails"": [], ""phones"": [], ""ip_addresses"": [], ""crypto_wallets"": []}",Calling a funeral home about prices and services,https://consumer.ftc.gov/consumer-alerts/2024/11/calling-funeral-home-about-prices-services,"Image Maybe you're pre-planning a funeral for yourself or a loved one and decide to get some pricing information by calling a few funeral providers. Or you need to make urgent arrangements for a loved one who passed away in another state. When you’re making funeral arrangements, you have a right to get funeral pricing information over the phone. A new FTC staff report about funeral providers’ practices revealed that it can often be hard to get clear and accurate price information over the phone. FTC staff made calls to funerals homes at all times of day. They were unable to get funeral price information by phone from some providers. For others, staff had to make several calls, especially after hours. When FTC staff did get price information by phone, some providers gave different prices for the same services on different calls. Others gave out estimated prices or price ranges, instead of specific prices. And some didn’t disclose required third-party fees or government fees unless asked. The Funeral Rule gives you the right to get accurate information over the phone. If you’re researching funeral costs by phone Ask the funeral provider what types of services they offer, how much these services cost and what’s included in the price. If they offer a package of goods and services, ask about itemized prices. They must let you buy only the services you want and need. Ask if there will be other costs. For example, fees to transport the body, get required permits or death certificates, or place obituary notices. If a funeral provider won’t give you accurate price information over the phone, try calling another provider. To learn more, check out Shopping for Funeral Services by Phone or Online . Search Terms Funeral","Image Maybe you're pre-planning a funeral for yourself or a loved one and decide to get some pricing information by calling a few funeral providers. Or you need to make urgent arrangements for a loved one who passed away in another state. When you’re making funeral arrangements, you have a right to get funeral pricing information over the phone. A new FTC staff report about funeral providers’ practices revealed that it can often be hard to get clear and accurate price information over the phone. FTC staff made calls to funerals homes at all times of day. They were unable to get funeral price information by phone from some providers. For others, staff had to make several calls, especially after hours. When FTC staff did get price information by phone, some providers gave different prices for the same services on different calls. Others gave out estimated prices or price ranges, instead of specific prices. And some didn’t disclose required third-party fees or government fees unless asked",1736
b3ab91d97eafd6,2024-11-19,2024,11,FTC Consumer Advice - Consumer Alerts,"[""consumer_fraud""]","{""urls"": [], ""domains"": [], ""emails"": [], ""phones"": [""(315) 523-6080""], ""ip_addresses"": [], ""crypto_wallets"": []}","Did you finance a purchase from Harris Jewelry? Act now, before it’s too late to claim your refund",https://consumer.ftc.gov/consumer-alerts/2024/11/did-you-finance-purchase-harris-jewelry-act-now-its-too-late-claim-your-refund,"If you’re a servicemember who signed up for an in-store financing plan through Harris Jewelry and paid for an add-on protection plan, listen up. The court reopened the Harris claims process . If you haven’t already applied for a refund or haven’t heard back from Harris yet, now’s the time to apply. Bottom line: Don’t wait. The FTC and eighteen states sued Harris Jewelry in 2022 over its financing and sales practices and the company agreed to refund servicemembers for add-on protection plans. If you purchased a Lifetime Jewelry or Watch Protection Plan, you can still get a full refund for it — but you’ll need to file for a refund right away. Here’s how: Go to Harris’s website at www.harrisjewelry.com . Click “Apply for a Refund” and enter your name and contact information. Filing anywhere else is a scam. Apply right away. The reopened refund site will only be active until Saturday, December 21, 2024. Don’t wait for an email from Harris Jewelry saying you’re eligible for a refund: time is short. For questions, contact the New York State Attorney General’s Office at (315) 523-6080. To learn more about the settlement, read the Federal Trade Commission’s press release . And if you encounter these or other deceptive practices, tell the FTC at ReportFraud.ftc.gov . Image","If you’re a servicemember who signed up for an in-store financing plan through Harris Jewelry and paid for an add-on protection plan, listen up. The court reopened the Harris claims process . If you haven’t already applied for a refund or haven’t heard back from Harris yet, now’s the time to apply. Bottom line: Don’t wait. The FTC and eighteen states sued Harris Jewelry in 2022 over its financing and sales practices and the company agreed to refund servicemembers for add-on protection plans. If you purchased a Lifetime Jewelry or Watch Protection Plan, you can still get a full refund for it — but you’ll need to file for a refund right away. Here’s how: Go to Harris’s website at www.harrisjewelry.com . Click “Apply for a Refund” and enter your name and contact information. Filing anywhere else is a scam. Apply right away. The reopened refund site will only be active until Saturday, December 21, 2024. Don’t wait for an email from Harris Jewelry saying you’re eligible for a refund: time i",1284
44ab392a8e207e,2024-11-18,2024,11,FTC Consumer Advice - Consumer Alerts,"[""consumer_fraud""]","{""urls"": [], ""domains"": [], ""emails"": [], ""phones"": [""1-800-633-4227""], ""ip_addresses"": [], ""crypto_wallets"": []}",Avoid scams during Medicare’s Open Enrollment Period,https://consumer.ftc.gov/consumer-alerts/2024/11/avoid-scams-during-medicares-open-enrollment-period,"Looking to make changes to your Medicare coverage? Now’s the time: Medicare’s Open Enrollment Period started October 15 and goes until December 7. But as you compare your coverage options, keep an eye out for scammers — they know about Open Enrollment, too. Scammers often pretend to be from Medicare, or connected to Medicare, to try to steal your money or personal information. They might contact you and say they need your Medicare, bank account, or credit card number for your “new” Medicare card. That’s a scam — Medicare sends its cards to you automatically for free . Scammers might also say they need your Medicare number for a “medical equipment claim” you don’t remember making. That’s a scam, too. They want to file fake claims using your Medicare number. Stay clear of these and other Medicare scams during Open Enrollment, and any other time: Don’t give personal information to someone who contacts you unexpectedly and claims to be from Medicare. Medicare will never unexpectedly call, email, text, or message you on social media to ask for your Medicare, Social Security, or bank account numbers. They also won’t try to sell you anything or tell you to pay for your Medicare card. That’s always a scam. Don’t trust your caller ID. Your caller ID might show Medicare’s name or phone number. But caller ID can be faked. It could be anyone calling from anywhere in the world. If you think a call might be real, hang up and call 1-800-MEDICARE (1-800-633-4227) to check. Report Medicare impersonators and other Medicare scams at 1-800-MEDICARE. For additional help to prevent, detect, and report potential Medicare fraud, errors, and abuse, reach out to your local Senior Medicare Patrol . Image","Looking to make changes to your Medicare coverage? Now’s the time: Medicare’s Open Enrollment Period started October 15 and goes until December 7. But as you compare your coverage options, keep an eye out for scammers — they know about Open Enrollment, too. Scammers often pretend to be from Medicare, or connected to Medicare, to try to steal your money or personal information. They might contact you and say they need your Medicare, bank account, or credit card number for your “new” Medicare card. That’s a scam — Medicare sends its cards to you automatically for free . Scammers might also say they need your Medicare number for a “medical equipment claim” you don’t remember making. That’s a scam, too. They want to file fake claims using your Medicare number. Stay clear of these and other Medicare scams during Open Enrollment, and any other time: Don’t give personal information to someone who contacts you unexpectedly and claims to be from Medicare. Medicare will never unexpectedly call, ",1706
5df1bee6cec775,2024-11-14,2024,11,FTC Consumer Advice - Consumer Alerts,"[""other""]","{""urls"": [], ""domains"": [], ""emails"": [], ""phones"": [], ""ip_addresses"": [], ""crypto_wallets"": []}",Helping kids navigate the online world: welcome to Youville,https://consumer.ftc.gov/consumer-alerts/2024/11/helping-kids-navigate-online-world-welcome-youville,"If the young people in your life spend lots of time online — watching videos, playing games and texting friends — do they have the skills to question and evaluate what they find there? The FTC’s new educational materials and classroom-based tools could help. Whether you’re an educator, parent, or youth group leader, head over to Youville and start exploring. Youville teaches kids ages 8-12 about privacy and online safety, understanding advertising, spotting scams, and digital citizenship. The free, standards-based, in-class educational program has fun activities to help you teach kids how to safely navigate the online world. Through twelve lessons, kids find out things like what information is personal, what to do if someone uses bullying language online, how to understand the advertising techniques that target them, and how to spot free offers that aren’t really free. Educators guide students on their learning adventures with activities all around Youville — in a skatepark, an aquarium, and a garden — helping save the Youbies from The Claud, a powerful energy that causes chaos. Reach out to the teachers, librarians, youth leaders, aftercare professionals, and any other educator in your life. Tell them about Youville’s free lesson plans, slides, activity sheets, posters, and bookmarks. In a time crunch? Each lesson stands alone, so you can pick and choose","If the young people in your life spend lots of time online — watching videos, playing games and texting friends — do they have the skills to question and evaluate what they find there? The FTC’s new educational materials and classroom-based tools could help. Whether you’re an educator, parent, or youth group leader, head over to Youville and start exploring. Youville teaches kids ages 8-12 about privacy and online safety, understanding advertising, spotting scams, and digital citizenship. The free, standards-based, in-class educational program has fun activities to help you teach kids how to safely navigate the online world. Through twelve lessons, kids find out things like what information is personal, what to do if someone uses bullying language online, how to understand the advertising techniques that target them, and how to spot free offers that aren’t really free. Educators guide students on their learning adventures with activities all around Youville — in a skatepark, an aquariu",1377
1734f0265e44a1,2024-11-12,2024,11,FTC Consumer Advice - Consumer Alerts,"[""other""]","{""urls"": [], ""domains"": [], ""emails"": [], ""phones"": [], ""ip_addresses"": [], ""crypto_wallets"": []}",Helping veterans and military families battle financial fatigue,https://consumer.ftc.gov/consumer-alerts/2024/11/helping-veterans-military-families-battle-financial-fatigue,"Despite the best of intentions and careful planning, you may find yourself facing a financial challenge when you least expect it. A furlough, layoff, illness, or emergency can crop up suddenly. Life can be full of surprises for veterans and military families, so, when faced with unexpected expenses or loss of income, what can you do to keep yourself afloat and your finances on track? Talk to your lenders and creditors to discuss options for your credit card balance, car payment, student loan, or your home loan. There are no guarantees your lenders can offer a solution but it’s worth asking. The longer you wait, the fewer options you’ll have. Consult a Personal Financial Manager . They can help you figure out options related to adjusting your budget (even temporarily), managing your credit and debt, and applying for emergency financial help. Use Military OneSource’s Military Installations directory or the Department of Defense Office of Financial Readiness’s directory of PFCs to find a financial manager or counselor near you. Can’t get to base? Check out other military financial counseling options. Get free, legitimate help. To access emergency funds, reach out to one of the military relief societies: Air Force Aid Society , Army Emergency Relief , Coast Guard Mutual Assistance , or Navy-Marine Corps Relief Society . Before you get a payday loan , cash advance loan, or a car title loan , explore whether you might have less expensive options, like a loan from a bank or credit union, or borrowing from family or friends. Know that the law protects military servicemembers and your dependents: the Military Annual Percentage Rate on payday loans and many types of consumer credit cannot be more than 36%. Check out DoD’s Office of Financial Readiness for other resources to help you navigate your finances, including Budgeting in Uncertain Times .","Despite the best of intentions and careful planning, you may find yourself facing a financial challenge when you least expect it. A furlough, layoff, illness, or emergency can crop up suddenly. Life can be full of surprises for veterans and military families, so, when faced with unexpected expenses or loss of income, what can you do to keep yourself afloat and your finances on track? Talk to your lenders and creditors to discuss options for your credit card balance, car payment, student loan, or your home loan. There are no guarantees your lenders can offer a solution but it’s worth asking. The longer you wait, the fewer options you’ll have. Consult a Personal Financial Manager . They can help you figure out options related to adjusting your budget (even temporarily), managing your credit and debt, and applying for emergency financial help. Use Military OneSource’s Military Installations directory or the Department of Defense Office of Financial Readiness’s directory of PFCs to find a ",1868
96e32ca631e6e4,2024-11-08,2024,11,FTC Consumer Advice - Consumer Alerts,"[""consumer_fraud"", ""crypto_fraud"", ""identity_fraud""]","{""urls"": [], ""domains"": [], ""emails"": [], ""phones"": [], ""ip_addresses"": [], ""crypto_wallets"": []}","For Veterans Day, share how you spot and avoid scams",https://consumer.ftc.gov/consumer-alerts/2024/11/veterans-day-share-how-you-spot-avoid-scams,"Every November, people put out social media posts to honor family and friends who’ve served in the military. But did you know that servicemembers and veterans reported losing more than $350 million to fraud last year? Chances are, fraud has happened to someone you know. This year, make sure your Veterans Day tribute includes ways to help veterans, servicemembers, and military families spot scammers. When you talk about scams you’re seeing, you help veterans spot and avoid them too. So, tell your neighbor if you’ve heard about scammers who call claiming to help veterans file for benefits — but they’re really trying to steal their personal information or military benefits. Let grandpa know about a scam call you got that sounded real and said there’s something supposedly wrong, like unauthorized charges, with your bank account. You knew it was a scam because the caller told you to withdraw cash and deposit it into a specific Bitcoin ATM to protect it (big red flag!), so help your family members spot that scam. Offer to help your newly enlisted cousin sign up for free active duty credit monitoring to restrict access to their credit report and protect against identity theft. Once the conversation gets going, let them know you’re there to help. Share advice and resources to help them spot scams — and to know what to do if they were scammed . Here are three resources to get you started: MilitaryConsumer.gov/blog gives you the latest on scams. Subscribe to get updates sent straight to your inbox. VSAFE.gov combines federal resources to help veterans learn about many different fraud types and how to handle them — from car-buying to housing to military and veteran benefits. The National Veterans Financial Resource Center (FINVET) knows that financial well-being is linked to better mental health. Check out their tools to protect your money . If you or someone you care about spots a scam, tell the FTC at ReportFraud.ftc.gov . Image","Every November, people put out social media posts to honor family and friends who’ve served in the military. But did you know that servicemembers and veterans reported losing more than $350 million to fraud last year? Chances are, fraud has happened to someone you know. This year, make sure your Veterans Day tribute includes ways to help veterans, servicemembers, and military families spot scammers. When you talk about scams you’re seeing, you help veterans spot and avoid them too. So, tell your neighbor if you’ve heard about scammers who call claiming to help veterans file for benefits — but they’re really trying to steal their personal information or military benefits. Let grandpa know about a scam call you got that sounded real and said there’s something supposedly wrong, like unauthorized charges, with your bank account. You knew it was a scam because the caller told you to withdraw cash and deposit it into a specific Bitcoin ATM to protect it (big red flag!), so help your family m",1953
501298c08247c4,2024-11-04,2024,11,FTC Consumer Advice - Consumer Alerts,"[""consumer_fraud"", ""crypto_fraud""]","{""urls"": [], ""domains"": [], ""emails"": [], ""phones"": [""1-800-318-2596""], ""ip_addresses"": [], ""crypto_wallets"": []}",Looking for Marketplace health insurance this open enrollment season? Avoid scammers.,https://consumer.ftc.gov/consumer-alerts/2024/11/looking-marketplace-health-insurance-open-enrollment-season-avoid-scammers,"Looking to get or switch your Marketplace health insurance during open enrollment (November 1, 2024 – January 15, 2025)? Don’t click on ads that say they offer free things like phones or cash cards for gas, groceries, or bills to those who enroll in a health insurance plan. They’re probably scams. The same goes for ads showing a famous person supposedly endorsing an insurance plan or services: That “person” might be a computer-made fake. Instead, use the official Health Insurance Marketplace to find plans you qualify for, get help signing up, or enroll in the plan you choose directly. To stay clear of scammy ads and get real help during open enrollment: Go to HealthCare.gov or call the Marketplace Call Center (1-800-318-2596) to compare and sign up for Marketplace plans. Find Local Help through Marketplace’s online directory. You can set up a time to talk in person, over the phone, or by email with Navigators who give free, unbiased help. You can also find and speak with licensed and registered agents and brokers. And when you’re looking for health insurance, protect your money and information: Don’t pay anyone who claims they’re from the Marketplace or government and demands cash, cryptocurrency, or your credit or debit card numbers so you can get or keep health coverage. Don’t reply if someone you don’t know contacts you about health insurance and asks for your Social Security number or other personal, financial, or health information. Report scammy healthcare ads to the FTC: ReportFraud.ftc.gov . Image This consumer alert was updated on Nov. 6, 2024 to direct scam reports to the FTC. Search Terms scam","Looking to get or switch your Marketplace health insurance during open enrollment (November 1, 2024 – January 15, 2025)? Don’t click on ads that say they offer free things like phones or cash cards for gas, groceries, or bills to those who enroll in a health insurance plan. They’re probably scams. The same goes for ads showing a famous person supposedly endorsing an insurance plan or services: That “person” might be a computer-made fake. Instead, use the official Health Insurance Marketplace to find plans you qualify for, get help signing up, or enroll in the plan you choose directly. To stay clear of scammy ads and get real help during open enrollment: Go to HealthCare.gov or call the Marketplace Call Center (1-800-318-2596) to compare and sign up for Marketplace plans. Find Local Help through Marketplace’s online directory. You can set up a time to talk in person, over the phone, or by email with Navigators who give free, unbiased help. You can also find and speak with licensed and r",1631
b151452c9b83b0,2024-11-01,2024,11,FTC Consumer Advice - Consumer Alerts,"[""consumer_fraud""]","{""urls"": [], ""domains"": [], ""emails"": [], ""phones"": [], ""ip_addresses"": [], ""crypto_wallets"": []}",How to spot scams that offer to lower your interest rate,https://consumer.ftc.gov/consumer-alerts/2024/11/how-spot-scams-offer-lower-your-interest-rate,"Mortgage interest rates may be on the way down, but scammers’ false promises are likely on the way up. If you’re looking to lower your mortgage payment — by refinancing your home or VA loan — learn about your options and how to avoid mortgage relief scams . Scammers will say just about anything to get you to trust them. Some scammers call or email claiming they’re from the Department of Veterans Affairs or your home loan servicer. They’ll promise to help you lower your mortgage payment — for an upfront fee or a retainer. But it’s illegal for a company to charge you before they help you with things like debt relief or improving your credit. And only scammers will tell you to cut off contact with your lender, housing counselor, or credit counselor. They might say they’ll handle any loan paperwork for you, but they’re just trying to steer you away from the real help you’re looking for. Want to avoid a mortgage relief scam? Slow down and check things out for yourself. Always start by contacting your mortgage servicer or lender first. They’ll know the current status of your loan and can help you explore options to lower your payment. Here are a few other places to get legitimate help : Department of Housing and Urban Development (HUD ). Your local HUD office or the housing authority in your state, city, or county can help you find a legitimate housing counseling agency nearby. Department of Veterans Affairs (the VA) . If you have a VA home loan, contact them directly to get the most accurate information about your loan terms and help you check for options to lower your payment — for free. Just make sure anyone helping you is accredited by the VA . Visit consumerfinance.gov/housing to get information from the Consumer Financial Protection Bureau (CFPB), HUD, and VA all in one place. If you spot a mortgage relief scam, report it to your state attorney general and the Federal Trade Commission at ReportFraud.ftc.gov . Image","Mortgage interest rates may be on the way down, but scammers’ false promises are likely on the way up. If you’re looking to lower your mortgage payment — by refinancing your home or VA loan — learn about your options and how to avoid mortgage relief scams . Scammers will say just about anything to get you to trust them. Some scammers call or email claiming they’re from the Department of Veterans Affairs or your home loan servicer. They’ll promise to help you lower your mortgage payment — for an upfront fee or a retainer. But it’s illegal for a company to charge you before they help you with things like debt relief or improving your credit. And only scammers will tell you to cut off contact with your lender, housing counselor, or credit counselor. They might say they’ll handle any loan paperwork for you, but they’re just trying to steer you away from the real help you’re looking for. Want to avoid a mortgage relief scam? Slow down and check things out for yourself. Always start by conta",1948
1cdbebf4c8030e,2024-10-29,2024,10,FTC Consumer Advice - Consumer Alerts,"[""consumer_fraud"", ""cybercrime"", ""identity_fraud""]","{""urls"": [], ""domains"": [], ""emails"": [], ""phones"": [], ""ip_addresses"": [], ""crypto_wallets"": []}",Email or social media hacked? Here’s what to do,https://consumer.ftc.gov/consumer-alerts/2024/10/email-or-social-media-hacked-heres-what-do,"Image Hackers target your email and social media accounts to steal your personal information. Like your username and password, bank or credit card account numbers, or Social Security number. If they get it, they use it to commit identity theft , spread malware, or scam other people. So, what are signs that someone hacked your account, and how can you recover a stolen account? Here are some things that might tip you off to a problem: You get a notification that your email address or phone number changed. Or that your password was reset. But you didn’t make those changes. You get a message that someone tried to log in, or did log in, and it wasn’t you. You can’t log in to your account. If you can’t log in to your account, follow the provider’s account recovery instructions. Here are links to some of them. Facebook Google Instagram LinkedIn Microsoft Pinterest Reddit Snapchat TikTok WhatsApp X Yahoo YouTube If you get a notification about activity you don’t recognize, and you can log in, here’s what to do: Change your account password. Create a unique and strong password that is hard to guess. Aim for 12 to 15 characters. Or use a passphrase — a series of words separated by spaces. Then sign out of that account on all devices. That way anyone who’s logged in to your account on another device will get kicked out. Secure your account. If the account offers two-factor authentication (2FA), turn it on to add an extra layer of security. That way, a hacker with your password can’t log in to your account without a second authentication factor. Like a verification code you get by text or email, or from an authenticator app. Update your account recovery information. Account recovery information helps you get back into your account if you're locked out, forgot your password, or if someone else is using it. Check your account recovery information and make sure the email address and phone number listed are correct. Check for signs that someone had access to your account. Check if there are auto-forwarding rules in your email account that you didn’t set up. Hackers might create these rules to forward your emails to another address. Check your social media for messages the hacker posted or sent, or for new friends you don’t recognize. If you believe someone stole your personal information, go to IdentityTheft.gov to report it and get a personalized recovery plan. For more advice on how to protect your money and devices from scammers, check out Five ways to keep scammers and hackers away Three ways to protect the personal info on your phone Three ways scammers try to steal your money Search Terms hacker email social media","Image Hackers target your email and social media accounts to steal your personal information. Like your username and password, bank or credit card account numbers, or Social Security number. If they get it, they use it to commit identity theft , spread malware, or scam other people. So, what are signs that someone hacked your account, and how can you recover a stolen account? Here are some things that might tip you off to a problem: You get a notification that your email address or phone number changed. Or that your password was reset. But you didn’t make those changes. You get a message that someone tried to log in, or did log in, and it wasn’t you. You can’t log in to your account. If you can’t log in to your account, follow the provider’s account recovery instructions. Here are links to some of them. Facebook Google Instagram LinkedIn Microsoft Pinterest Reddit Snapchat TikTok WhatsApp X Yahoo YouTube If you get a notification about activity you don’t recognize, and you can log in, ",2651
2507b0e0335c31,2024-10-25,2024,10,FTC Consumer Advice - Consumer Alerts,"[""consumer_fraud"", ""crypto_fraud"", ""identity_fraud""]","{""urls"": [], ""domains"": [], ""emails"": [], ""phones"": [], ""ip_addresses"": [], ""crypto_wallets"": []}",Three ways scammers try to steal your money,https://consumer.ftc.gov/consumer-alerts/2024/10/three-ways-scammers-try-steal-your-money,"Image We recently shared advice to help you safeguard the personal information in your accounts , on your computer, and on your phone to protect it from identity theft. But scammers aren’t just after your data. They want your hard-earned cash, too. Here are some common scams to watch out for. Fake Fraud Alerts Scammers pretend to be your bank and companies you might know and send messages about a supposedly suspicious transaction. If you reply, they call you and tell an elaborate story about fraud using your identity . They promise to help but instead drain your account. What to do: Don’t click on a link in an unexpected message. If you think the message might be legitimate, contact the company through their official app, website, chat, or customer service phone number. Don’t call back the number that called you or a number someone left in a voicemail or text message. Fake Investment Opportunities Scammers reach out to people through social media with “special” opportunities to invest in cryptocurrency. They guarantee big returns with little or no risk. If you take the bait, they direct you to a spoofed site where you think you’re investing. But you’re not. It’s a fake site. After they’ve gotten as much as they think they can get from you, they shut down the bogus website and disappear with your money. What to do: Don’t believe anyone who guarantees you can earn a lot of money on an investment with little or no risk . All investments have risks so research the opportunity before you invest. Fake Invoices Scammers send you a bogus email about renewing a subscription or membership you never signed up for. For example, they might pretend to be from Geek Squad , Best Buy’s tech support service. The email says they’ll charge you hundreds of dollars to renew your membership unless you call to cancel within 24 hours. If you call (which you should not do) the scammers ask for remote access to your computer, install spyware, and drain money from your bank account. What to do: If you think the message might be legitimate, contact the company through their official app, website, chat, or customer service phone number. If you see a scam like these, or any other scam, report it to the FTC at ReportFraud.ftc.gov . For more advice on how to protect your money and devices from scammers, check out Five ways to keep scammers and hackers away Three ways to protect the personal info on your phone Email or social media hacked? Here’s what to do Search Terms scam","Image We recently shared advice to help you safeguard the personal information in your accounts , on your computer, and on your phone to protect it from identity theft. But scammers aren’t just after your data. They want your hard-earned cash, too. Here are some common scams to watch out for. Fake Fraud Alerts Scammers pretend to be your bank and companies you might know and send messages about a supposedly suspicious transaction. If you reply, they call you and tell an elaborate story about fraud using your identity . They promise to help but instead drain your account. What to do: Don’t click on a link in an unexpected message. If you think the message might be legitimate, contact the company through their official app, website, chat, or customer service phone number. Don’t call back the number that called you or a number someone left in a voicemail or text message. Fake Investment Opportunities Scammers reach out to people through social media with “special” opportunities to invest ",2485
9af8e7ea3883f7,2024-10-23,2024,10,FTC Consumer Advice - Consumer Alerts,"[""consumer_fraud"", ""cybercrime""]","{""urls"": [], ""domains"": [], ""emails"": [], ""phones"": [], ""ip_addresses"": [], ""crypto_wallets"": []}",How to avoid TSA PreCheck scams,https://consumer.ftc.gov/consumer-alerts/2024/10/how-avoid-tsa-precheck-scams,"No one likes waiting in airport security lines. To speed things up, some people opt to get TSA PreCheck. Scammers know this and send emails that look like they're from TSA PreCheck — but they’re not. The emails want you to click a link that takes you to a scam website that only looks like the official site — but it’s not. If you pay to “enroll” or “renew” your TSA PreCheck, you may not even realize you’ve paid a scammer until you get to the airport for your next trip. But there are ways to spot these scams. If you’re applying for TSA PreCheck for the first time, you don’t pay the application fee online. To get PreCheck, you complete the application and pay in person at a TSA enrollment center . Again: you don’t pay online. Only a scammer will ask you to pay online to enroll. If you already have TSA PreCheck, you can renew and pay in person or take care of both online. The real TSA even sends renewal reminder emails out. But to avoid a scam, start your renewal at tsa.gov/precheck instead of clicking a link. A scammer’s link will take you to a scam site that looks real, but if you pay and give your information, the scammer will steal it. To avoid scammers impersonating TSA PreCheck: Don't click links in unexpected emails or text messages , no matter how real they look. Don’t be rushed. If someone insists that you to pay right away, chances are that’s a scammer. Start at tsa.gov/precheck . Typing in that URL yourself is the best way to avoid the scam. And remember that all TSA PreCheck sites are .gov sites, not a .com. Tell the FTC at ReportFraud.ftc.gov if you think you spotted this scam. And learn how to recognize phishing scams to keep scammers from stealing your money or identity. Image Search Terms imposter email Scams Government Impersonators","No one likes waiting in airport security lines. To speed things up, some people opt to get TSA PreCheck. Scammers know this and send emails that look like they're from TSA PreCheck — but they’re not. The emails want you to click a link that takes you to a scam website that only looks like the official site — but it’s not. If you pay to “enroll” or “renew” your TSA PreCheck, you may not even realize you’ve paid a scammer until you get to the airport for your next trip. But there are ways to spot these scams. If you’re applying for TSA PreCheck for the first time, you don’t pay the application fee online. To get PreCheck, you complete the application and pay in person at a TSA enrollment center . Again: you don’t pay online. Only a scammer will ask you to pay online to enroll. If you already have TSA PreCheck, you can renew and pay in person or take care of both online. The real TSA even sends renewal reminder emails out. But to avoid a scam, start your renewal at tsa.gov/precheck instea",1775
34e91158d255d9,2024-10-21,2024,10,FTC Consumer Advice - Consumer Alerts,"[""consumer_fraud""]","{""urls"": [], ""domains"": [], ""emails"": [], ""phones"": [], ""ip_addresses"": [], ""crypto_wallets"": []}",Help your library patrons avoid scams,https://consumer.ftc.gov/consumer-alerts/2024/10/help-your-library-patrons-avoid-scams,"If you’re one of the resourceful, dedicated librarians who uses FTC materials to help your patrons spot, avoid, and report scams, thank you! We’ve heard your feedback and we’re hoping to make it even easier for you to find, use, and share our resources with our updated website: ftc.gov/libraries . Here’s a sneak peek of what’s new: Reference Materials : Quick links to answer your patrons’ frequently asked questions, like “Where can I get a free credit report?” or “Is this a scam?” Webinars : Come check out a webinar featuring FTC experts sharing real-world examples of how scams work and answering your questions, along with resources and ideas for how to incorporate content into your programs. Here are some that are coming up: October 23, 2024 at 12pm ET/11am CT/9am PT – How to Help Your Patrons Avoid Holiday Scams December 5, 2024 at 2pm ET/1pm CT/11am PT – How To Bring National Consumer Protection Week to Your Library Office Hours : We’re offering “Ask an FTC Staffer” office hours at regular intervals. Got questions about a consumer protection topic or want to brainstorm about programming? Drop in for just a few minutes, or the whole hour – whatever works best for you. Here’s when you can find us online: November 7, 2024 at 2pm ET/1pm CT/12pm PT January 7, 2025 at 2pm ET/1pm CT/11am PT Outreach and Programming Ideas Guide : Want to incorporate information on spotting and avoiding scams into your work? We’ve got resources for that. Videos and Social Media Shareables : Short videos and engaging graphics for you to share on social media or in your lobby. The website will be updated regularly with new events and updated resources, so please bookmark it today!","If you’re one of the resourceful, dedicated librarians who uses FTC materials to help your patrons spot, avoid, and report scams, thank you! We’ve heard your feedback and we’re hoping to make it even easier for you to find, use, and share our resources with our updated website: ftc.gov/libraries . Here’s a sneak peek of what’s new: Reference Materials : Quick links to answer your patrons’ frequently asked questions, like “Where can I get a free credit report?” or “Is this a scam?” Webinars : Come check out a webinar featuring FTC experts sharing real-world examples of how scams work and answering your questions, along with resources and ideas for how to incorporate content into your programs. Here are some that are coming up: October 23, 2024 at 12pm ET/11am CT/9am PT – How to Help Your Patrons Avoid Holiday Scams December 5, 2024 at 2pm ET/1pm CT/11am PT – How To Bring National Consumer Protection Week to Your Library Office Hours : We’re offering “Ask an FTC Staffer” office hours at ",1684
ee3e8c7cf4e9d2,2024-10-18,2024,10,FTC Consumer Advice - Consumer Alerts,"[""consumer_fraud""]","{""urls"": [], ""domains"": [], ""emails"": [], ""phones"": [], ""ip_addresses"": [], ""crypto_wallets"": []}",New FTC report to Congress on scams and older adults,https://consumer.ftc.gov/consumer-alerts/2024/10/new-ftc-report-congress-scams-older-adults,"Every year, the FTC reports to Congress on the agency’s recent efforts to protect older adults. Check out this year’s report for new scam and fraud trends, FTC cases and rulemakings that impacted older adults, and updates on Pass It On and other outreach programs. What else is new? This year’s report also highlights work from the Scams Against Older Adults Advisory Group, which the FTC formed in 2022 as part of the Stop Senior Scams Act. Over the past two years, the Advisory Group’s four committees — focused on industry training, research, education and outreach, and technology — have met regularly to discuss ways to better identify and stop scams that affect older adults. Committee members , including dozens of government agencies, consumer advocates, and industry representatives, collaborated on a number of different tools. You can find these all at ftc.gov/olderadults : The Industry Training Committee created a set of principles for effective employee training about scams, including examples that can be adapted for different sectors and business settings. The Scam Prevention Research Committee reviewed the research landscape on scam prevention messaging and shared their own takeaways and recommendations for much needed future research. The Consumer Education and Outreach Committee collaborated on a set of principles to guide any organization, of any size, in communicating with older adults and other target audiences. The Technology and New Methods Committee is exploring how technological tools might be used to disrupt scams , and the importance of sharing information about best practices. For more, check out the report or go to ftc.gov/olderadults . And — as always — if you spot a fraud or scam, tell the FTC: ReportFraud.ftc.gov. Image","Every year, the FTC reports to Congress on the agency’s recent efforts to protect older adults. Check out this year’s report for new scam and fraud trends, FTC cases and rulemakings that impacted older adults, and updates on Pass It On and other outreach programs. What else is new? This year’s report also highlights work from the Scams Against Older Adults Advisory Group, which the FTC formed in 2022 as part of the Stop Senior Scams Act. Over the past two years, the Advisory Group’s four committees — focused on industry training, research, education and outreach, and technology — have met regularly to discuss ways to better identify and stop scams that affect older adults. Committee members , including dozens of government agencies, consumer advocates, and industry representatives, collaborated on a number of different tools. You can find these all at ftc.gov/olderadults : The Industry Training Committee created a set of principles for effective employee training about scams, including",1768
9fc5ecbedaa7f5,2024-10-15,2024,10,FTC Consumer Advice - Consumer Alerts,"[""other""]","{""urls"": [], ""domains"": [], ""emails"": [], ""phones"": [], ""ip_addresses"": [], ""crypto_wallets"": []}",The case of the shrinking packaging,https://consumer.ftc.gov/consumer-alerts/2024/10/case-shrinking-packaging,"If you’ve been grocery shopping lately, you might have noticed that the box, can, or bag you usually buy might feel a little lighter. Sure, sometimes brands repackage and freshen their designs — but sometimes everything is exactly as it was. Just maybe a little smaller with less inside. Unless you have old packaging to compare to, it can be hard to know there’s been a change. Brands rarely advertise that they’re giving you less, especially if the price stayed the same (or went up). Some shoppers might feel the size or weight differences when they lift the familiar-looking packaging. Others remember that their recipe asked for a 15-ounce can…but now that can has 14.5 ounces, instead. All packaging has to tell you how much you’re getting for your money, but it’s the unit price — usually posted on the shelf — that tells you what you’re paying per ounce, pound, or count. The unit price is one way to comparison shop on the price of things now and vote with your wallet if your usual brand feels, suddenly, very expensive. The Food and Drug Administration also says that labels on most food packages have to give you the serving size, which can be another clue that something has changed. Are there fewer servings in the container, or is the serving size smaller? If that familiar container now has a change to its servings, chances are there’s less inside. Besides hitting your wallet, shrinking packaging can increase the frustration factor for many, particularly as Fall leads to a season of cooking, baking, and hosting family and friends. When you’re standing in a crowded grocery store aisle the night before a holiday or gathering, it’s hard to trust your family’s old recipe that calls for a can, bag, or box of something. Combining some up-front investigation of required recipe ingredient amounts with some unit price sleuthing can help protect your wallet…and your blood pressure.","If you’ve been grocery shopping lately, you might have noticed that the box, can, or bag you usually buy might feel a little lighter. Sure, sometimes brands repackage and freshen their designs — but sometimes everything is exactly as it was. Just maybe a little smaller with less inside. Unless you have old packaging to compare to, it can be hard to know there’s been a change. Brands rarely advertise that they’re giving you less, especially if the price stayed the same (or went up). Some shoppers might feel the size or weight differences when they lift the familiar-looking packaging. Others remember that their recipe asked for a 15-ounce can…but now that can has 14.5 ounces, instead. All packaging has to tell you how much you’re getting for your money, but it’s the unit price — usually posted on the shelf — that tells you what you’re paying per ounce, pound, or count. The unit price is one way to comparison shop on the price of things now and vote with your wallet if your usual brand fe",1899
a9b75a95edb81e,2024-10-11,2024,10,FTC Consumer Advice - Consumer Alerts,"[""crypto_fraud""]","{""urls"": [], ""domains"": [], ""emails"": [], ""phones"": [], ""ip_addresses"": [], ""crypto_wallets"": []}",After a disaster make your donations count,https://consumer.ftc.gov/consumer-alerts/2024/10/after-disaster-make-your-donations-count,"Many communities are experiencing devastating losses from recent hurricanes, and no one knows how long it will take to recover. Maybe you’re considering donating to help people in those communities. But how can you avoid charity scams and make sure your donations go to the people who need them and not to a scammer? Here’s how to avoid charity scams: Donate to charities you know and trust with a proven track record dealing with disasters. Research the organization yourself — especially if the donation request comes on social media. Check out the charity on the Better Business Bureau's (BBB) Wise Giving Alliance , or Charity Watch . If the message was from a friend, ask them if they know the organization themselves. Find out exactly how much of your donation will go directly to the people the charity says it helps. Don’t donate to anyone who insists you must pay by cash, gift card, wiring money, or cryptocurrency . That’s how scammers tell you to pay. If you decide to donate, pay by credit card, which gives you more protections. Be cautious about giving to individuals on crowdfunding sites . The safest way to donate is giving to someone whose needs you trust and can check out. Check out the platform’s policies — does it take measures to verify postings asking for help after a disaster? Also, know that donating via crowdfunding is not tax deductible. Confirm the number before you text to donate. If you’re asked to donate by text, call the number on the charity’s website and confirm the number to donate by text is correct. To learn more about how to donate safely, go to ftc.gov/charity . For advice to help you prepare for, deal with, and recover from severe weather and the scams that follow, check out ftc.gov/weatheremergencies . Image","Many communities are experiencing devastating losses from recent hurricanes, and no one knows how long it will take to recover. Maybe you’re considering donating to help people in those communities. But how can you avoid charity scams and make sure your donations go to the people who need them and not to a scammer? Here’s how to avoid charity scams: Donate to charities you know and trust with a proven track record dealing with disasters. Research the organization yourself — especially if the donation request comes on social media. Check out the charity on the Better Business Bureau's (BBB) Wise Giving Alliance , or Charity Watch . If the message was from a friend, ask them if they know the organization themselves. Find out exactly how much of your donation will go directly to the people the charity says it helps. Don’t donate to anyone who insists you must pay by cash, gift card, wiring money, or cryptocurrency . That’s how scammers tell you to pay. If you decide to donate, pay by cred",1761
